日期,股票代码,开盘,收盘,最高,最低,成交量,成交额,振幅,涨跌幅,涨跌额,换手率
2007-11-20,002186,15.58,18.32,19.17,14.48,250772,955723388.08,163.41,538.33,15.45,87.07
2007-11-21,002186,17.27,20.44,20.44,16.58,165875,695711713.19,21.07,11.57,2.12,57.6
2007-11-22,002186,19.12,19.27,21.41,18.68,121958,557752869.63,13.36,-5.72,-1.17,42.35
2007-11-23,002186,19.18,17.17,19.67,17.06,72433,305213870.15,13.54,-10.9,-2.1,25.15
2007-11-26,002186,17.42,17.22,18.16,16.69,49403,199878114.24,8.56,0.29,0.05,17.15
2007-11-27,002186,16.72,15.58,17.02,15.43,49769,187692014.88,9.23,-9.52,-1.64,17.28
2007-11-28,002186,15.61,14.67,15.96,14.59,30449,109631108.72,8.79,-5.84,-0.91,10.57
2007-11-29,002186,15.15,15.28,16.16,14.77,46060,168421576.76,9.48,4.16,0.61,15.99
2007-11-30,002186,15.17,15.65,15.87,14.96,28547,104135624.18,5.96,2.42,0.37,9.91
2007-12-03,002186,15.52,15.84,16.33,15.1,22318,83218651.25,7.86,1.21,0.19,7.75
2007-12-04,002186,15.83,15.65,16.27,15.47,15312,57058516.95,5.05,-1.2,-0.19,5.32
2007-12-05,002186,15.5,16.29,16.5,15.32,25987,98173056.83,7.54,4.09,0.64,9.02
2007-12-06,002186,16.18,16.51,16.86,16.18,18340,71253370.3,4.17,1.35,0.22,6.37
2007-12-07,002186,16.61,16.62,16.8,16.36,14676,56924700.86,2.67,0.67,0.11,5.1
2007-12-10,002186,16.27,18.57,18.57,16.27,30827,127531459.81,13.84,11.73,1.95,10.7
2007-12-11,002186,19.07,20.71,20.71,19.07,59058,272979364.47,8.83,11.52,2.14,20.51
2007-12-17,002186,22.1,23.06,23.06,20.71,52062,261477728.18,11.35,11.35,2.35,18.08
2007-12-18,002186,22.66,21.56,23.06,20.87,30861,153188886.25,9.5,-6.5,-1.5,10.72
2007-12-19,002186,21.62,24.0,24.0,21.56,28007,145500638.82,11.32,11.32,2.44,9.72
2007-12-28,002186,24.61,26.69,26.69,24.03,42129,246150947.26,11.08,11.21,2.69,14.63
2008-01-02,002186,28.67,29.64,29.64,27.88,11029,70880301.89,6.59,11.05,2.95,3.83
2008-01-03,002186,32.88,32.88,32.88,32.17,13703,97715079.23,2.4,10.93,3.24,4.76
2008-01-04,002186,36.12,36.45,36.45,31.19,74521,564963382.29,16.0,10.86,3.57,25.88
2008-01-07,002186,32.52,32.89,35.42,32.52,58995,430706346.5,7.96,-9.77,-3.56,20.48
2008-01-08,002186,31.92,34.24,36.06,29.34,82709,566134933.13,20.43,4.1,1.35,28.72
2008-01-09,002186,32.2,32.12,33.18,31.42,42010,295915456.24,5.14,-6.19,-2.12,14.59
2008-01-10,002186,31.43,31.23,32.66,30.91,29937,205587623.99,5.45,-2.77,-0.89,10.39
2008-01-11,002186,30.87,29.47,31.07,29.42,31043,203157890.73,5.28,-5.64,-1.76,10.78
2008-01-14,002186,28.5,30.07,31.06,28.27,32174,210700713.96,9.47,2.04,0.6,11.17
2008-01-15,002186,29.67,29.15,30.01,28.84,21330,137196930.2,3.89,-3.06,-0.92,7.41
2008-01-16,002186,29.07,30.42,31.67,28.46,37637,251071499.29,11.01,4.36,1.27,13.07
2008-01-17,002186,29.95,29.57,30.67,28.67,20702,134368383.3,6.57,-2.79,-0.85,7.19
2008-01-21,002186,29.91,30.42,31.87,29.67,24218,163353798.39,7.44,2.87,0.85,8.41
2008-01-22,002186,29.92,27.1,29.92,27.1,22464,138484855.56,9.27,-10.91,-3.32,7.8
2008-01-23,002186,26.67,27.61,28.51,25.0,27392,162778856.76,12.95,1.88,0.51,9.51
2008-01-24,002186,27.92,27.27,28.42,26.17,20056,121352755.86,8.15,-1.23,-0.34,6.96
2008-01-25,002186,26.67,26.52,27.5,26.23,15601,91857522.16,4.66,-2.75,-0.75,5.42
2008-01-28,002186,26.16,23.58,26.17,23.58,21212,114909000.29,9.77,-11.09,-2.94,7.37
2008-01-29,002186,23.19,23.85,24.67,22.27,16212,85342421.23,10.18,1.15,0.27,5.63
2008-01-30,002186,23.72,23.07,24.62,22.67,13124,69262350.06,8.18,-3.27,-0.78,4.56
2008-01-31,002186,23.06,25.66,25.66,22.87,34524,193249779.18,12.09,11.23,2.59,11.99
2008-02-01,002186,24.9,27.58,28.01,24.67,45954,273857419.73,13.02,7.48,1.92,15.96
2008-02-04,002186,28.42,29.43,30.21,28.17,29775,190557650.97,7.4,6.71,1.85,10.34
2008-02-05,002186,29.07,29.16,30.17,27.77,23388,149204958.33,8.15,-0.92,-0.27,8.12
2008-02-13,002186,28.67,26.77,29.15,26.72,17836,109344218.11,8.33,-8.2,-2.39,6.19
2008-02-14,002186,26.67,27.03,27.67,26.52,10841,64682220.4,4.3,0.97,0.26,3.76
2008-02-15,002186,26.68,25.7,26.69,24.92,18956,107570716.63,6.55,-4.92,-1.33,6.58
2008-02-18,002186,25.71,26.29,26.97,25.71,12317,72091773.71,4.9,2.3,0.59,4.28
2008-02-19,002186,26.3,28.4,29.17,25.92,26108,160947656.14,12.36,8.03,2.11,9.07
2008-02-20,002186,27.17,27.45,28.17,26.67,49050,293939535.34,5.28,-3.35,-0.95,13.62
2008-02-21,002186,26.73,26.32,27.36,26.07,22695,133203930.68,4.7,-4.12,-1.13,6.3
2008-02-22,002186,25.96,25.82,27.1,25.5,19004,110424027.1,6.08,-1.9,-0.5,5.28
2008-02-25,002186,26.12,23.98,26.12,23.82,19741,108544831.93,8.91,-7.13,-1.84,5.48
2008-02-26,002186,24.38,24.67,25.17,23.42,15041,81249188.24,7.3,2.88,0.69,4.18
2008-02-27,002186,24.67,24.92,25.17,24.42,10309,57130785.26,3.04,1.01,0.25,2.86
2008-02-28,002186,25.17,24.42,25.32,24.1,10267,56305312.5,4.9,-2.01,-0.5,2.85
2008-02-29,002186,24.27,25.9,26.5,24.17,21108,120825047.17,9.54,6.06,1.48,5.86
2008-03-03,002186,25.37,26.43,26.93,25.25,15857,92962458.66,6.49,2.05,0.53,4.4
2008-03-04,002186,26.49,25.72,26.92,25.58,16335,94508736.86,5.07,-2.69,-0.71,4.54
2008-03-05,002186,25.52,25.02,25.86,24.32,14278,79270064.97,5.99,-2.72,-0.7,3.97
2008-03-06,002186,24.91,26.34,27.17,24.42,19984,115764332.97,10.99,5.28,1.32,5.55
2008-03-07,002186,25.75,25.46,26.41,25.31,10222,58407853.25,4.18,-3.34,-0.88,2.84
2008-03-10,002186,25.67,25.52,26.64,24.89,11564,66334619.4,6.87,0.24,0.06,3.21
2008-03-11,002186,25.4,26.7,26.88,25.11,20820,121611373.02,6.94,4.62,1.18,5.78
2008-03-12,002186,27.17,25.62,27.17,25.62,14173,82470293.5,5.81,-4.04,-1.08,3.94
2008-03-13,002186,24.97,24.17,25.37,23.54,18728,102137588.1,7.14,-5.66,-1.45,5.2
2008-03-14,002186,23.98,23.93,24.72,23.55,7911,42446210.74,4.84,-0.99,-0.24,2.2
2008-03-17,002186,23.67,21.26,23.67,21.26,19800,98581038.9,10.07,-11.16,-2.67,5.5
2008-03-18,002186,20.23,18.85,21.22,18.85,16703,75209469.25,11.15,-11.34,-2.41,4.64
2008-03-19,002186,19.67,20.16,20.82,18.9,16444,74851341.5,10.19,6.95,1.31,4.57
2008-03-20,002186,19.42,22.42,22.42,18.61,29845,142675240.45,18.9,11.21,2.26,8.29
2008-03-21,002186,21.92,22.67,24.11,21.92,29414,153337509.39,9.77,1.12,0.25,8.17
2008-03-24,002186,22.97,21.92,23.55,21.92,15924,81345137.52,7.19,-3.31,-0.75,4.42
2008-03-25,002186,21.65,22.2,22.61,20.97,11155,54926776.41,7.48,1.28,0.28,3.1
2008-03-26,002186,22.21,21.82,22.91,21.55,7234,36224209.5,6.13,-1.71,-0.38,2.01
2008-03-27,002186,21.22,20.07,21.41,20.06,12624,59222428.42,6.19,-8.02,-1.75,3.51
2008-03-28,002186,19.67,21.02,21.17,19.35,14709,68631562.92,9.07,4.73,0.95,4.09
2008-03-31,002186,20.47,20.98,21.67,20.17,13052,62367514.01,7.14,-0.19,-0.04,3.63
2008-04-01,002186,20.1,18.6,20.17,18.6,17058,74360187.26,7.48,-11.34,-2.38,4.74
2008-04-02,002186,18.67,16.62,19.15,16.46,20206,80777709.32,14.46,-10.65,-1.98,5.61
2008-04-03,002186,16.37,16.67,17.3,15.42,16976,65291513.1,11.31,0.3,0.05,4.72
2008-04-07,002186,16.42,17.87,17.92,15.78,15502,62610001.05,12.84,7.2,1.2,4.31
2008-04-08,002186,17.99,18.82,19.57,17.42,21569,92088895.93,12.03,5.32,0.95,5.99
2008-04-09,002186,18.6,17.09,18.88,16.79,15733,65459373.38,11.11,-9.19,-1.73,4.37
2008-04-10,002186,16.67,17.38,17.61,16.57,9851,39256376.68,6.09,1.7,0.29,2.74
2008-04-11,002186,17.51,18.08,18.72,17.51,11678,49202380.78,6.96,4.03,0.7,3.24
2008-04-14,002186,16.17,16.02,17.12,15.99,16684,64408901.44,6.25,-11.39,-2.06,4.63
2008-04-15,002186,16.06,16.9,16.9,15.67,10429,40236813.9,7.68,5.49,0.88,2.9
2008-04-16,002186,16.9,16.41,17.14,16.27,7595,29656438.2,5.15,-2.9,-0.49,2.11
2008-04-17,002186,16.27,16.22,16.89,15.91,7406,28217521.59,5.97,-1.16,-0.19,2.06
2008-04-18,002186,16.15,15.22,16.15,15.17,7741,28471862.21,6.04,-6.17,-1.0,2.15
2008-04-21,002186,16.67,15.65,16.77,15.47,11777,44448188.47,8.54,2.83,0.43,3.27
2008-04-22,002186,15.47,15.16,15.47,14.43,8917,31673198.8,6.65,-3.13,-0.49,2.48
2008-04-23,002186,14.96,15.92,16.2,14.82,11126,41109553.43,9.1,5.01,0.76,3.09
2008-04-24,002186,17.67,17.8,17.8,16.9,28562,116028020.17,5.65,11.81,1.88,7.93
2008-04-25,002186,18.17,18.02,18.85,17.25,24073,101739732.07,8.99,1.24,0.22,6.69
2008-04-28,002186,17.29,18.6,19.17,17.28,20175,86435025.84,10.49,3.22,0.58,5.6
2008-04-29,002186,18.45,18.67,18.87,18.01,13703,58399371.79,4.62,0.38,0.07,3.81
2008-04-30,002186,19.17,19.37,19.66,18.67,19229,85351937.52,5.3,3.75,0.7,5.34
2008-05-05,002186,19.67,19.59,20.0,18.97,19785,88352063.31,5.32,1.14,0.22,5.5
2008-05-06,002186,19.42,19.84,20.27,18.69,23050,102584680.59,8.07,1.28,0.25,6.4
2008-05-07,002186,19.67,18.12,19.76,17.92,15420,67485962.76,9.27,-8.67,-1.72,4.28
2008-05-09,002186,18.92,18.47,19.17,18.13,13429,57716161.0,5.74,1.93,0.35,3.73
2008-05-12,002186,18.5,19.5,19.67,18.12,18731,82365543.07,8.39,5.58,1.03,5.2
2008-05-13,002186,18.63,18.56,19.29,18.42,15188,65733337.67,4.46,-4.82,-0.94,4.22
2008-05-14,002186,18.53,18.95,19.3,18.53,9969,43554978.44,4.15,2.1,0.39,2.77
2008-05-15,002186,19.42,21.13,21.13,19.25,39136,185700450.69,9.92,11.5,2.18,10.87
2008-05-16,002186,21.67,22.16,23.42,21.37,61495,312113931.41,9.7,4.87,1.03,17.08
2008-05-19,002186,22.24,21.88,22.57,21.23,20970,103127105.15,6.05,-1.26,-0.28,5.82
2008-05-20,002186,21.73,23.27,24.14,21.47,42290,220329345.91,12.2,6.35,1.39,11.75
2008-05-21,002186,22.36,23.5,24.0,21.32,36315,185189316.37,11.52,0.99,0.23,10.09
2008-05-22,002186,22.98,22.15,23.22,21.92,22086,111981333.13,5.53,-5.74,-1.35,6.14
2008-05-23,002186,21.6,20.75,22.12,20.67,19935,95923414.85,6.55,-6.32,-1.4,5.54
2008-05-26,002186,20.43,20.85,22.16,20.23,17363,83939921.23,9.3,0.48,0.1,4.82
2008-05-27,002186,20.89,21.17,21.47,20.58,7836,37408536.45,4.27,1.53,0.32,2.18
2008-05-28,002186,21.17,21.46,21.86,20.67,12740,61401580.23,5.62,1.37,0.29,3.54
2008-05-29,002186,21.42,20.52,21.67,20.5,11979,57101963.37,5.45,-4.38,-0.94,3.33
2008-05-30,002186,20.51,20.12,20.9,19.52,12874,58960341.67,6.73,-1.95,-0.4,3.58
2008-06-02,002186,19.44,20.07,20.53,19.44,8750,40010774.81,5.42,-0.25,-0.05,2.43
2008-06-03,002186,19.92,20.97,21.32,19.55,17104,79761923.03,8.82,4.48,0.9,4.75
2008-06-04,002186,20.62,20.22,20.82,20.18,8022,37317710.32,3.05,-3.58,-0.75,2.23
2008-06-05,002186,20.46,20.82,21.16,20.18,11269,53544153.32,4.85,2.97,0.6,3.13
2008-06-06,002186,20.81,21.32,21.67,20.8,14418,69794935.07,4.18,2.4,0.5,4.0
2008-06-10,002186,20.67,18.91,20.67,18.91,17385,77834764.8,8.26,-11.3,-2.41,4.83
2008-06-11,002186,17.82,17.99,18.67,17.3,12983,54049656.53,7.24,-4.87,-0.92,3.61
2008-06-12,002186,17.92,18.03,18.62,17.26,11603,48473650.71,7.56,0.22,0.04,3.22
2008-06-13,002186,18.35,16.3,18.35,16.19,12128,48157503.01,11.98,-9.6,-1.73,3.37
2008-06-16,002186,16.58,16.1,16.84,15.25,9527,35608528.72,9.75,-1.23,-0.2,2.65
2008-06-17,002186,16.0,15.78,16.65,15.45,11017,41150444.57,7.45,-1.99,-0.32,3.06
2008-06-18,002186,15.75,17.4,17.41,14.69,23091,87416219.42,17.24,10.27,1.62,6.41
2008-06-19,002186,17.05,15.59,18.02,15.43,21558,83941822.21,14.89,-10.4,-1.81,5.99
2008-06-20,002186,15.37,16.73,17.3,15.36,19023,72867326.97,12.44,7.31,1.14,5.28
2008-06-23,002186,16.55,16.6,17.28,16.25,10683,41579041.23,6.16,-0.78,-0.13,2.97
2008-06-24,002186,16.48,17.6,18.03,16.45,18716,75532524.38,9.52,6.02,1.0,5.2
2008-06-25,002186,17.36,18.55,18.84,17.35,17950,75107475.54,8.47,5.4,0.95,4.99
2008-06-26,002186,18.55,18.49,19.08,18.0,17375,73399578.26,5.82,-0.32,-0.06,4.83
2008-06-27,002186,17.37,16.86,17.94,16.6,16154,64062208.99,7.25,-8.82,-1.63,4.49
2008-06-30,002186,16.65,17.85,18.0,16.36,16024,64691844.56,9.73,5.87,0.99,4.45
2008-07-01,002186,18.1,17.95,18.5,17.45,15640,64653849.88,5.88,0.56,0.1,4.34
2008-07-02,002186,18.0,17.99,18.44,17.7,10236,42387520.61,4.12,0.22,0.04,2.84
2008-07-03,002186,17.55,18.85,19.35,17.38,23327,99283342.89,10.95,4.78,0.86,6.48
2008-07-04,002186,18.78,21.0,21.0,18.65,38069,175997250.03,12.47,11.41,2.15,10.57
2008-07-07,002186,22.11,23.37,23.37,22.11,21951,113007018.78,6.0,11.29,2.37,6.1
2008-07-08,002186,25.1,25.2,25.97,23.8,80281,443734832.81,9.29,7.83,1.83,22.3
2008-07-09,002186,25.35,24.71,27.33,24.34,61899,347383491.11,11.87,-1.94,-0.49,17.19
2008-07-10,002186,24.69,23.82,25.85,23.8,48669,264603608.8,8.3,-3.6,-0.89,13.52
2008-07-11,002186,23.49,22.75,24.05,22.57,39274,201450184.15,6.21,-4.49,-1.07,10.91
2008-07-14,002186,22.73,23.65,24.19,22.65,30895,162302633.62,6.77,3.96,0.9,8.58
2008-07-15,002186,23.2,23.81,24.75,21.51,46457,239073411.32,13.7,0.68,0.16,12.9
2008-07-16,002186,23.05,21.85,24.02,21.71,26735,135645888.83,9.7,-8.23,-1.96,7.43
2008-07-17,002186,22.35,21.05,22.8,21.05,22757,111550900.3,8.01,-3.66,-0.8,6.32
2008-07-18,002186,21.25,21.99,22.0,20.4,27356,131508006.48,7.6,4.47,0.94,7.6
2008-07-21,002186,22.25,24.45,24.45,21.75,34512,182456753.9,12.28,11.19,2.46,9.59
2008-07-22,002186,25.7,24.45,25.89,24.3,40519,225050004.36,6.5,0.0,0.0,11.26
2008-07-23,002186,24.68,24.98,25.7,24.35,28934,159604527.94,5.52,2.17,0.53,8.04
2008-07-24,002186,25.01,25.11,25.58,24.4,25223,139634176.04,4.72,0.52,0.13,7.01
2008-07-25,002186,24.86,24.46,25.24,24.11,21125,115336952.46,4.5,-2.59,-0.65,5.87
2008-07-28,002186,24.9,24.75,25.05,24.45,14448,79057904.19,2.45,1.19,0.29,4.01
2008-07-29,002186,24.35,23.6,24.55,23.18,16794,88843831.97,5.54,-4.65,-1.15,4.66
2008-07-30,002186,24.1,25.35,25.64,23.71,33394,184208435.85,8.18,7.42,1.75,9.28
2008-07-31,002186,25.68,23.55,25.9,23.35,20673,113589697.93,10.06,-7.1,-1.8,5.74
2008-08-01,002186,22.65,24.79,25.58,22.36,29863,160832844.35,13.67,5.27,1.24,8.3
2008-08-04,002186,24.59,24.47,25.34,24.38,18758,103229799.65,3.87,-1.29,-0.32,5.21
2008-08-05,002186,24.25,22.85,24.85,22.52,20154,105523188.83,9.52,-6.62,-1.62,5.6
2008-08-06,002186,23.1,24.01,24.35,22.95,19433,102043675.07,6.13,5.08,1.16,5.4
2008-08-07,002186,23.69,24.12,24.49,23.19,19378,102705823.53,5.41,0.46,0.11,5.38
2008-08-08,002186,24.35,21.44,24.35,21.44,33376,167595638.21,12.06,-11.11,-2.68,9.27
2008-08-11,002186,20.35,19.03,20.35,19.03,5161,22566352.0,6.16,-11.24,-2.41,1.43
2008-08-12,002186,16.86,16.86,16.86,16.86,2581,10071062.0,0.0,-11.4,-2.17,0.72
2008-08-13,002186,14.91,15.79,16.85,14.91,28061,100350831.97,11.51,-6.35,-1.07,7.79
2008-08-14,002186,15.0,15.33,16.45,14.69,30887,112156866.85,11.15,-2.91,-0.46,8.58
2008-08-15,002186,15.33,15.49,15.95,15.3,18994,69620310.43,4.24,1.04,0.16,5.28
2008-08-18,002186,15.85,13.68,15.85,13.68,24626,84219865.17,14.01,-11.68,-1.81,6.84
2008-08-19,002186,12.65,12.8,13.76,12.35,23262,72577686.74,10.31,-6.43,-0.88,6.46
2008-08-20,002186,12.78,13.85,14.2,12.64,24855,80700256.76,12.19,8.2,1.05,6.9
2008-08-21,002186,13.35,12.49,13.85,12.43,22892,72030707.89,10.25,-9.82,-1.36,6.36
2008-08-22,002186,12.25,12.73,13.25,11.3,26630,79293684.76,15.61,1.92,0.24,7.4
2008-08-25,002186,12.5,12.2,12.75,12.08,12153,36563345.9,5.26,-4.16,-0.53,3.38
2008-08-26,002186,11.95,11.06,11.95,11.03,15919,44918985.36,7.54,-9.34,-1.14,4.42
2008-08-27,002186,10.96,11.32,11.59,10.85,13063,36402922.55,6.69,2.35,0.26,3.63
2008-08-28,002186,11.27,11.21,11.47,10.97,8625,23896850.51,4.42,-0.97,-0.11,2.4
2008-08-29,002186,11.25,11.47,11.62,11.22,10623,29963585.31,3.57,2.32,0.26,2.95
2008-09-01,002186,11.44,11.4,11.5,11.15,9298,26004778.62,3.05,-0.61,-0.07,2.58
2008-09-02,002186,11.4,11.37,11.5,11.2,6296,17615269.85,2.63,-0.26,-0.03,1.75
2008-09-03,002186,11.35,10.96,11.45,10.5,12625,34360334.37,8.36,-3.61,-0.41,3.51
2008-09-04,002186,10.85,10.68,10.95,10.55,7829,20913338.35,3.65,-2.55,-0.28,2.17
2008-09-05,002186,10.29,9.42,10.35,9.36,13462,33773135.48,9.27,-11.8,-1.26,3.74
2008-09-08,002186,9.48,8.22,9.85,8.21,17110,39203401.39,17.41,-12.74,-1.2,4.75
2008-09-09,002186,8.32,8.26,8.5,8.11,8965,19541906.38,4.74,0.49,0.04,2.49
2008-09-10,002186,8.29,8.63,8.85,7.89,16622,37340035.54,11.62,4.48,0.37,4.62
2008-09-11,002186,8.5,8.07,8.84,8.06,9357,20664168.2,9.04,-6.49,-0.56,2.6
2008-09-12,002186,7.98,7.9,8.21,7.85,8548,18255034.09,4.46,-2.11,-0.17,2.37
2008-09-16,002186,7.9,7.5,7.99,7.29,10790,22157887.79,8.86,-5.06,-0.4,3.0
2008-09-17,002186,7.5,7.56,7.74,7.38,8992,18381612.14,4.8,0.8,0.06,2.5
2008-09-18,002186,7.35,7.05,7.46,6.6,14179,27487761.83,11.38,-6.75,-0.51,3.94
2008-09-19,002186,8.02,8.02,8.02,7.76,12802,27202617.8,3.69,13.76,0.97,3.56
2008-09-22,002186,9.04,9.09,9.09,8.28,31462,72427063.73,10.1,13.34,1.07,8.74
2008-09-23,002186,8.66,8.24,8.66,8.2,14443,31978933.25,5.06,-9.35,-0.85,4.01
2008-09-24,002186,8.1,9.24,9.24,7.91,23215,52940274.36,16.14,12.14,1.0,6.45
2008-09-25,002186,9.15,9.3,9.65,8.86,23540,56300623.29,8.55,0.65,0.06,6.54
2008-09-26,002186,9.31,8.89,9.38,8.66,14807,34540756.09,7.74,-4.41,-0.41,4.11
2008-10-06,002186,8.83,8.25,8.83,8.19,10682,23653607.27,7.2,-7.2,-0.64,2.97
2008-10-07,002186,7.7,7.89,8.1,7.45,9679,20088734.73,7.88,-4.36,-0.36,2.69
2008-10-08,002186,7.45,7.5,7.83,7.39,7707,15729892.35,5.58,-4.94,-0.39,2.14
2008-10-09,002186,7.75,7.6,7.8,7.49,6671,13734082.75,4.13,1.33,0.1,1.85
2008-10-10,002186,7.14,6.77,7.25,6.75,10416,20020476.53,6.58,-10.92,-0.83,2.89
2008-10-13,002186,6.72,7.71,7.71,6.6,14829,28965808.21,16.4,13.88,0.94,4.12
2008-10-14,002186,8.29,7.7,8.68,7.7,19396,42222489.72,12.71,-0.13,-0.01,5.39
2008-10-15,002186,7.43,7.75,8.25,7.43,12505,26399638.33,10.65,0.65,0.05,3.47
2008-10-16,002186,7.2,7.0,7.44,6.96,10968,21638286.21,6.19,-9.68,-0.75,3.05
2008-10-17,002186,7.35,7.28,7.45,7.1,6808,13482603.07,5.0,4.0,0.28,1.89
2008-10-20,002186,7.31,7.63,7.72,7.11,9016,18197728.59,8.38,4.81,0.35,2.5
2008-10-21,002186,7.63,7.49,7.84,7.46,8193,16837937.19,4.98,-1.83,-0.14,2.28
2008-10-22,002186,7.3,7.04,7.48,7.03,8458,16679785.37,6.01,-6.01,-0.45,2.35
2008-10-23,002186,6.75,7.33,7.35,6.68,8388,16459943.8,9.52,4.12,0.29,2.33
2008-10-24,002186,7.3,7.15,7.4,6.95,5074,9947928.13,6.14,-2.46,-0.18,1.41
2008-10-27,002186,7.0,6.3,7.09,6.3,10718,19901027.79,11.05,-11.89,-0.85,2.98
2008-10-28,002186,6.1,6.43,6.58,6.01,9456,16976614.18,9.05,2.06,0.13,2.63
2008-10-29,002186,6.75,6.21,6.75,6.2,7271,13270538.2,8.55,-3.42,-0.22,2.02
2008-10-30,002186,6.33,6.34,6.55,6.2,7671,13913811.9,5.64,2.09,0.13,2.13
2008-10-31,002186,6.35,6.21,6.44,6.2,3648,6533702.3,3.79,-2.05,-0.13,1.01
2008-11-03,002186,6.2,6.05,6.3,6.03,4375,7711038.95,4.35,-2.58,-0.16,1.22
2008-11-04,002186,6.03,5.4,6.05,5.36,9945,16414394.09,11.4,-10.74,-0.65,2.76
2008-11-05,002186,5.5,5.6,5.79,5.35,8195,13525731.56,8.15,3.7,0.2,2.28
2008-11-06,002186,5.4,5.23,5.4,5.11,7563,11936800.05,5.18,-6.61,-0.37,2.1
2008-11-07,002186,5.05,5.43,5.49,4.97,7372,11646783.14,9.94,3.82,0.2,2.05
2008-11-10,002186,5.55,6.05,6.12,5.55,10013,17102130.21,10.5,11.42,0.62,2.78
2008-11-11,002186,5.88,5.91,6.25,5.85,10726,18595037.61,6.61,-2.31,-0.14,2.98
2008-11-12,002186,5.78,5.98,6.03,5.7,6087,10440734.48,5.58,1.18,0.07,1.69
2008-11-13,002186,5.98,6.48,6.59,5.98,15021,27137276.79,10.2,8.36,0.5,4.17
2008-11-14,002186,6.5,7.1,7.1,6.38,18488,35163554.24,11.11,9.57,0.62,5.14
2008-11-17,002186,7.14,7.37,7.59,7.06,17878,35552622.85,7.46,3.8,0.27,4.97
2008-11-18,002186,7.29,6.37,7.37,6.37,17976,34090347.66,13.57,-13.57,-1.0,4.99
2008-11-19,002186,6.45,6.97,7.0,6.35,12910,24252368.81,10.2,9.42,0.6,3.59
2008-11-20,002186,6.88,7.33,7.6,6.78,19297,38376486.61,11.76,5.16,0.36,3.56
2008-11-21,002186,7.0,7.18,7.38,6.6,14798,28624062.03,10.64,-2.05,-0.15,2.73
2008-11-24,002186,7.18,6.75,7.34,6.73,8789,16957944.17,8.5,-5.99,-0.43,1.62
2008-11-25,002186,6.83,6.65,6.95,6.44,6834,12778265.96,7.56,-1.48,-0.1,1.26
2008-11-26,002186,6.68,6.64,6.8,6.5,3818,7113116.63,4.51,-0.15,-0.01,0.71
2008-11-27,002186,7.28,6.83,7.35,6.79,10674,20743710.81,8.43,2.86,0.19,1.97
2008-11-28,002186,6.68,6.81,6.93,6.65,5345,10081678.65,4.1,-0.29,-0.02,0.99
2008-12-01,002186,6.75,7.31,7.35,6.67,12968,25426472.99,9.99,7.34,0.5,2.4
2008-12-02,002186,7.13,8.31,8.31,7.08,40619,87188116.53,16.83,13.68,1.0,7.5
2008-12-03,002186,8.46,8.6,8.85,8.25,37846,84377050.6,7.22,3.49,0.29,6.99
2008-12-04,002186,8.54,8.36,9.1,8.35,29898,68284955.71,8.72,-2.79,-0.24,5.52
2008-12-05,002186,8.31,8.66,8.67,8.19,18686,41375246.64,5.74,3.59,0.3,3.45
2008-12-08,002186,8.9,9.52,9.7,8.85,27551,66331793.47,9.82,9.93,0.86,5.09
2008-12-09,002186,9.6,8.99,9.61,8.93,23151,55105133.65,7.14,-5.57,-0.53,4.28
2008-12-10,002186,8.9,9.31,9.35,8.85,14509,34132556.26,5.56,3.56,0.32,2.68
2008-12-11,002186,9.18,8.73,9.33,8.73,18436,42784927.85,6.44,-6.23,-0.58,3.41
2008-12-12,002186,8.6,8.01,8.7,7.86,16351,35587196.37,9.62,-8.25,-0.72,3.02
2008-12-15,002186,8.23,8.45,8.45,8.05,12005,26263012.5,4.99,5.49,0.44,2.22
2008-12-16,002186,8.3,8.49,8.52,7.85,9765,21195813.36,7.93,0.47,0.04,1.8
2008-12-17,002186,8.6,8.66,9.0,8.55,16321,37458222.47,5.3,2.0,0.17,3.02
2008-12-18,002186,8.51,8.93,9.04,8.51,12703,29207007.76,6.12,3.12,0.27,2.35
2008-12-19,002186,8.93,8.9,9.22,8.85,13577,31707320.08,4.14,-0.34,-0.03,2.51
2008-12-22,002186,8.88,10.06,10.06,8.85,40037,98195494.74,13.6,13.03,1.16,7.4
2008-12-23,002186,10.06,9.33,10.69,9.28,48828,124622441.54,14.02,-7.26,-0.73,9.02
2008-12-24,002186,8.93,9.24,9.49,8.66,24878,58123084.03,8.9,-0.96,-0.09,4.6
2008-12-25,002186,9.24,8.8,9.4,8.71,17552,41051691.99,7.47,-4.76,-0.44,3.24
2008-12-26,002186,8.85,8.89,9.3,8.85,12780,29914966.57,5.11,1.02,0.09,2.36
2008-12-29,002186,8.9,8.54,8.9,8.31,12460,27782215.77,6.64,-3.94,-0.35,2.3
2008-12-30,002186,8.56,8.51,8.78,8.46,9895,22354215.01,3.75,-0.35,-0.03,1.83
2008-12-31,002186,8.63,8.61,8.98,8.36,12402,28289542.8,7.29,1.18,0.1,2.29
2009-01-05,002186,8.92,9.47,9.48,8.92,19219,45644875.38,6.5,9.99,0.86,3.55
2009-01-06,002186,9.34,9.54,9.61,9.24,17950,43546023.12,3.91,0.74,0.07,3.32
2009-01-07,002186,9.4,9.38,9.57,9.3,13476,32573158.75,2.83,-1.68,-0.16,2.49
2009-01-08,002186,9.0,8.84,9.09,8.75,16519,38174517.21,3.62,-5.76,-0.54,3.05
2009-01-09,002186,8.83,9.1,9.17,8.83,12396,29006579.1,3.85,2.94,0.26,2.29
2009-01-12,002186,9.01,9.43,9.82,9.01,20644,50154545.45,8.9,3.63,0.33,3.81
2009-01-13,002186,9.24,9.0,9.35,8.95,11724,27665841.59,4.24,-4.56,-0.43,2.17
2009-01-14,002186,9.0,9.42,9.45,9.0,13401,32043219.35,5.0,4.67,0.42,2.48
2009-01-15,002186,9.31,9.39,9.6,9.22,15453,37267976.28,4.03,-0.32,-0.03,2.85
2009-01-16,002186,9.6,9.47,9.84,9.41,19065,46963246.31,4.58,0.85,0.08,3.52
2009-01-19,002186,9.55,9.35,9.75,9.18,15023,36286734.55,6.02,-1.27,-0.12,2.78
2009-01-20,002186,9.29,9.3,9.34,9.1,8476,20119929.24,2.57,-0.53,-0.05,1.57
2009-01-21,002186,9.24,9.13,9.3,9.11,12041,28465044.49,2.04,-1.83,-0.17,2.22
2009-01-22,002186,9.25,9.19,9.25,9.09,7404,17486920.82,1.75,0.66,0.06,1.37
2009-01-23,002186,9.23,9.04,9.25,8.96,10516,24686212.15,3.16,-1.63,-0.15,1.94
2009-02-02,002186,9.15,9.3,9.35,8.88,10976,25857758.92,5.2,2.88,0.26,2.03
2009-02-03,002186,9.23,9.46,9.57,9.23,17696,42789727.67,3.66,1.72,0.16,3.27
2009-02-04,002186,9.6,9.79,9.84,9.48,22556,55776755.28,3.81,3.49,0.33,4.17
2009-02-05,002186,9.83,9.56,10.1,9.46,24612,61567356.8,6.54,-2.35,-0.23,4.55
2009-02-06,002186,9.6,10.78,10.78,9.6,34692,90335441.3,12.34,12.76,1.22,6.41
2009-02-09,002186,11.41,11.18,11.65,10.94,47176,131024231.02,6.59,3.71,0.4,8.72
2009-02-10,002186,11.03,12.38,12.53,10.9,41565,118272252.37,14.58,10.73,1.2,7.68
2009-02-11,002186,11.89,12.07,13.1,11.8,37100,111747284.23,10.5,-2.5,-0.31,6.85
2009-02-12,002186,12.11,12.01,12.48,11.36,25398,74075829.28,9.28,-0.5,-0.06,4.69
2009-02-13,002186,12.01,12.54,12.95,11.86,27245,81803981.56,9.08,4.41,0.53,5.03
2009-02-16,002186,12.6,12.51,12.75,12.09,29350,88287832.16,5.26,-0.24,-0.03,5.42
2009-02-17,002186,12.52,11.65,12.55,11.6,28106,82397243.75,7.59,-6.87,-0.86,5.19
2009-02-18,002186,11.36,10.94,11.65,10.85,22213,61720564.1,6.87,-6.09,-0.71,4.1
2009-02-19,002186,10.95,11.05,11.3,10.89,13143,36104149.28,3.75,1.01,0.11,2.43
2009-02-20,002186,11.06,11.34,11.45,10.96,12942,35826169.99,4.43,2.62,0.29,2.39
2009-02-23,002186,11.24,11.74,11.8,11.14,15867,45251153.12,5.82,3.53,0.4,2.93
2009-02-24,002186,11.61,10.96,11.75,10.87,23161,64567865.02,7.5,-6.64,-0.78,4.28
2009-02-25,002186,11.2,10.93,11.28,10.5,15499,41934202.43,7.12,-0.27,-0.03,2.86
2009-02-26,002186,10.99,10.03,11.2,9.65,18481,48913654.46,14.18,-8.23,-0.9,3.41
2009-02-27,002186,10.0,9.34,10.03,9.29,16725,40830950.38,7.38,-6.88,-0.69,3.09
2009-03-02,002186,9.3,9.56,9.7,9.27,8693,21190262.79,4.6,2.36,0.22,1.61
2009-03-03,002186,9.29,9.45,9.66,9.04,10666,25548973.13,6.49,-1.15,-0.11,1.97
2009-03-04,002186,9.45,10.3,10.35,9.43,18685,47252618.56,9.74,8.99,0.85,3.45
2009-03-05,002186,10.5,10.5,10.81,10.21,19629,51401538.69,5.83,1.94,0.2,3.63
2009-03-06,002186,10.23,10.28,10.5,10.1,8793,22693379.73,3.81,-2.1,-0.22,1.62
2009-03-09,002186,10.3,9.55,10.45,9.5,12624,31625914.8,9.24,-7.1,-0.73,2.33
2009-03-10,002186,9.4,9.75,9.75,9.31,6677,16368990.72,4.61,2.09,0.2,1.23
2009-03-11,002186,10.01,9.74,10.2,9.65,9450,23668778.14,5.64,-0.1,-0.01,1.75
2009-03-12,002186,9.68,9.74,9.79,9.44,6086,14931021.07,3.59,0.0,0.0,1.12
2009-03-13,002186,9.85,9.92,10.28,9.72,11082,28136917.98,5.75,1.85,0.18,2.05
2009-03-16,002186,9.95,10.04,10.1,9.6,5607,14034953.05,5.04,1.21,0.12,1.04
2009-03-17,002186,10.05,10.39,10.45,9.9,13809,35692866.78,5.48,3.49,0.35,2.55
2009-03-18,002186,10.45,10.66,10.85,10.36,16394,43470711.62,4.72,2.6,0.27,3.03
2009-03-19,002186,10.73,10.75,10.84,10.58,12867,34456898.7,2.44,0.84,0.09,2.38
2009-03-20,002186,10.98,10.73,10.98,10.41,14646,39123400.06,5.3,-0.19,-0.02,2.71
2009-03-23,002186,10.6,10.96,11.1,10.5,16651,45165442.44,5.59,2.14,0.23,3.08
2009-03-24,002186,11.03,10.95,11.14,10.88,13526,36888267.61,2.37,-0.09,-0.01,2.5
2009-03-25,002186,10.9,10.36,10.95,10.36,13452,35846386.94,5.39,-5.39,-0.59,2.49
2009-03-26,002186,10.4,10.68,10.73,10.23,10688,28124265.13,4.83,3.09,0.32,1.97
2009-03-27,002186,10.73,11.3,11.85,10.61,29229,81998905.63,11.61,5.81,0.62,5.4
2009-03-30,002186,10.94,10.91,11.25,10.85,18958,51755731.67,3.54,-3.45,-0.39,3.5
2009-03-31,002186,10.65,10.78,10.79,10.44,14287,37924340.68,3.21,-1.19,-0.13,2.64
2009-04-01,002186,10.77,11.1,11.42,10.77,21421,59321219.62,6.03,2.97,0.32,3.96
2009-04-02,002186,11.2,11.15,11.41,11.1,15931,44299919.68,2.79,0.45,0.05,2.94
2009-04-03,002186,11.2,11.04,11.35,10.91,14792,40692793.03,3.95,-0.99,-0.11,2.73
2009-04-07,002186,11.05,11.47,11.48,10.95,18472,51384594.91,4.8,3.89,0.43,3.41
2009-04-08,002186,11.4,10.75,11.4,10.7,16842,46292428.87,6.1,-6.28,-0.72,3.11
2009-04-09,002186,10.72,10.94,11.1,10.63,15499,41672636.79,4.37,1.77,0.19,2.86
2009-04-10,002186,10.98,11.17,11.23,10.69,20536,56101922.01,4.94,2.1,0.23,3.79
2009-04-13,002186,11.3,11.5,11.64,11.19,28057,78934989.82,4.03,2.95,0.33,5.18
2009-04-14,002186,11.55,11.5,11.58,11.22,19378,54595622.43,3.13,0.0,0.0,3.58
2009-04-15,002186,11.5,11.93,12.04,11.35,31114,89947526.1,6.0,3.74,0.43,5.75
2009-04-16,002186,12.06,11.65,12.06,11.36,22483,64329394.49,5.87,-2.35,-0.28,4.15
2009-04-17,002186,11.64,11.45,11.98,11.37,16832,48174714.62,5.24,-1.72,-0.2,3.11
2009-04-20,002186,11.45,11.76,11.85,11.35,15155,43485591.05,4.37,2.71,0.31,2.8
2009-04-21,002186,11.65,11.9,11.93,11.5,22679,65598617.23,3.66,1.19,0.14,4.19
2009-04-22,002186,12.1,12.87,13.36,12.1,72473,228044356.76,10.59,8.15,0.97,13.39
2009-04-23,002186,12.4,12.13,12.71,11.71,43095,126712488.27,7.77,-5.75,-0.74,7.96
2009-04-24,002186,12.03,12.06,12.85,12.02,32604,98076413.65,6.84,-0.58,-0.07,6.02
2009-04-27,002186,11.9,10.95,12.03,10.59,31221,87129646.81,11.94,-9.2,-1.11,5.77
2009-04-29,002186,10.8,11.11,11.29,10.65,18574,50526395.13,5.84,1.46,0.16,3.43
2009-04-30,002186,11.1,11.13,11.42,11.07,13536,37550037.06,3.15,0.18,0.02,2.5
2009-05-04,002186,11.13,11.53,11.55,11.1,15110,42445092.08,4.04,3.59,0.4,2.79
2009-05-05,002186,11.63,11.56,11.7,11.35,16623,46999631.16,3.04,0.26,0.03,3.07
2009-05-06,002186,11.5,11.89,12.12,11.49,17694,51346715.93,5.45,2.85,0.33,3.27
2009-05-07,002186,12.01,11.75,12.12,11.55,17059,49164563.55,4.79,-1.18,-0.14,3.15
2009-05-08,002186,11.74,11.56,11.74,11.35,12325,34943758.71,3.32,-1.62,-0.19,2.28
2009-05-11,002186,11.55,11.11,11.74,11.1,15213,42990253.73,5.54,-3.89,-0.45,2.81
2009-05-12,002186,11.05,11.37,11.39,10.99,8145,22542062.97,3.6,2.34,0.26,1.5
2009-05-13,002186,11.31,11.36,11.49,11.2,8324,23296188.02,2.55,-0.09,-0.01,1.54
2009-05-14,002186,11.33,11.4,11.6,11.21,7715,21702773.82,3.43,0.35,0.04,1.43
2009-05-15,002186,11.43,11.41,11.48,11.3,7654,21471588.26,1.58,0.09,0.01,1.41
2009-05-18,002186,11.36,11.31,11.45,10.95,8228,22785125.18,4.38,-0.88,-0.1,1.52
2009-05-19,002186,11.35,11.48,11.64,11.31,11735,33185397.45,2.92,1.5,0.17,2.17
2009-05-20,002186,11.52,11.5,11.73,11.49,9596,27327903.39,2.09,0.17,0.02,1.77
2009-05-21,002186,11.48,11.66,12.1,11.4,19110,55159227.96,6.09,1.39,0.16,3.53
2009-05-22,002186,11.77,11.46,11.8,11.42,8755,24832391.45,3.26,-1.72,-0.2,1.62
2009-05-25,002186,11.25,11.22,11.25,10.75,11170,30635538.55,4.36,-2.09,-0.24,2.06
2009-05-26,002186,11.2,11.28,11.39,11.2,8021,22357195.42,1.69,0.53,0.06,1.48
2009-05-27,002186,11.41,11.23,11.41,11.12,7634,20866444.88,2.57,-0.44,-0.05,1.41
2009-06-01,002186,11.31,11.42,11.56,11.21,10322,28471895.11,3.12,1.69,0.19,1.91
2009-06-02,002186,11.42,11.41,11.53,11.3,9836,27214737.44,2.01,-0.09,-0.01,1.82
2009-06-03,002186,11.39,11.54,11.67,11.39,10427,29150263.52,2.45,1.14,0.13,1.93
2009-06-04,002186,11.51,11.36,11.57,11.25,9095,25095140.95,2.77,-1.56,-0.18,1.68
2009-06-05,002186,11.5,11.6,11.76,11.38,16045,45021213.23,3.35,2.11,0.24,2.96
2009-06-08,002186,11.72,11.54,11.72,11.47,10935,30680406.4,2.16,-0.52,-0.06,2.02
2009-06-09,002186,11.65,12.1,12.12,11.53,29904,86222148.37,5.11,4.85,0.56,5.52
2009-06-10,002186,12.2,12.01,12.27,11.87,14482,41864356.11,3.31,-0.74,-0.09,2.68
2009-06-11,002186,12.02,11.79,12.15,11.77,12848,36914428.87,3.16,-1.83,-0.22,2.37
2009-06-12,002186,11.76,11.38,11.85,11.29,13727,38344974.31,4.75,-3.48,-0.41,2.54
2009-06-15,002186,11.33,11.5,11.55,11.31,7496,20752218.75,2.11,1.05,0.12,1.38
2009-06-16,002186,11.32,11.4,11.54,11.27,9223,25487966.83,2.35,-0.87,-0.1,1.7
2009-06-17,002186,11.41,11.55,11.57,11.3,8095,22464003.11,2.37,1.32,0.15,1.5
2009-06-18,002186,11.57,11.63,11.75,11.54,13055,36661347.19,1.82,0.69,0.08,2.41
2009-06-19,002186,11.63,11.92,12.05,11.53,19368,55559713.18,4.47,2.49,0.29,3.58
2009-06-22,002186,11.93,11.93,12.16,11.72,14223,40764663.06,3.69,0.08,0.01,2.63
2009-06-23,002186,11.81,11.81,12.0,11.63,9890,28150364.67,3.1,-1.01,-0.12,1.83
2009-06-24,002186,11.81,12.05,12.16,11.8,16176,46736032.62,3.05,2.03,0.24,2.99
2009-06-25,002186,12.01,11.84,12.08,11.83,11476,32926461.78,2.07,-1.74,-0.21,2.12
2009-06-26,002186,11.86,11.7,11.93,11.68,9376,26602547.44,2.11,-1.18,-0.14,1.73
2009-06-29,002186,11.72,12.0,12.12,11.72,11636,33458643.15,3.42,2.56,0.3,2.15
2009-06-30,002186,11.97,11.77,12.07,11.72,8766,24980207.5,2.92,-1.92,-0.23,1.62
2009-07-01,002186,11.67,11.78,11.87,11.62,8021,22743810.68,2.12,0.08,0.01,1.48
2009-07-02,002186,11.78,12.1,12.17,11.78,19026,54955270.24,3.31,2.72,0.32,3.51
2009-07-03,002186,12.07,12.05,12.17,11.91,17721,51282932.82,2.15,-0.41,-0.05,3.27
2009-07-06,002186,12.11,12.73,13.47,12.08,39865,122087232.7,11.54,5.64,0.68,7.36
2009-07-07,002186,12.57,12.37,12.7,12.32,22126,65887400.64,2.99,-2.83,-0.36,4.09
2009-07-08,002186,12.37,12.57,12.72,12.32,16403,49103492.98,3.23,1.62,0.2,3.03
2009-07-09,002186,12.77,12.93,13.05,12.6,17828,54570677.25,3.58,2.86,0.36,3.29
2009-07-10,002186,12.95,12.72,13.07,12.65,17036,51974340.69,3.25,-1.62,-0.21,3.15
2009-07-13,002186,12.62,12.58,12.84,12.5,15014,45213231.81,2.67,-1.1,-0.14,2.77
2009-07-15,002186,12.8,12.84,13.07,12.78,20983,64470269.5,2.31,2.07,0.26,3.88
2009-07-16,002186,12.92,13.03,13.37,12.78,22201,68651631.6,4.6,1.48,0.19,4.1
2009-07-17,002186,12.92,12.82,13.09,12.73,13834,42294139.13,2.76,-1.61,-0.21,2.56
2009-07-20,002186,12.82,13.07,13.29,12.82,18679,57927431.28,3.67,1.95,0.25,3.45
2009-07-21,002186,13.07,12.6,13.47,12.4,20208,62495370.35,8.19,-3.6,-0.47,3.73
2009-07-22,002186,12.56,12.71,13.01,12.52,14724,44650165.99,3.89,0.87,0.11,2.72
2009-07-23,002186,12.87,12.84,13.02,12.71,10440,31942842.33,2.44,1.02,0.13,1.93
2009-07-24,002186,12.87,12.62,13.26,12.54,20810,63831754.56,5.61,-1.71,-0.22,3.84
2009-07-27,002186,12.72,12.95,13.16,12.7,18876,57921939.17,3.65,2.61,0.33,3.49
2009-07-28,002186,12.94,14.49,14.49,12.81,47375,151601604.16,12.97,11.89,1.54,8.75
2009-07-29,002186,14.42,13.11,14.47,12.8,46390,149585601.19,11.53,-9.52,-1.38,8.57
2009-07-30,002186,13.13,13.41,13.46,12.93,29191,91392496.46,4.04,2.29,0.3,5.39
2009-07-31,002186,13.5,13.94,14.17,13.25,27400,88547352.74,6.86,3.95,0.53,5.06
2009-08-03,002186,14.01,14.83,15.26,13.82,37383,128272734.77,10.33,6.38,0.89,6.91
2009-08-04,002186,14.82,15.47,15.73,14.4,28060,96939122.92,8.97,4.32,0.64,5.18
2009-08-05,002186,15.27,15.12,15.71,14.93,23101,81700939.6,5.04,-2.26,-0.35,4.27
2009-08-06,002186,14.98,14.47,15.15,14.28,21661,73565479.41,5.75,-4.3,-0.65,4.0
2009-08-07,002186,14.41,14.29,14.83,14.29,19414,65855493.36,3.73,-1.24,-0.18,3.59
2009-08-10,002186,14.57,14.08,14.74,13.9,14960,49974569.1,5.88,-1.47,-0.21,2.76
2009-08-11,002186,14.19,14.18,14.41,14.06,8692,28967361.66,2.49,0.71,0.1,1.61
2009-08-12,002186,14.1,12.97,14.1,12.93,23268,73817177.28,8.25,-8.53,-1.21,4.3
2009-08-13,002186,12.97,13.1,13.27,12.9,11543,35786726.94,2.85,1.0,0.13,2.13
2009-08-14,002186,13.0,12.33,13.14,12.32,16121,48742692.65,6.26,-5.88,-0.77,2.98
2009-08-17,002186,12.07,11.58,12.46,11.52,16171,46245289.03,7.62,-6.08,-0.75,2.99
2009-08-18,002186,11.61,11.93,12.01,11.56,11511,32672489.33,3.89,3.02,0.35,2.13
2009-08-19,002186,11.97,11.1,12.05,10.93,12729,35374618.84,9.39,-6.96,-0.83,2.35
2009-08-20,002186,11.25,11.56,11.62,11.14,11425,31597575.74,4.32,4.14,0.46,2.11
2009-08-21,002186,11.48,11.87,12.02,11.34,15922,44858152.61,5.88,2.68,0.31,2.94
2009-08-24,002186,11.87,12.52,12.71,11.78,24672,73203406.14,7.83,5.48,0.65,4.56
2009-08-25,002186,12.53,13.47,13.97,12.37,60003,189950406.43,12.78,7.59,0.95,11.09
2009-08-26,002186,13.56,13.8,14.3,13.13,47060,152883630.18,8.69,2.45,0.33,8.69
2009-08-27,002186,13.67,13.42,13.72,13.01,31984,101302394.44,5.14,-2.75,-0.38,5.91
2009-08-28,002186,13.42,12.82,13.42,12.62,17344,53205544.92,5.96,-4.47,-0.6,3.2
2009-08-31,002186,12.68,12.22,13.17,12.18,21956,66808430.06,7.72,-4.68,-0.6,4.06
2009-09-01,002186,12.25,12.01,12.57,11.88,16549,48488246.13,5.65,-1.72,-0.21,3.06
2009-09-02,002186,11.86,12.26,12.3,11.67,12053,34952639.33,5.25,2.08,0.25,2.23
2009-09-03,002186,12.19,13.03,13.07,12.1,20976,63415292.5,7.91,6.28,0.77,3.88
2009-09-04,002186,12.97,13.04,13.3,12.82,19402,60164470.99,3.68,0.08,0.01,3.58
2009-09-07,002186,13.22,13.18,13.76,13.03,23870,75698358.5,5.6,1.07,0.14,4.41
2009-09-08,002186,13.07,13.75,13.84,12.86,32648,104441156.23,7.44,4.32,0.57,6.03
2009-09-09,002186,13.82,13.57,13.82,13.33,21707,69457821.73,3.56,-1.31,-0.18,4.01
2009-09-10,002186,13.42,13.07,13.5,13.04,14812,46375749.43,3.39,-3.68,-0.5,2.74
2009-09-11,002186,13.02,14.22,14.42,12.94,34457,111791374.19,11.32,8.8,1.15,6.37
2009-09-14,002186,14.29,14.82,15.27,14.21,42987,148832811.74,7.45,4.22,0.6,7.94
2009-09-15,002186,14.72,14.52,15.07,14.36,28101,95977213.76,4.79,-2.02,-0.3,5.19
2009-09-16,002186,14.45,14.53,14.74,14.28,17560,59616781.66,3.17,0.07,0.01,3.24
2009-09-17,002186,14.6,14.6,14.82,14.52,20201,68971378.99,2.06,0.48,0.07,3.73
2009-09-18,002186,14.62,14.03,14.97,13.57,26836,91241045.59,9.59,-3.9,-0.57,4.96
2009-09-21,002186,13.8,15.04,15.37,13.32,36770,124466446.08,14.61,7.2,1.01,6.79
2009-09-22,002186,15.09,14.19,15.22,14.17,23413,80330331.48,6.98,-5.65,-0.85,4.33
2009-09-23,002186,14.08,13.42,14.27,13.32,17219,55749754.83,6.69,-5.43,-0.77,3.18
2009-09-24,002186,13.45,13.24,13.57,12.75,15895,49732163.0,6.11,-1.34,-0.18,2.94
2009-09-25,002186,13.32,13.23,13.47,13.07,9186,28870459.63,3.02,-0.08,-0.01,1.7
2009-09-28,002186,13.57,12.77,13.65,12.76,10460,32797861.42,6.73,-3.48,-0.46,1.93
2009-09-29,002186,12.82,12.15,12.86,11.93,15537,45692553.51,7.28,-4.86,-0.62,2.87
2009-09-30,002186,12.32,12.15,12.56,12.11,12527,36901591.05,3.7,0.0,0.0,2.31
2009-10-09,002186,12.43,12.78,12.86,12.42,11948,36113657.55,3.62,5.19,0.63,2.21
2009-10-12,002186,12.8,12.61,12.82,12.47,9950,29948013.21,2.74,-1.33,-0.17,1.84
2009-10-13,002186,12.62,12.82,12.9,12.52,8309,25133720.36,3.01,1.67,0.21,1.53
2009-10-14,002186,12.78,13.0,13.2,12.78,11165,34502797.54,3.28,1.4,0.18,2.06
2009-10-15,002186,12.97,12.86,13.17,12.81,8083,24799324.21,2.77,-1.08,-0.14,1.49
2009-10-16,002186,12.86,12.71,13.01,12.51,8850,26737329.95,3.89,-1.17,-0.15,1.64
2009-10-19,002186,12.7,13.05,13.14,12.6,11596,35688156.49,4.25,2.68,0.34,2.14
2009-10-20,002186,13.13,13.34,13.36,13.03,15220,47686876.53,2.53,2.22,0.29,2.81
2009-10-21,002186,13.36,13.17,13.46,13.17,13799,43499491.09,2.17,-1.27,-0.17,2.55
2009-10-22,002186,13.17,13.27,13.36,13.07,11055,34586882.73,2.2,0.76,0.1,2.04
2009-10-23,002186,13.3,13.45,13.55,13.3,15097,47931460.44,1.88,1.36,0.18,2.79
2009-10-26,002186,13.43,13.2,13.43,13.08,11358,35621825.4,2.6,-1.86,-0.25,2.1
2009-10-27,002186,13.22,12.63,13.22,12.6,14079,42916906.05,4.7,-4.32,-0.57,2.6
2009-10-28,002186,12.57,12.72,12.82,12.43,9920,29822027.54,3.09,0.71,0.09,1.83
2009-10-29,002186,12.61,12.37,12.61,12.16,8973,26592369.09,3.54,-2.75,-0.35,1.66
2009-10-30,002186,12.51,12.56,12.72,12.47,9101,27379122.29,2.02,1.54,0.19,1.68
2009-11-02,002186,12.31,12.77,12.8,12.12,10487,31330805.45,5.41,1.67,0.21,1.94
2009-11-03,002186,12.82,13.01,13.1,12.71,12192,37518222.47,3.05,1.88,0.24,2.25
2009-11-04,002186,12.92,13.07,13.17,12.92,12752,39526414.95,1.92,0.46,0.06,2.36
2009-11-05,002186,13.26,13.27,13.29,13.01,13827,43176409.76,2.14,1.53,0.2,2.55
2009-11-06,002186,13.32,13.24,13.42,13.07,14891,46788036.41,2.64,-0.23,-0.03,2.75
2009-11-09,002186,13.24,13.38,13.46,13.2,11634,36659073.4,1.96,1.06,0.14,2.15
2009-11-10,002186,13.42,13.28,13.47,13.25,10403,32755380.69,1.64,-0.75,-0.1,1.92
2009-11-11,002186,13.28,13.08,13.28,13.0,10799,33564928.76,2.11,-1.51,-0.2,1.99
2009-11-12,002186,13.07,13.52,13.75,13.07,28121,89674986.79,5.2,3.36,0.44,5.2
2009-11-13,002186,13.56,13.71,13.79,13.27,25546,81644670.56,3.85,1.41,0.19,4.72
2009-11-16,002186,13.91,13.98,14.3,13.72,26255,86368417.7,4.23,1.97,0.27,4.85
2009-11-17,002186,13.98,13.92,14.01,13.72,14891,48456875.58,2.07,-0.43,-0.06,2.75
2009-11-18,002186,13.82,14.07,14.15,13.82,17299,56822201.91,2.37,1.08,0.15,3.2
2009-11-19,002186,14.12,14.52,14.8,13.95,36519,122575983.15,6.04,3.2,0.45,6.75
2009-11-20,002186,14.37,14.35,14.57,14.26,18559,62525581.59,2.13,-1.17,-0.17,3.43
2009-11-23,002186,14.37,14.7,14.77,14.3,21134,71831711.69,3.28,2.44,0.35,3.9
2009-11-24,002186,14.71,13.63,14.72,13.57,30638,102185579.52,7.82,-7.28,-1.07,5.66
2009-11-25,002186,13.6,14.13,14.23,13.46,21608,70392643.2,5.65,3.67,0.5,3.99
2009-11-26,002186,14.22,13.57,14.57,13.42,31100,102725387.56,8.14,-3.96,-0.56,5.75
2009-11-27,002186,13.57,13.07,13.57,12.98,17943,56195679.58,4.35,-3.68,-0.5,3.31
2009-11-30,002186,13.32,13.65,13.78,13.16,16795,53613324.46,4.74,4.44,0.58,3.1
2009-12-01,002186,13.65,14.02,14.06,13.65,19097,62332203.59,3.0,2.71,0.37,3.53
2009-12-02,002186,14.03,14.08,14.16,13.92,16191,53348425.17,1.71,0.43,0.06,2.99
2009-12-03,002186,14.07,14.62,14.87,13.96,35646,121066976.75,6.46,3.84,0.54,6.59
2009-12-04,002186,14.62,14.05,14.82,13.83,26798,89249708.3,6.77,-3.9,-0.57,4.95
2009-12-07,002186,14.07,14.32,14.55,14.05,12591,42142272.77,3.56,1.92,0.27,2.33
2009-12-08,002186,14.35,14.37,14.56,14.17,15922,53585396.66,2.72,0.35,0.05,2.94
2009-12-09,002186,14.12,13.88,14.32,13.77,13273,43771459.46,3.83,-3.41,-0.49,2.45
2009-12-10,002186,13.89,14.03,14.16,13.89,10340,33994170.57,1.95,1.08,0.15,1.91
2009-12-11,002186,14.21,14.24,14.51,14.08,15075,50432746.89,3.06,1.5,0.21,2.79
2009-12-14,002186,14.13,14.03,14.25,13.77,11834,38803074.94,3.37,-1.47,-0.21,2.19
2009-12-15,002186,14.03,14.02,14.2,13.84,8461,27983543.46,2.57,-0.07,-0.01,1.56
2009-12-16,002186,14.0,14.13,14.26,13.87,11575,38268181.96,2.78,0.78,0.11,2.14
2009-12-17,002186,14.11,13.45,14.29,13.42,14348,46222024.76,6.16,-4.81,-0.68,2.65
2009-12-18,002186,13.27,13.32,13.61,13.26,9688,30694204.53,2.6,-0.97,-0.13,1.79
2009-12-21,002186,13.33,13.55,13.57,13.12,6551,20741228.35,3.38,1.73,0.23,1.21
2009-12-22,002186,13.57,13.24,13.71,13.22,8542,27157741.43,3.62,-2.29,-0.31,1.58
2009-12-23,002186,13.25,13.37,13.46,13.12,7030,22095358.05,2.57,0.98,0.13,1.3
2009-12-24,002186,13.4,14.67,14.82,13.33,32307,107381469.16,11.14,9.72,1.3,5.97
2009-12-25,002186,14.47,14.59,14.79,14.37,27519,93444027.13,2.86,-0.55,-0.08,5.08
2009-12-28,002186,14.59,14.83,14.98,14.45,26292,90561665.9,3.63,1.64,0.24,4.86
2009-12-29,002186,14.77,15.07,15.27,14.67,28035,97859234.16,4.05,1.62,0.24,5.18
2009-12-30,002186,14.95,14.62,15.13,14.47,25954,88866919.88,4.38,-2.99,-0.45,4.79
2009-12-31,002186,14.67,14.83,15.14,14.59,18989,65847712.37,3.76,1.44,0.21,3.51
2010-01-04,002186,14.95,14.76,15.06,14.68,15888,54970103.4,2.56,-0.47,-0.07,2.94
2010-01-05,002186,14.81,15.32,15.57,14.58,30557,107573638.18,6.71,3.79,0.56,5.65
2010-01-06,002186,15.25,15.12,15.36,15.08,20246,71491984.81,1.83,-1.31,-0.2,3.74
2010-01-07,002186,15.07,14.58,15.15,14.48,20072,69124440.86,4.43,-3.57,-0.54,3.71
2010-01-11,002186,14.63,14.74,14.96,14.6,16415,56411148.77,2.47,1.1,0.16,3.03
2010-01-12,002186,14.74,15.37,15.56,14.67,23669,83928783.2,6.04,4.27,0.63,4.37
2010-01-13,002186,15.07,15.07,15.52,14.97,20556,72466789.96,3.58,-1.95,-0.3,3.8
2010-01-14,002186,15.1,15.91,16.07,15.1,29936,108456576.34,6.44,5.57,0.84,5.53
2010-01-15,002186,15.96,15.77,16.27,15.61,19533,71660353.96,4.15,-0.88,-0.14,3.61
2010-01-18,002186,15.67,15.97,16.07,15.61,16973,62238389.4,2.92,1.27,0.2,3.14
2010-01-19,002186,15.97,15.52,15.97,15.46,18983,68554023.62,3.19,-2.82,-0.45,3.51
2010-01-20,002186,15.37,14.66,15.6,14.57,22887,79928064.1,6.64,-5.54,-0.86,4.23
2010-01-21,002186,14.82,14.74,14.84,14.48,10865,37272252.14,2.46,0.55,0.08,2.01
2010-01-22,002186,14.48,14.53,14.69,14.15,13386,45146853.48,3.66,-1.42,-0.21,2.47
2010-01-25,002186,14.46,14.42,14.72,14.3,9222,31196584.25,2.89,-0.76,-0.11,1.7
2010-01-26,002186,14.51,13.95,14.57,13.72,12323,40610461.03,5.89,-3.26,-0.47,2.28
2010-01-27,002186,13.9,13.87,14.19,13.77,7236,23726530.9,3.01,-0.57,-0.08,1.34
2010-01-28,002186,13.87,14.07,14.12,13.86,7812,25656313.08,1.87,1.44,0.2,1.44
2010-01-29,002186,13.99,14.07,14.31,13.95,7360,24405051.65,2.56,0.0,0.0,1.36
2010-02-01,002186,14.07,13.67,14.07,13.37,11764,37710420.24,4.98,-2.84,-0.4,2.17
2010-02-02,002186,13.7,13.65,13.92,13.63,7455,24157484.18,2.12,-0.15,-0.02,1.38
2010-02-03,002186,13.67,13.89,13.9,13.15,9154,29321488.3,5.49,1.76,0.24,1.69
2010-02-04,002186,13.81,14.1,14.22,13.72,10888,35861646.63,3.6,1.51,0.21,2.01
2010-02-05,002186,13.77,13.57,14.0,13.32,8824,28346780.04,4.82,-3.76,-0.53,1.63
2010-02-08,002186,13.71,13.8,14.03,13.71,6482,21138904.97,2.36,1.69,0.23,1.2
2010-02-09,002186,13.73,13.94,14.0,13.73,4620,15046640.63,1.96,1.01,0.14,0.85
2010-02-10,002186,14.06,13.99,14.06,13.87,4719,15456494.97,1.36,0.36,0.05,0.87
2010-02-11,002186,13.97,14.12,14.13,13.93,6130,20198219.9,1.43,0.93,0.13,1.13
2010-02-12,002186,14.12,14.06,14.19,14.01,6452,21297107.65,1.27,-0.42,-0.06,1.19
2010-02-22,002186,13.9,13.86,14.03,13.86,5176,16931051.62,1.21,-1.42,-0.2,0.96
2010-02-23,002186,13.73,13.57,13.86,13.37,8640,27551815.13,3.54,-2.09,-0.29,1.6
2010-02-24,002186,13.42,13.84,13.86,13.41,5870,18942426.1,3.32,1.99,0.27,1.08
2010-02-25,002186,13.97,14.21,14.29,13.82,12134,40277700.39,3.4,2.67,0.37,2.24
2010-02-26,002186,14.07,14.17,14.25,14.02,6977,23151620.06,1.62,-0.28,-0.04,1.29
2010-03-01,002186,14.12,14.36,14.46,14.07,8039,26939934.92,2.75,1.34,0.19,1.49
2010-03-02,002186,14.42,14.25,14.49,14.08,7110,23741955.76,2.86,-0.77,-0.11,1.31
2010-03-03,002186,14.17,14.57,14.7,14.12,11658,39512389.21,4.07,2.25,0.32,2.15
2010-03-04,002186,14.6,13.96,14.67,13.89,12216,40843519.59,5.35,-4.19,-0.61,2.26
2010-03-05,002186,13.93,13.92,14.07,13.77,6617,21697759.18,2.15,-0.29,-0.04,1.22
2010-03-08,002186,13.93,14.01,14.2,13.93,5139,16962591.4,1.94,0.65,0.09,0.95
2010-03-09,002186,14.07,14.2,14.26,13.97,5878,19510836.57,2.07,1.36,0.19,1.09
2010-03-10,002186,14.27,13.85,14.27,13.72,5107,16787670.31,3.87,-2.46,-0.35,0.94
2010-03-11,002186,13.79,13.72,13.96,13.62,5944,19234676.89,2.45,-0.94,-0.13,1.1
2010-03-12,002186,13.8,13.65,13.87,13.6,5231,16866706.52,1.97,-0.51,-0.07,0.97
2010-03-15,002186,13.6,13.28,13.72,13.22,8325,26382768.77,3.66,-2.71,-0.37,1.54
2010-03-16,002186,13.25,13.32,13.35,13.2,5616,17639529.46,1.13,0.3,0.04,1.04
2010-03-17,002186,13.38,13.6,13.65,13.31,6488,20634407.36,2.55,2.1,0.28,1.2
2010-03-18,002186,13.67,13.6,13.69,13.55,9536,30585927.13,1.03,0.0,0.0,1.76
2010-03-19,002186,13.66,13.63,13.67,13.46,6250,20017867.58,1.54,0.22,0.03,1.15
2010-03-22,002186,13.63,13.8,13.9,13.55,7282,23536207.44,2.57,1.25,0.17,1.35
2010-03-23,002186,13.73,13.61,13.79,13.57,5070,16324767.85,1.59,-1.38,-0.19,0.94
2010-03-24,002186,13.58,13.67,13.85,13.57,6341,20480945.36,2.06,0.44,0.06,1.17
2010-03-25,002186,13.63,13.92,14.04,13.61,11317,36795455.97,3.15,1.83,0.25,2.09
2010-03-26,002186,13.92,14.42,14.61,13.87,21303,71412593.27,5.32,3.59,0.5,3.94
2010-03-29,002186,14.42,14.27,14.54,14.21,11602,38840068.44,2.29,-1.04,-0.15,2.14
2010-03-30,002186,14.12,14.12,14.26,14.05,13044,43153094.59,1.47,-1.05,-0.15,2.41
2010-03-31,002186,14.12,14.02,14.21,13.95,8246,27183437.13,1.84,-0.71,-0.1,1.52
2010-04-01,002186,14.06,14.27,14.39,14.02,12459,41412344.36,2.64,1.78,0.25,2.3
2010-04-02,002186,14.27,14.1,14.32,14.07,9011,29868480.2,1.75,-1.19,-0.17,1.66
2010-04-06,002186,14.13,14.3,14.3,14.13,8960,29840066.26,1.21,1.42,0.2,1.66
2010-04-07,002186,14.3,14.27,14.45,14.18,8792,29394275.36,1.89,-0.21,-0.03,1.62
2010-04-08,002186,14.27,14.47,14.54,14.17,16266,54701333.95,2.59,1.4,0.2,3.01
2010-04-09,002186,14.43,14.56,14.61,14.34,13677,46291938.89,1.87,0.62,0.09,2.53
2010-04-12,002186,14.55,14.71,14.82,14.43,16816,57425900.54,2.68,1.03,0.15,3.11
2010-04-13,002186,14.66,14.15,14.72,13.88,16465,55218960.23,5.71,-3.81,-0.56,3.04
2010-04-14,002186,14.15,14.25,14.29,14.05,7474,24862483.0,1.7,0.71,0.1,1.38
2010-04-15,002186,14.23,14.12,14.31,13.93,8207,27109301.11,2.67,-0.91,-0.13,1.52
2010-04-16,002186,14.02,13.9,14.12,13.76,7033,22972124.28,2.55,-1.56,-0.22,1.3
2010-04-19,002186,13.74,13.47,14.01,13.46,9199,29689059.14,3.96,-3.09,-0.43,1.7
2010-04-20,002186,13.42,13.7,13.72,13.31,7560,24099391.92,3.04,1.71,0.23,1.4
2010-04-21,002186,13.62,14.0,14.05,13.6,8395,27415841.39,3.28,2.19,0.3,1.55
2010-04-22,002186,13.97,14.04,14.17,13.76,8790,28943124.32,2.93,0.29,0.04,1.62
2010-04-23,002186,14.06,14.16,14.2,13.84,7808,25716442.43,2.56,0.85,0.12,1.44
2010-04-26,002186,14.21,14.25,14.47,14.02,11558,38579251.89,3.18,0.64,0.09,2.14
2010-04-28,002186,13.71,13.77,14.0,13.57,9149,29656649.91,3.02,-3.37,-0.48,1.69
2010-04-29,002186,13.8,13.32,13.95,13.32,9500,30599552.41,4.58,-3.27,-0.45,1.75
2010-04-30,002186,13.33,12.64,13.47,12.42,12191,37160127.21,7.88,-5.11,-0.68,2.25
2010-05-04,002186,12.48,12.49,12.78,12.4,5515,16564757.02,3.01,-1.19,-0.15,1.02
2010-05-05,002186,12.36,12.75,12.82,12.32,5896,17661978.9,4.0,2.08,0.26,1.09
2010-05-06,002186,12.72,12.44,12.97,12.42,6748,20426519.71,4.31,-2.43,-0.31,1.25
2010-05-07,002186,12.3,11.95,12.31,11.94,9307,26973065.15,2.97,-3.94,-0.49,1.72
2010-05-10,002186,12.01,11.91,12.18,11.66,5202,14910048.59,4.35,-0.33,-0.04,0.96
2010-05-11,002186,12.07,11.77,12.22,11.62,4815,13861520.15,5.04,-1.18,-0.14,0.89
2010-05-12,002186,11.67,11.6,11.96,11.52,5298,14932059.1,3.74,-1.44,-0.17,0.98
2010-05-13,002186,11.71,11.82,11.87,11.42,5580,15759698.73,3.88,1.9,0.22,1.03
2010-05-14,002186,11.82,12.06,12.07,11.76,6671,19161530.86,2.62,2.03,0.24,1.23
2010-05-17,002186,11.98,11.36,11.98,11.36,4661,13073529.61,5.14,-5.8,-0.7,0.86
2010-05-18,002186,11.45,11.48,11.72,11.11,5648,15570029.25,5.37,1.06,0.12,1.04
2010-05-19,002186,11.36,11.4,11.66,11.24,3593,9991226.53,3.66,-0.7,-0.08,0.66
2010-05-20,002186,11.37,11.41,11.83,11.31,4464,12514820.0,4.56,0.09,0.01,0.82
2010-05-21,002186,11.11,11.63,11.66,10.92,6786,18559757.16,6.49,1.93,0.22,1.25
2010-05-24,002186,11.65,12.1,12.14,11.63,9472,27271870.07,4.39,4.04,0.47,1.75
2010-05-25,002186,12.07,12.16,12.17,11.77,7808,22532742.85,3.31,0.5,0.06,1.44
2010-05-26,002186,12.13,11.98,12.14,11.89,5046,14352751.33,2.06,-1.48,-0.18,0.93
2010-05-27,002186,12.1,12.16,12.19,11.92,5376,15344121.47,2.25,1.5,0.18,0.99
2010-05-28,002186,12.24,12.06,12.32,12.02,5605,16112759.64,2.47,-0.82,-0.1,1.04
2010-05-31,002186,12.06,11.62,12.06,11.57,5431,15210443.45,4.06,-3.65,-0.44,1.0
2010-06-01,002186,11.6,11.43,11.67,11.27,4487,12238488.78,3.44,-1.64,-0.19,0.83
2010-06-02,002186,11.43,11.63,11.66,11.27,3683,10044403.37,3.41,1.75,0.2,0.68
2010-06-03,002186,11.76,11.48,11.77,11.48,3296,9112721.8,2.49,-1.29,-0.15,0.61
2010-06-04,002186,11.46,11.59,11.65,11.33,3000,8217192.09,2.79,0.96,0.11,0.55
2010-06-07,002186,11.41,11.86,12.07,11.26,6001,16542794.48,6.99,2.33,0.27,1.11
2010-06-08,002186,11.73,11.88,11.96,11.73,5695,16008084.79,1.94,0.17,0.02,1.05
2010-06-09,002186,12.02,12.04,12.04,11.83,5732,16210328.35,1.77,1.35,0.16,1.06
2010-06-11,002186,12.16,11.97,12.16,11.92,5152,14618265.72,1.99,-0.58,-0.07,0.95
2010-06-17,002186,12.06,12.45,12.62,11.89,13994,40616557.4,6.1,4.01,0.48,2.59
2010-06-18,002186,12.45,12.12,12.45,11.86,9142,26302887.71,4.74,-2.65,-0.33,1.69
2010-06-21,002186,12.06,12.46,12.55,12.02,7417,21556303.09,4.37,2.81,0.34,1.37
2010-06-22,002186,12.46,12.41,12.61,12.37,5523,16211531.05,1.93,-0.4,-0.05,1.02
2010-06-23,002186,12.37,12.32,12.42,12.12,3463,10005334.82,2.42,-0.73,-0.09,0.64
2010-06-24,002186,12.34,12.25,12.45,12.17,2658,7670339.82,2.27,-0.57,-0.07,0.49
2010-06-25,002186,12.21,11.97,12.22,11.92,3174,9037395.42,2.45,-2.29,-0.28,0.59
2010-06-28,002186,11.99,11.91,12.16,11.89,1989,5632862.59,2.26,-0.5,-0.06,0.37
2010-06-29,002186,11.95,11.33,12.12,11.33,8505,23462195.55,6.63,-4.87,-0.58,1.57
2010-06-30,002186,11.32,10.97,11.57,10.88,5195,13759680.91,6.09,-3.18,-0.36,0.96
2010-07-01,002186,10.96,10.89,11.19,10.84,2922,7701824.62,3.19,-0.73,-0.08,0.54
2010-07-02,002186,10.99,10.92,11.01,10.32,4831,12531944.74,6.34,0.28,0.03,0.89
2010-07-05,002186,10.77,10.77,11.01,10.37,2387,6154352.93,5.86,-1.37,-0.15,0.44
2010-07-06,002186,10.74,11.02,11.08,10.63,3545,9332225.62,4.18,2.32,0.25,0.65
2010-07-07,002186,11.02,11.09,11.15,10.89,2150,5682506.23,2.36,0.64,0.07,0.4
2010-07-08,002186,11.07,11.17,11.27,10.78,4896,13016392.13,4.42,0.72,0.08,0.9
2010-07-09,002186,11.18,11.49,11.57,11.08,6639,18055589.0,4.39,2.86,0.32,1.23
2010-07-12,002186,11.47,11.43,11.51,11.33,4928,13425032.9,1.57,-0.52,-0.06,0.91
2010-07-13,002186,11.46,11.43,11.54,11.39,4852,13257163.65,1.31,0.0,0.0,0.9
2010-07-14,002186,11.52,11.43,11.6,11.37,5383,14717128.5,2.01,0.0,0.0,0.99
2010-07-15,002186,11.44,11.33,11.62,11.32,5186,14156968.48,2.62,-0.87,-0.1,0.96
2010-07-16,002186,11.32,11.52,11.53,11.2,3823,10377403.32,2.91,1.68,0.19,0.71
2010-07-19,002186,11.5,11.64,11.82,11.38,8963,24765649.25,3.82,1.04,0.12,1.66
2010-07-20,002186,11.64,11.85,11.92,11.58,13002,36368755.6,2.92,1.8,0.21,2.4
2010-07-21,002186,11.82,11.74,11.92,11.73,7157,20000625.92,1.6,-0.93,-0.11,1.32
2010-07-22,002186,11.75,11.78,11.86,11.64,7264,20227160.76,1.87,0.34,0.04,1.34
2010-07-23,002186,11.78,11.73,11.88,11.59,10510,29171690.41,2.46,-0.42,-0.05,1.94
2010-07-26,002186,11.73,11.85,11.87,11.66,7195,20095951.0,1.79,1.02,0.12,1.33
2010-07-27,002186,11.9,12.01,12.17,11.85,9930,28273564.15,2.7,1.35,0.16,1.83
2010-07-28,002186,11.86,12.07,12.1,11.82,9929,28103756.57,2.33,0.5,0.06,1.83
2010-07-29,002186,12.09,12.09,12.26,11.99,6796,19409862.32,2.24,0.17,0.02,1.26
2010-07-30,002186,12.04,12.13,12.21,12.04,5410,15467673.27,1.41,0.33,0.04,1.0
2010-08-02,002186,12.13,12.3,12.31,12.07,8121,23386295.42,1.98,1.4,0.17,1.5
2010-08-03,002186,12.36,12.04,12.36,12.04,6781,19448340.36,2.6,-2.11,-0.26,1.25
2010-08-04,002186,11.89,12.1,12.1,11.89,4979,14084730.69,1.74,0.5,0.06,0.92
2010-08-05,002186,12.12,12.04,12.16,11.98,8239,23486542.7,1.49,-0.5,-0.06,1.52
2010-08-06,002186,12.07,12.41,12.44,11.97,15038,43569588.44,3.9,3.07,0.37,2.78
2010-08-09,002186,12.56,12.69,12.77,12.28,15247,44801132.63,3.95,2.26,0.28,2.82
2010-08-10,002186,12.66,12.04,12.71,12.01,9739,28319028.99,5.52,-5.12,-0.65,1.8
2010-08-11,002186,12.04,12.32,12.49,12.02,9968,28859578.84,3.9,2.33,0.28,1.84
2010-08-12,002186,12.14,12.06,12.32,11.96,5199,14898565.24,2.92,-2.11,-0.26,0.96
2010-08-13,002186,12.05,12.27,12.35,12.02,5773,16568562.3,2.74,1.74,0.21,1.07
2010-08-16,002186,12.26,12.52,12.55,12.22,10988,32160327.2,2.69,2.04,0.25,2.03
2010-08-17,002186,12.52,12.5,12.62,12.38,7223,21178582.99,1.92,-0.16,-0.02,1.33
2010-08-18,002186,12.5,12.56,12.59,12.41,7995,23489259.46,1.44,0.48,0.06,1.48
2010-08-19,002186,12.52,12.32,12.59,12.31,11427,33389963.99,2.23,-1.91,-0.24,2.11
2010-08-20,002186,12.16,11.97,12.3,11.93,10247,29280372.7,3.0,-2.84,-0.35,1.89
2010-08-23,002186,11.98,12.12,12.28,11.98,5521,15833958.03,2.51,1.25,0.15,1.02
2010-08-24,002186,12.14,12.17,12.26,12.07,4114,11824246.06,1.57,0.41,0.05,0.76
2010-08-25,002186,12.1,11.88,12.17,11.87,4893,13893247.05,2.47,-2.38,-0.29,0.9
2010-08-26,002186,11.92,12.05,12.12,11.88,4078,11575394.02,2.02,1.43,0.17,0.75
2010-08-27,002186,12.02,12.26,12.29,11.97,5215,14977713.55,2.66,1.74,0.21,0.96
2010-08-30,002186,12.32,12.62,12.74,12.32,14997,44349128.5,3.43,2.94,0.36,2.77
2010-08-31,002186,12.56,12.97,13.16,12.51,21366,64852722.97,5.15,2.77,0.35,3.95
2010-09-01,002186,13.01,12.73,13.11,12.56,14188,42614238.23,4.24,-1.85,-0.24,2.62
2010-09-02,002186,12.87,13.05,13.14,12.74,12932,39301461.63,3.14,2.51,0.32,2.39
2010-09-03,002186,13.12,13.03,13.27,12.88,11020,33641524.98,2.99,-0.15,-0.02,2.04
2010-09-06,002186,13.03,12.96,13.19,12.81,12376,37499576.42,2.92,-0.54,-0.07,2.29
2010-09-07,002186,12.92,12.93,13.01,12.82,8129,24543528.28,1.47,-0.23,-0.03,1.5
2010-09-08,002186,12.94,13.94,14.26,12.86,30802,98143738.08,10.83,7.81,1.01,5.69
2010-09-09,002186,13.81,14.48,14.48,13.75,44170,144575338.78,5.24,3.87,0.54,8.16
2010-09-10,002186,14.32,15.02,15.15,14.22,40208,136824070.1,6.42,3.73,0.54,7.43
2010-09-13,002186,15.21,15.2,15.44,14.82,25004,86652543.01,4.13,1.2,0.18,4.62
2010-09-14,002186,15.31,14.9,15.31,14.85,16898,58060241.0,3.03,-1.97,-0.3,3.12
2010-09-15,002186,14.86,15.06,15.46,14.77,18012,62219054.61,4.63,1.07,0.16,3.33
2010-09-16,002186,15.06,13.95,15.06,13.82,19731,64944546.94,8.23,-7.37,-1.11,3.65
2010-09-17,002186,14.0,13.96,14.26,13.67,13575,43838661.78,4.23,0.07,0.01,2.51
2010-09-20,002186,13.99,14.02,14.26,13.78,9948,32338346.1,3.44,0.43,0.06,1.84
2010-09-21,002186,14.04,13.95,14.19,13.84,5581,18077153.93,2.5,-0.5,-0.07,1.03
2010-09-27,002186,14.02,14.26,14.32,13.82,9192,30059275.73,3.58,2.22,0.31,1.7
2010-09-28,002186,14.22,13.99,14.29,13.81,9992,32362210.99,3.37,-1.89,-0.27,1.85
2010-09-29,002186,14.02,13.51,14.02,13.42,8502,26909462.61,4.29,-3.43,-0.48,1.57
2010-09-30,002186,13.38,13.7,13.74,13.38,4982,15742619.13,2.66,1.41,0.19,0.92
2010-10-08,002186,13.73,14.03,14.14,13.73,8708,28149787.01,2.99,2.41,0.33,1.61
2010-10-11,002186,13.96,13.94,14.26,13.9,10424,33857511.6,2.57,-0.64,-0.09,1.93
2010-10-12,002186,13.96,13.97,14.18,13.92,7641,24769677.54,1.87,0.22,0.03,1.41
2010-10-13,002186,13.9,14.59,14.61,13.9,12452,40723386.06,5.08,4.44,0.62,2.3
2010-10-14,002186,14.76,13.92,14.76,13.82,14602,48145408.72,6.44,-4.59,-0.67,2.7
2010-10-15,002186,13.75,13.52,14.05,13.44,13471,42899313.61,4.38,-2.87,-0.4,2.49
2010-10-18,002186,13.47,13.25,13.51,13.02,8713,26848730.38,3.62,-2.0,-0.27,1.61
2010-10-19,002186,13.26,13.67,13.7,13.17,5776,18172279.42,4.0,3.17,0.42,1.07
2010-10-20,002186,13.59,13.53,13.81,13.42,7810,24680096.24,2.85,-1.02,-0.14,1.44
2010-10-21,002186,13.61,13.59,13.61,13.45,5372,16908189.5,1.18,0.44,0.06,0.99
2010-10-22,002186,13.59,13.71,13.79,13.56,6961,22151535.81,1.69,0.88,0.12,1.29
2010-10-25,002186,13.71,14.09,14.22,13.66,10627,34492243.44,4.08,2.77,0.38,1.96
2010-10-26,002186,14.09,14.22,14.22,13.92,7742,25138480.26,2.13,0.92,0.13,1.43
2010-10-27,002186,14.22,14.2,14.65,14.15,10231,33911624.81,3.52,-0.14,-0.02,1.89
2010-10-28,002186,14.17,14.35,14.49,14.07,6715,22142345.13,2.96,1.06,0.15,1.24
2010-10-29,002186,14.44,14.31,14.47,14.07,6047,19901695.84,2.79,-0.28,-0.04,1.12
2010-11-01,002186,14.31,14.46,14.56,14.12,10008,33344948.3,3.07,1.05,0.15,1.85
2010-11-02,002186,14.46,14.43,14.96,14.42,11155,37610610.05,3.73,-0.21,-0.03,2.06
2010-11-03,002186,14.37,14.05,14.41,13.82,7510,24447064.74,4.09,-2.63,-0.38,1.39
2010-11-04,002186,14.02,14.19,14.29,14.02,6017,19650070.53,1.92,1.0,0.14,1.11
2010-11-05,002186,14.31,14.46,14.48,14.19,8613,28367175.25,2.04,1.9,0.27,1.59
2010-11-08,002186,14.46,15.04,15.12,14.32,18838,64083530.23,5.53,4.01,0.58,3.48
2010-11-09,002186,15.06,14.95,15.18,14.74,10972,37571014.53,2.93,-0.6,-0.09,2.03
2010-11-10,002186,14.97,15.27,15.45,14.89,15473,53896746.05,3.75,2.14,0.32,2.86
2010-11-11,002186,15.16,14.82,15.62,14.82,16896,59245049.34,5.24,-2.95,-0.45,3.12
2010-11-12,002186,14.77,13.83,14.82,13.57,16574,54535280.12,8.43,-6.68,-0.99,3.06
2010-11-15,002186,13.91,14.31,14.47,13.85,10333,33685211.9,4.48,3.47,0.48,1.91
2010-11-16,002186,14.32,13.85,14.57,13.8,9494,31054386.95,5.38,-3.21,-0.46,1.75
2010-11-17,002186,13.81,14.3,14.8,13.7,15622,51872117.65,7.94,3.25,0.45,2.89
2010-11-18,002186,14.27,14.07,14.41,13.77,8283,26915732.36,4.48,-1.61,-0.23,1.53
2010-11-19,002186,14.09,14.77,14.82,13.92,14846,49685665.94,6.4,4.98,0.7,2.74
2010-11-22,002186,14.62,14.89,15.15,14.48,23220,79149357.45,4.54,0.81,0.12,1.64
2010-11-23,002186,14.82,16.6,16.6,14.65,74711,276375626.7,13.1,11.48,1.71,5.28
2010-11-24,002186,16.81,17.28,18.06,16.32,85631,330847871.25,10.48,4.1,0.68,6.05
2010-11-25,002186,16.92,16.91,17.38,16.52,46928,179268703.68,4.98,-2.14,-0.37,3.32
2010-11-26,002186,16.82,17.06,17.71,16.73,35161,136138656.96,5.8,0.89,0.15,2.48
2010-11-29,002186,17.06,17.45,17.58,16.57,33222,127542999.77,5.92,2.29,0.39,2.35
2010-11-30,002186,17.38,16.32,17.39,15.82,35522,132801390.62,9.0,-6.48,-1.13,2.51
2010-12-01,002186,16.37,16.44,16.86,16.21,18988,70992915.36,3.98,0.74,0.12,1.34
2010-12-02,002186,16.7,16.27,16.7,16.27,18793,69937955.92,2.62,-1.03,-0.17,1.33
2010-12-03,002186,16.32,15.81,16.52,15.57,19267,69578572.69,5.84,-2.83,-0.46,1.36
2010-12-06,002186,15.82,15.77,15.97,15.59,14283,51188095.18,2.4,-0.25,-0.04,1.01
2010-12-07,002186,15.72,15.92,16.01,15.37,12802,45851468.59,4.06,0.95,0.15,0.9
2010-12-08,002186,15.82,15.69,16.0,15.62,11596,41630042.97,2.39,-1.44,-0.23,0.82
2010-12-09,002186,15.64,15.18,15.67,15.17,12237,43021973.6,3.19,-3.25,-0.51,0.86
2010-12-10,002186,15.16,15.4,15.5,15.14,7432,26075693.35,2.37,1.45,0.22,0.53
2010-12-13,002186,15.51,15.97,15.99,15.51,13730,49449474.23,3.12,3.7,0.57,0.97
2010-12-14,002186,16.12,16.19,16.19,15.92,11060,40296052.91,1.69,1.38,0.22,0.78
2010-12-15,002186,16.31,15.96,16.41,15.95,10213,37307776.62,2.84,-1.42,-0.23,0.72
2010-12-16,002186,15.95,15.91,16.11,15.85,7375,26738431.93,1.63,-0.31,-0.05,0.52
2010-12-17,002186,15.92,16.47,16.67,15.92,17412,64786539.91,4.71,3.52,0.56,1.23
2010-12-20,002186,16.42,15.96,16.81,15.59,20162,74158333.8,7.41,-3.1,-0.51,1.42
2010-12-21,002186,16.0,16.22,16.22,15.72,11557,41874719.83,3.13,1.63,0.26,0.82
2010-12-22,002186,16.17,16.35,16.47,15.96,11866,43827599.91,3.14,0.8,0.13,0.84
2010-12-23,002186,16.27,15.71,16.37,15.62,9682,35134341.97,4.59,-3.91,-0.64,0.68
2010-12-24,002186,15.7,15.27,15.71,15.26,8610,30275752.11,2.86,-2.8,-0.44,0.61
2010-12-27,002186,15.32,14.6,15.54,14.59,8983,31070573.71,6.22,-4.39,-0.67,0.63
2010-12-28,002186,14.57,14.12,14.75,14.02,10088,33329546.21,5.0,-3.29,-0.48,0.71
2010-12-29,002186,14.22,14.47,14.76,14.19,9375,31195948.49,4.04,2.48,0.35,0.66
2010-12-30,002186,14.44,14.4,14.69,14.27,8967,29960740.12,2.9,-0.48,-0.07,0.63
2010-12-31,002186,14.31,14.52,14.69,14.07,23841,78901329.38,4.31,0.83,0.12,1.72
2011-01-04,002186,14.51,14.9,14.92,14.17,32709,109137424.91,5.17,2.62,0.38,2.35
2011-01-05,002186,14.67,14.58,14.79,14.51,14334,48127825.1,1.88,-2.15,-0.32,1.03
2011-01-06,002186,14.54,14.3,14.67,14.12,12227,40468758.17,3.77,-1.92,-0.28,0.88
2011-01-07,002186,14.3,14.22,14.42,14.11,10661,35040021.56,2.17,-0.56,-0.08,0.77
2011-01-10,002186,14.27,13.98,14.32,13.98,9110,29766238.83,2.39,-1.69,-0.24,0.66
2011-01-11,002186,13.98,13.84,14.08,13.7,8838,28293215.32,2.72,-1.0,-0.14,0.64
2011-01-12,002186,13.86,14.03,14.04,13.8,6482,20884888.48,1.73,1.37,0.19,0.47
2011-01-13,002186,14.04,14.12,14.28,14.02,7382,24099778.72,1.85,0.64,0.09,0.53
2011-01-14,002186,14.07,13.76,14.19,13.74,5747,18387589.22,3.19,-2.55,-0.36,0.41
2011-01-17,002186,13.62,13.02,13.68,12.82,10360,31831191.32,6.25,-5.38,-0.74,0.75
2011-01-18,002186,12.87,12.94,13.09,12.82,5165,15630566.0,2.07,-0.61,-0.08,0.37
2011-01-19,002186,12.87,13.16,13.19,12.87,4638,14159694.31,2.47,1.7,0.22,0.33
2011-01-20,002186,13.16,12.57,13.16,12.57,7391,22198959.2,4.48,-4.48,-0.59,0.53
2011-01-21,002186,12.51,12.72,12.91,12.47,5088,15133503.17,3.5,1.19,0.15,0.37
2011-01-24,002186,12.56,12.4,12.62,12.14,11093,32249733.42,3.77,-2.52,-0.32,0.8
2011-01-25,002186,12.36,12.22,12.36,12.07,4582,13161139.41,2.34,-1.45,-0.18,0.33
2011-01-26,002186,12.31,12.45,12.45,12.18,3983,11573276.88,2.21,1.88,0.23,0.29
2011-01-27,002186,12.37,12.63,12.71,12.23,6553,19337181.37,3.86,1.45,0.18,0.47
2011-01-28,002186,12.62,13.01,13.24,12.56,9450,28416316.58,5.38,3.01,0.38,0.68
2011-01-31,002186,12.93,13.01,13.07,12.86,5259,15948601.28,1.61,0.0,0.0,0.38
2011-02-01,002186,13.06,12.91,13.12,12.89,5076,15354044.22,1.77,-0.77,-0.1,0.37
2011-02-09,002186,12.96,12.66,12.97,12.63,4279,12804922.13,2.63,-1.94,-0.25,0.31
2011-02-10,002186,12.58,12.91,12.92,12.48,5617,16795272.61,3.48,1.97,0.25,0.4
2011-02-11,002186,12.91,13.07,13.16,12.84,7465,22734832.81,2.48,1.24,0.16,0.54
2011-02-14,002186,13.08,13.29,13.38,13.08,9409,29049946.53,2.3,1.68,0.22,0.68
2011-02-15,002186,13.29,13.29,13.48,13.17,9887,30617509.8,2.33,0.0,0.0,0.71
2011-02-16,002186,13.27,13.44,13.49,13.22,8189,25456177.53,2.03,1.13,0.15,0.59
2011-02-17,002186,13.44,13.55,13.61,13.34,9073,28446325.61,2.01,0.82,0.11,0.65
2011-02-18,002186,13.56,13.28,13.57,13.26,7634,23790421.79,2.29,-1.99,-0.27,0.55
2011-02-21,002186,13.23,13.63,13.63,13.18,9720,30447407.34,3.39,2.64,0.35,0.7
2011-02-22,002186,13.64,13.14,13.67,13.14,10256,31970363.74,3.89,-3.6,-0.49,0.74
2011-02-23,002186,13.14,13.21,13.25,13.07,6845,20980224.47,1.37,0.53,0.07,0.49
2011-02-24,002186,13.21,13.32,13.34,13.05,5027,15481489.58,2.2,0.83,0.11,0.36
2011-02-25,002186,13.37,13.51,13.65,13.26,9144,28651783.71,2.93,1.43,0.19,0.66
2011-02-28,002186,13.61,13.66,13.76,13.37,10349,32691283.23,2.89,1.11,0.15,0.74
2011-03-01,002186,13.71,13.72,13.81,13.52,11347,36009032.99,2.12,0.44,0.06,0.82
2011-03-02,002186,13.66,13.69,13.76,13.48,7691,24335588.76,2.04,-0.22,-0.03,0.55
2011-03-03,002186,13.7,13.69,13.93,13.55,9577,30522175.87,2.78,0.0,0.0,0.69
2011-03-04,002186,13.63,14.12,14.17,13.63,20016,64834566.96,3.94,3.14,0.43,1.44
2011-03-07,002186,14.17,14.04,14.29,13.97,13433,43787692.75,2.27,-0.57,-0.08,0.97
2011-03-08,002186,14.04,14.11,14.21,13.97,8619,28010471.4,1.71,0.5,0.07,0.62
2011-03-09,002186,14.07,13.92,14.18,13.79,10255,33075273.11,2.76,-1.35,-0.19,0.74
2011-03-10,002186,13.84,13.97,14.09,13.72,7961,25618243.95,2.66,0.36,0.05,0.57
2011-03-11,002186,13.94,14.19,14.2,13.83,10932,35590480.91,2.65,1.57,0.22,0.79
2011-03-14,002186,14.21,14.49,14.6,14.08,14736,48794019.23,3.66,2.11,0.3,1.06
2011-03-15,002186,14.11,13.98,14.21,13.27,19748,63065148.62,6.49,-3.52,-0.51,1.42
2011-03-16,002186,13.77,13.87,13.99,13.72,10075,32322896.68,1.93,-0.79,-0.11,0.73
2011-03-17,002186,13.82,13.6,13.82,13.53,8302,26331271.99,2.09,-1.95,-0.27,0.6
2011-03-18,002186,13.6,13.65,13.8,13.6,4587,14545457.94,1.47,0.37,0.05,0.33
2011-03-21,002186,13.61,13.71,13.77,13.53,5253,16679391.72,1.76,0.44,0.06,0.38
2011-03-22,002186,13.69,13.58,13.78,13.42,5740,18099981.09,2.63,-0.95,-0.13,0.41
2011-03-23,002186,13.57,13.67,13.75,13.49,5114,16176154.48,1.91,0.66,0.09,0.37
2011-03-24,002186,13.68,13.59,13.75,13.57,5646,17888139.13,1.32,-0.59,-0.08,0.41
2011-03-25,002186,13.64,13.73,13.75,13.52,5272,16733930.25,1.69,1.03,0.14,0.38
2011-03-28,002186,13.74,13.56,13.82,13.54,7341,23236847.29,2.04,-1.24,-0.17,0.53
2011-03-29,002186,13.67,13.02,13.67,13.02,9124,28160509.41,4.79,-3.98,-0.54,0.66
2011-03-30,002186,13.06,12.96,13.14,12.91,4619,14004337.89,1.77,-0.46,-0.06,0.33
2011-03-31,002186,13.01,12.89,13.02,12.76,4721,14220655.05,2.01,-0.54,-0.07,0.34
2011-04-01,002186,12.89,12.98,13.0,12.86,3497,10579335.4,1.09,0.7,0.09,0.25
2011-04-06,002186,12.99,13.09,13.3,12.99,3562,10872054.67,2.39,0.85,0.11,0.26
2011-04-07,002186,13.1,13.14,13.14,13.03,3336,10190901.44,0.84,0.38,0.05,0.24
2011-04-08,002186,13.14,13.23,13.25,13.07,4128,12659367.02,1.37,0.68,0.09,0.3
2011-04-11,002186,13.22,13.11,13.26,13.09,5339,16368921.87,1.28,-0.91,-0.12,0.38
2011-04-12,002186,13.11,13.01,13.16,12.85,6485,19628194.71,2.36,-0.76,-0.1,0.47
2011-04-13,002186,13.01,13.2,13.2,12.83,5829,17753039.7,2.84,1.46,0.19,0.42
2011-04-14,002186,13.11,13.07,13.2,13.01,4502,13746179.81,1.44,-0.98,-0.13,0.32
2011-04-15,002186,13.08,12.98,13.13,12.92,4772,14493061.44,1.61,-0.69,-0.09,0.34
2011-04-18,002186,12.98,13.16,13.16,12.88,5092,15551501.69,2.16,1.39,0.18,0.37
2011-04-19,002186,13.09,12.84,13.1,12.81,6405,19276004.5,2.2,-2.43,-0.32,0.46
2011-04-20,002186,12.84,12.97,13.0,12.84,3134,9488098.24,1.25,1.01,0.13,0.23
2011-04-21,002186,12.99,13.14,13.26,12.99,6080,18666556.38,2.08,1.31,0.17,0.44
2011-04-25,002186,13.14,13.44,13.65,13.07,12557,39078479.91,4.41,2.28,0.3,0.9
2011-04-26,002186,13.49,13.22,13.49,13.12,5364,16535531.41,2.75,-1.64,-0.22,0.39
2011-04-27,002186,13.31,12.97,13.36,12.92,4596,14101906.5,3.33,-1.89,-0.25,0.33
2011-04-28,002186,12.96,12.37,13.09,12.34,8356,24834678.83,5.78,-4.63,-0.6,0.6
2011-04-29,002186,12.37,12.64,12.71,12.3,4382,12868942.72,3.31,2.18,0.27,0.32
2011-05-03,002186,12.63,12.63,12.71,12.51,2458,7273702.39,1.58,-0.08,-0.01,0.18
2011-05-04,002186,12.62,12.38,12.62,12.36,3794,11105233.72,2.06,-1.98,-0.25,0.27
2011-05-05,002186,12.37,12.46,12.52,12.34,2035,5958088.19,1.45,0.65,0.08,0.15
2011-05-06,002186,12.41,12.4,12.5,12.27,2781,8099266.9,1.85,-0.48,-0.06,0.2
2011-05-09,002186,12.41,12.55,12.62,12.41,2341,6887528.16,1.69,1.21,0.15,0.17
2011-05-10,002186,12.55,12.59,12.62,12.47,2166,6378600.84,1.2,0.32,0.04,0.16
2011-05-11,002186,12.62,12.54,12.69,12.35,2608,7683291.13,2.7,-0.4,-0.05,0.19
2011-05-12,002186,12.48,12.42,12.64,12.4,2104,6172857.58,1.91,-0.96,-0.12,0.15
2011-05-13,002186,12.42,12.49,12.55,12.3,2340,6832009.04,2.01,0.56,0.07,0.17
2011-05-16,002186,12.57,12.49,12.59,12.46,2125,6239679.66,1.04,0.0,0.0,0.15
2011-05-17,002186,12.57,12.43,12.57,12.31,2713,7931404.31,2.08,-0.48,-0.06,0.2
2011-05-18,002186,12.31,12.47,12.51,12.31,2044,5975835.2,1.61,0.32,0.04,0.15
2011-05-19,002186,12.47,12.57,12.62,12.47,2486,7325943.89,1.2,0.8,0.1,0.18
2011-05-20,002186,12.52,12.49,12.64,12.47,1972,5805398.53,1.35,-0.64,-0.08,0.14
2011-05-23,002186,12.51,12.13,12.57,12.12,3486,10079269.18,3.6,-2.88,-0.36,0.25
2011-05-24,002186,12.14,12.15,12.21,11.98,2534,7233034.9,1.9,0.16,0.02,0.18
2011-05-25,002186,12.15,11.96,12.25,11.95,2085,5929650.33,2.47,-1.56,-0.19,0.15
2011-05-26,002186,11.97,11.89,12.07,11.83,3069,8671855.24,2.01,-0.59,-0.07,0.22
2011-05-27,002186,11.89,11.51,11.89,11.38,3785,10420603.95,4.29,-3.2,-0.38,0.27
2011-05-30,002186,11.54,11.46,11.56,11.39,1661,4538714.38,1.48,-0.43,-0.05,0.12
2011-05-31,002186,11.48,11.98,12.07,11.48,4901,13808907.85,5.15,4.54,0.52,0.35
2011-06-01,002186,11.87,12.03,12.16,11.87,2513,7155358.14,2.42,0.42,0.05,0.18
2011-06-02,002186,11.98,11.89,11.99,11.72,2544,7138746.26,2.24,-1.16,-0.14,0.18
2011-06-03,002186,12.06,11.97,12.18,11.97,3374,9435284.16,1.77,0.67,0.08,0.24
2011-06-07,002186,11.97,11.95,12.04,11.87,2948,8187035.2,1.42,-0.17,-0.02,0.21
2011-06-08,002186,12.03,12.06,12.12,11.9,1621,4513198.03,1.84,0.92,0.11,0.12
2011-06-09,002186,12.02,11.77,12.09,11.77,1961,5439546.51,2.65,-2.4,-0.29,0.14
2011-06-10,002186,11.89,11.85,11.91,11.67,1582,4343777.66,2.04,0.68,0.08,0.11
2011-06-13,002186,11.87,11.79,11.87,11.64,1161,3178167.27,1.94,-0.51,-0.06,0.08
2011-06-14,002186,11.73,11.89,11.96,11.73,1714,4731868.98,1.95,0.85,0.1,0.12
2011-06-15,002186,11.87,11.83,11.95,11.76,1421,3920623.02,1.6,-0.5,-0.06,0.1
2011-06-16,002186,11.72,11.55,11.73,11.55,2105,5706393.85,1.52,-2.37,-0.28,0.15
2011-06-17,002186,11.55,11.42,11.57,11.42,1990,5337565.29,1.3,-1.13,-0.13,0.14
2011-06-20,002186,11.42,11.1,11.42,11.06,3068,8043889.39,3.15,-2.8,-0.32,0.22
2011-06-21,002186,11.12,11.22,11.26,11.1,1957,5131442.94,1.44,1.08,0.12,0.14
2011-06-22,002186,11.23,11.22,11.3,11.16,1404,3690090.59,1.25,0.0,0.0,0.1
2011-06-23,002186,11.22,11.45,11.48,11.11,2551,6764149.92,3.3,2.05,0.23,0.18
2011-06-24,002186,11.43,11.72,11.81,11.4,3000,8128959.89,3.58,2.36,0.27,0.22
2011-06-27,002186,11.69,11.76,11.83,11.61,2286,6255789.27,1.88,0.34,0.04,0.16
2011-06-28,002186,11.77,11.85,11.85,11.69,1653,4535037.8,1.36,0.77,0.09,0.12
2011-06-29,002186,11.86,11.6,11.91,11.6,1884,5157364.0,2.62,-2.11,-0.25,0.14
2011-06-30,002186,11.72,11.76,11.79,11.62,1542,4214991.6,1.47,1.38,0.16,0.11
2011-07-01,002186,11.84,11.87,11.97,11.74,2603,7184627.03,1.96,0.94,0.11,0.19
2011-07-04,002186,11.96,12.06,12.14,11.88,3498,9783372.97,2.19,1.6,0.19,0.25
2011-07-05,002186,12.07,12.12,12.27,12.0,3524,9933317.43,2.24,0.5,0.06,0.25
2011-07-06,002186,12.12,12.12,12.17,12.01,2738,7686600.89,1.32,0.0,0.0,0.2
2011-07-07,002186,12.12,12.25,12.33,12.06,4287,12141437.57,2.23,1.07,0.13,0.31
2011-07-08,002186,12.22,12.13,12.29,12.07,2425,6828367.4,1.8,-0.98,-0.12,0.17
2011-07-11,002186,12.04,12.21,12.22,11.99,2613,7343388.71,1.9,0.66,0.08,0.19
2011-07-12,002186,12.18,11.97,12.18,11.93,2472,6904619.64,2.05,-1.97,-0.24,0.18
2011-07-13,002186,11.95,12.3,12.31,11.87,4624,13034821.11,3.68,2.76,0.33,0.33
2011-07-14,002186,12.33,12.44,12.46,12.29,4368,12508644.74,1.38,1.14,0.14,0.31
2011-07-15,002186,12.41,12.59,12.61,12.41,5699,16516725.88,1.61,1.21,0.15,0.41
2011-07-18,002186,12.49,12.52,12.69,12.42,4527,13093406.41,2.14,-0.56,-0.07,0.33
2011-07-19,002186,12.52,12.41,12.52,12.34,2502,7171537.82,1.44,-0.88,-0.11,0.18
2011-07-20,002186,12.42,12.3,12.49,12.21,2668,7611249.85,2.26,-0.89,-0.11,0.19
2011-07-21,002186,12.42,12.93,13.51,12.42,18612,55726729.52,8.86,5.12,0.63,1.34
2011-07-22,002186,12.93,12.69,13.04,12.64,7630,22608192.35,3.09,-1.86,-0.24,0.55
2011-07-25,002186,12.7,12.86,13.51,12.67,13714,40997686.88,6.62,1.34,0.17,0.99
2011-07-26,002186,12.81,13.28,13.37,12.8,15424,46644886.82,4.43,3.27,0.42,1.11
2011-07-27,002186,13.17,13.49,13.55,13.0,14682,44808932.35,4.14,1.58,0.21,1.06
2011-07-28,002186,13.32,13.33,13.42,13.17,8493,25843312.24,1.85,-1.19,-0.16,0.61
2011-07-29,002186,13.23,12.94,13.4,12.9,7297,21896604.94,3.75,-2.93,-0.39,0.53
2011-08-01,002186,12.99,12.89,13.04,12.62,5356,15809223.08,3.25,-0.39,-0.05,0.39
2011-08-02,002186,12.82,12.62,12.82,12.37,6091,17614400.38,3.49,-2.09,-0.27,0.44
2011-08-03,002186,12.49,12.71,12.81,12.47,4724,13810762.85,2.69,0.71,0.09,0.34
2011-08-04,002186,12.77,12.71,12.97,12.64,3859,11366842.0,2.6,0.0,0.0,0.28
2011-08-05,002186,12.32,12.47,12.7,12.21,6022,17347029.81,3.86,-1.89,-0.24,0.43
2011-08-08,002186,12.32,11.55,12.4,11.53,12195,33478822.65,6.98,-7.38,-0.92,0.88
2011-08-09,002186,11.07,11.55,11.59,10.98,7025,18553868.25,5.28,0.0,0.0,0.51
2011-08-10,002186,11.77,11.68,11.84,11.61,6545,17854174.36,1.99,1.13,0.13,0.47
2011-08-11,002186,11.47,11.97,12.03,11.43,5851,16096434.87,5.14,2.48,0.29,0.42
2011-08-12,002186,12.01,11.98,12.16,11.91,5161,14401716.0,2.09,0.08,0.01,0.37
2011-08-15,002186,12.07,12.23,12.3,11.99,4708,13264814.0,2.59,2.09,0.25,0.34
2011-08-16,002186,12.22,12.11,12.27,12.08,3754,10598800.0,1.55,-0.98,-0.12,0.27
2011-08-17,002186,12.08,12.1,12.29,12.08,2360,6659312.0,1.73,-0.08,-0.01,0.17
2011-08-18,002186,12.13,11.73,12.13,11.57,5559,15280812.0,4.63,-3.06,-0.37,0.4
2011-08-19,002186,11.52,11.62,11.64,11.46,4607,12393242.0,1.53,-0.94,-0.11,0.33
2011-08-22,002186,11.6,11.71,11.81,11.6,4125,11247947.0,1.81,0.77,0.09,0.3
2011-08-23,002186,11.82,11.97,12.0,11.77,4486,12418158.0,1.96,2.22,0.26,0.32
2011-08-24,002186,12.02,12.11,12.32,12.02,5489,15492364.0,2.51,1.17,0.14,0.4
2011-08-25,002186,12.12,12.47,12.47,12.02,6558,18660594.0,3.72,2.97,0.36,0.47
2011-08-26,002186,12.43,12.54,12.6,12.33,4713,13589301.0,2.17,0.56,0.07,0.34
2011-08-29,002186,12.51,12.55,12.57,12.39,5274,15194011.0,1.44,0.08,0.01,0.38
2011-08-30,002186,12.57,12.29,12.65,12.23,5630,16227001.0,3.35,-2.07,-0.26,0.41
2011-08-31,002186,12.27,12.33,12.37,12.15,2716,7700635.0,1.79,0.33,0.04,0.2
2011-09-01,002186,12.27,12.46,12.77,12.27,7726,22427765.0,4.06,1.05,0.13,0.56
2011-09-02,002186,12.44,12.27,12.62,12.21,3670,10497519.0,3.29,-1.52,-0.19,0.26
2011-09-05,002186,12.17,11.86,12.17,11.85,4643,12895603.0,2.61,-3.34,-0.41,0.33
2011-09-06,002186,11.67,11.83,11.9,11.53,3723,10196507.0,3.12,-0.25,-0.03,0.27
2011-09-07,002186,11.86,12.13,12.13,11.81,3481,9696969.0,2.7,2.54,0.3,0.25
2011-09-08,002186,12.22,12.02,12.22,12.02,3286,9216890.0,1.65,-0.91,-0.11,0.24
2011-09-09,002186,12.02,12.03,12.2,12.02,2782,7800786.0,1.5,0.08,0.01,0.2
2011-09-13,002186,11.91,11.76,11.91,11.53,2235,6111281.0,3.16,-2.24,-0.27,0.16
2011-09-14,002186,11.89,11.89,11.9,11.67,1714,4709287.0,1.96,1.11,0.13,0.12
2011-09-15,002186,11.96,11.89,12.0,11.86,1538,4262586.0,1.18,0.0,0.0,0.11
2011-09-16,002186,11.98,11.77,11.98,11.75,2580,7120926.0,1.93,-1.01,-0.12,0.19
2011-09-19,002186,11.76,11.51,11.76,11.46,2180,5889704.0,2.55,-2.21,-0.26,0.16
2011-09-20,002186,11.57,11.64,11.69,11.4,1709,4604168.0,2.52,1.13,0.13,0.12
2011-09-21,002186,11.67,11.99,12.05,11.55,3288,9092437.0,4.3,3.01,0.35,0.24
2011-09-22,002186,11.82,11.61,11.96,11.59,3134,8611736.0,3.09,-3.17,-0.38,0.23
2011-09-23,002186,11.52,11.68,11.68,11.43,3264,8824252.0,2.15,0.6,0.07,0.23
2011-09-26,002186,11.67,11.76,11.82,11.62,2714,7411051.0,1.71,0.68,0.08,0.2
2011-09-27,002186,11.76,11.69,11.81,11.54,2392,6508412.0,2.3,-0.6,-0.07,0.17
2011-09-28,002186,11.7,11.52,11.87,11.49,2435,6626425.0,3.25,-1.45,-0.17,0.18
2011-09-29,002186,11.52,11.15,11.56,11.12,3898,10348295.0,3.82,-3.21,-0.37,0.28
2011-09-30,002186,11.31,11.2,11.31,10.98,2405,6300931.0,2.96,0.45,0.05,0.17
2011-10-10,002186,11.29,11.36,11.5,11.07,2344,6227294.0,3.84,1.43,0.16,0.17
2011-10-11,002186,11.57,11.43,11.82,11.32,2632,7115768.0,4.4,0.62,0.07,0.19
2011-10-12,002186,11.44,11.85,11.87,11.3,4293,11718731.0,4.99,3.67,0.42,0.31
2011-10-13,002186,11.8,11.97,12.12,11.8,4266,11864063.0,2.7,1.01,0.12,0.31
2011-10-14,002186,11.92,11.88,11.97,11.75,2217,6116990.0,1.84,-0.75,-0.09,0.16
2011-10-17,002186,11.88,11.86,12.05,11.73,2258,6242901.0,2.69,-0.17,-0.02,0.16
2011-10-18,002186,11.76,11.66,11.9,11.63,3194,8750306.0,2.28,-1.69,-0.2,0.23
2011-10-19,002186,11.7,11.72,11.81,11.6,1776,4848246.0,1.8,0.51,0.06,0.13
2011-10-20,002186,11.68,11.46,11.68,11.38,2060,5527718.0,2.56,-2.22,-0.26,0.15
2011-10-21,002186,11.47,11.51,11.67,11.34,1774,4760470.0,2.88,0.44,0.05,0.13
2011-10-24,002186,11.62,11.77,11.82,11.46,3259,8873796.0,3.13,2.26,0.26,0.23
2011-10-25,002186,11.76,12.07,12.11,11.76,4797,13343029.0,2.97,2.55,0.3,0.35
2011-10-26,002186,12.03,12.16,12.18,11.95,5349,15040887.0,1.91,0.75,0.09,0.38
2011-10-27,002186,12.16,12.05,12.26,12.05,3255,9155300.0,1.73,-0.9,-0.11,0.23
2011-10-28,002186,12.25,12.27,12.28,12.17,4047,11464290.0,0.91,1.83,0.22,0.29
2011-10-31,002186,12.2,12.3,12.41,12.18,3791,10800912.0,1.87,0.24,0.03,0.27
2011-11-01,002186,12.19,12.18,12.34,12.16,3639,10305108.0,1.46,-0.98,-0.12,0.26
2011-11-02,002186,12.08,12.38,12.44,12.04,5266,14865738.0,3.28,1.64,0.2,0.38
2011-11-03,002186,12.38,12.54,12.75,12.33,8374,24344025.0,3.39,1.29,0.16,0.6
2011-11-04,002186,12.55,12.53,12.76,12.44,4906,14216909.0,2.55,-0.08,-0.01,0.35
2011-11-07,002186,12.52,12.47,12.65,12.32,4395,12705030.0,2.63,-0.48,-0.06,0.32
2011-11-08,002186,12.47,12.35,12.63,12.27,5395,15514711.0,2.89,-0.96,-0.12,0.39
2011-11-09,002186,12.37,12.76,12.77,12.37,10190,29711671.0,3.24,3.32,0.41,0.73
2011-11-10,002186,12.76,12.51,12.76,12.51,6296,18287361.0,1.96,-1.96,-0.25,0.45
2011-11-11,002186,12.52,12.7,12.79,12.47,7902,23122963.0,2.56,1.52,0.19,0.57
2011-11-14,002186,12.72,12.9,13.0,12.72,8348,24791408.0,2.2,1.57,0.2,0.6
2011-11-15,002186,12.84,12.86,13.04,12.83,5269,15655545.0,1.63,-0.31,-0.04,0.38
2011-11-16,002186,12.83,12.44,12.9,12.41,4636,13488282.0,3.81,-3.27,-0.42,0.33
2011-11-17,002186,12.39,12.4,12.56,12.33,4664,13395457.0,1.85,-0.32,-0.04,0.34
2011-11-18,002186,12.4,12.14,12.41,12.12,3819,10813872.0,2.34,-2.1,-0.26,0.27
2011-11-21,002186,12.11,12.25,12.25,12.09,3061,8625984.0,1.32,0.91,0.11,0.22
2011-11-22,002186,12.15,12.49,12.52,12.15,3256,9319812.0,3.02,1.96,0.24,0.23
2011-11-23,002186,12.48,12.59,12.65,12.43,4228,12250744.0,1.76,0.8,0.1,0.3
2011-11-24,002186,12.52,12.74,12.78,12.37,5238,15281800.0,3.26,1.19,0.15,0.38
2011-11-25,002186,12.79,12.64,12.79,12.61,5042,14770055.0,1.41,-0.78,-0.1,0.36
2011-11-28,002186,12.71,12.76,12.81,12.49,6674,19493696.0,2.53,0.95,0.12,0.48
2011-11-29,002186,12.79,12.94,13.06,12.76,8495,25238224.0,2.35,1.41,0.18,0.61
2011-11-30,002186,13.0,12.48,13.02,12.32,7417,21603932.0,5.41,-3.55,-0.46,0.53
2011-12-01,002186,12.71,12.76,12.98,12.69,8693,25688564.0,2.32,2.24,0.28,0.63
2011-12-02,002186,12.71,12.42,12.71,12.21,6626,19028019.0,3.92,-2.66,-0.34,0.48
2011-12-05,002186,12.32,12.27,12.56,12.22,4301,12280357.0,2.74,-1.21,-0.15,0.31
2011-12-06,002186,12.22,12.38,12.44,12.22,2815,8049712.0,1.79,0.9,0.11,0.2
2011-12-07,002186,12.39,12.42,12.5,12.31,2212,6350691.0,1.53,0.32,0.04,0.16
2011-12-08,002186,12.4,12.48,12.57,12.26,3247,9310633.0,2.5,0.48,0.06,0.23
2011-12-09,002186,12.39,11.9,12.5,11.61,5066,14215350.0,7.13,-4.65,-0.58,0.36
2011-12-12,002186,11.9,11.85,12.02,11.72,2215,6109127.0,2.52,-0.42,-0.05,0.16
2011-12-13,002186,11.82,11.61,11.82,11.52,3321,9012900.0,2.53,-2.03,-0.24,0.24
2011-12-14,002186,11.66,11.54,11.7,11.43,3026,8189682.0,2.33,-0.6,-0.07,0.22
2011-12-15,002186,11.48,11.41,11.56,11.32,3967,10609719.0,2.08,-1.13,-0.13,0.29
2011-12-16,002186,11.51,11.86,12.21,11.39,3481,9417719.0,7.19,3.94,0.45,0.25
2011-12-19,002186,11.73,11.74,11.79,11.45,3282,8910429.0,2.87,-1.01,-0.12,0.24
2011-12-20,002186,11.67,11.82,11.92,11.64,3111,8566493.0,2.39,0.68,0.08,0.22
2011-12-21,002186,11.91,11.52,11.92,11.52,2645,7240207.0,3.38,-2.54,-0.3,0.19
2011-12-22,002186,11.54,11.73,11.8,11.28,5066,13601746.0,4.51,1.82,0.21,0.36
2011-12-26,002186,11.73,11.81,11.92,11.57,2984,8212942.0,2.98,0.68,0.08,0.21
2011-12-27,002186,11.73,11.4,11.81,11.4,2397,6464495.0,3.47,-3.47,-0.41,0.17
2011-12-28,002186,11.43,11.31,11.43,11.01,3161,8287469.0,3.68,-0.79,-0.09,0.23
2011-12-29,002186,11.22,11.32,11.43,11.22,1430,3798786.0,1.86,0.09,0.01,0.1
2011-12-30,002186,11.46,11.54,11.56,11.38,1335,3585048.0,1.59,1.94,0.22,0.1
2012-01-04,002186,11.62,11.22,11.7,11.2,3216,8626361.0,4.33,-2.77,-0.32,0.23
2012-01-05,002186,11.17,11.11,11.31,11.04,2978,7799929.0,2.41,-0.98,-0.11,0.21
2012-01-06,002186,11.04,11.01,11.07,10.68,3587,9158041.0,3.51,-0.9,-0.1,0.26
2012-01-09,002186,10.93,11.35,11.35,10.92,3230,8510513.0,3.91,3.09,0.34,0.23
2012-01-10,002186,11.35,11.65,11.67,11.32,3780,10167032.0,3.08,2.64,0.3,0.27
2012-01-11,002186,11.66,11.63,11.67,11.52,2396,6486541.0,1.29,-0.17,-0.02,0.17
2012-01-12,002186,11.61,11.65,11.69,11.47,3488,9421968.0,1.89,0.17,0.02,0.25
2012-01-13,002186,11.69,11.56,11.81,11.47,3899,10548419.0,2.92,-0.77,-0.09,0.28
2012-01-16,002186,11.25,11.38,11.54,11.25,1590,4235932.0,2.51,-1.56,-0.18,0.11
2012-01-17,002186,11.37,11.86,11.89,11.28,4641,12661784.0,5.36,4.22,0.48,0.33
2012-01-18,002186,11.87,11.56,11.96,11.53,3629,9943586.0,3.63,-2.53,-0.3,0.26
2012-01-19,002186,11.52,11.59,11.8,11.52,1885,5111547.0,2.42,0.26,0.03,0.14
2012-01-20,002186,11.7,11.65,11.77,11.58,2500,6815041.0,1.64,0.52,0.06,0.18
2012-01-30,002186,11.67,11.77,11.85,11.63,3309,9062473.0,1.89,1.03,0.12,0.24
2012-01-31,002186,11.77,11.73,11.8,11.68,1221,3335388.0,1.02,-0.34,-0.04,0.09
2012-02-01,002186,11.73,11.56,11.82,11.47,1939,5268473.0,2.98,-1.45,-0.17,0.14
2012-02-02,002186,11.61,11.73,11.73,11.52,3273,8855918.0,1.82,1.47,0.17,0.23
2012-02-03,002186,11.71,11.83,11.9,11.71,3058,8409203.0,1.62,0.85,0.1,0.22
2012-02-06,002186,11.84,11.84,11.98,11.76,2691,7416682.0,1.86,0.08,0.01,0.19
2012-02-07,002186,11.82,11.84,11.85,11.69,2226,6107973.0,1.35,0.0,0.0,0.16
2012-02-08,002186,11.87,12.04,12.04,11.78,3119,8649293.0,2.2,1.69,0.2,0.22
2012-02-09,002186,12.04,12.02,12.12,11.96,3413,9539432.0,1.33,-0.17,-0.02,0.24
2012-02-10,002186,12.02,11.98,12.2,11.95,2624,7320366.0,2.08,-0.33,-0.04,0.19
2012-02-13,002186,11.97,12.08,12.13,11.92,2596,7264081.0,1.75,0.83,0.1,0.19
2012-02-14,002186,12.02,11.98,12.09,11.82,1959,5454739.0,2.24,-0.83,-0.1,0.14
2012-02-15,002186,11.97,12.11,12.18,11.94,3584,10052387.0,2.0,1.09,0.13,0.26
2012-02-16,002186,12.11,12.11,12.2,11.97,3025,8482219.0,1.9,0.0,0.0,0.22
2012-02-17,002186,12.1,12.06,12.17,11.95,2622,7327515.0,1.82,-0.41,-0.05,0.19
2012-02-20,002186,12.19,13.46,13.46,12.12,44775,136342878.0,11.11,11.61,1.4,3.21
2012-02-21,002186,13.41,13.22,13.41,12.97,23915,72317366.0,3.27,-1.78,-0.24,1.72
2012-02-22,002186,13.2,13.21,13.27,13.07,10314,31161975.0,1.51,-0.08,-0.01,0.74
2012-02-23,002186,13.21,13.23,13.62,13.17,15233,46705905.0,3.41,0.15,0.02,1.09
2012-02-24,002186,13.22,13.31,13.34,13.07,9238,27920117.0,2.04,0.6,0.08,0.66
2012-02-27,002186,13.29,13.22,13.41,13.2,10867,33116096.0,1.58,-0.68,-0.09,0.78
2012-02-28,002186,13.17,13.41,13.58,13.08,10996,33680907.0,3.78,1.44,0.19,0.79
2012-02-29,002186,13.42,13.29,13.52,13.16,7664,23426352.0,2.68,-0.89,-0.12,0.55
2012-03-01,002186,13.17,13.7,14.22,13.17,26085,82729691.0,7.9,3.09,0.41,1.87
2012-03-02,002186,13.6,13.86,13.94,13.6,10370,32702072.0,2.48,1.17,0.16,0.74
2012-03-05,002186,13.89,13.93,14.22,13.81,10581,33747786.0,2.96,0.51,0.07,0.76
2012-03-06,002186,13.82,13.67,13.91,13.56,9311,29118803.0,2.51,-1.87,-0.26,0.67
2012-03-07,002186,13.57,13.65,13.82,13.49,7352,22922938.0,2.41,-0.15,-0.02,0.53
2012-03-08,002186,13.62,13.7,13.99,13.62,5460,17206938.0,2.71,0.37,0.05,0.39
2012-03-09,002186,13.76,13.91,14.06,13.76,5530,17511286.0,2.19,1.53,0.21,0.4
2012-03-12,002186,13.89,14.53,14.82,13.88,16080,52555191.0,6.76,4.46,0.62,1.15
2012-03-13,002186,14.43,14.52,14.67,14.37,9300,30485313.0,2.06,-0.07,-0.01,0.67
2012-03-14,002186,14.53,13.76,14.65,13.57,15419,49784504.0,7.44,-5.23,-0.76,1.11
2012-03-15,002186,13.62,14.3,14.37,13.62,11481,36541999.0,5.45,3.92,0.54,0.82
2012-03-16,002186,13.61,14.01,14.05,13.57,19235,60633855.0,3.36,-2.03,-0.29,1.38
2012-03-19,002186,13.97,14.16,14.32,13.82,11832,37896651.0,3.57,1.07,0.15,0.85
2012-03-20,002186,14.23,13.44,14.23,13.41,11742,36669150.0,5.79,-5.08,-0.72,0.84
2012-03-21,002186,13.42,13.39,13.62,13.18,9777,29881711.0,3.27,-0.37,-0.05,0.7
2012-03-22,002186,13.37,13.22,13.39,13.07,7567,22891307.0,2.39,-1.27,-0.17,0.54
2012-03-23,002186,13.22,13.21,13.54,13.14,7227,21998917.0,3.03,-0.08,-0.01,0.52
2012-03-26,002186,13.16,13.33,13.51,13.16,5367,16451842.0,2.65,0.91,0.12,0.39
2012-03-27,002186,13.45,13.29,13.51,13.26,3737,11434300.0,1.88,-0.3,-0.04,0.27
2012-03-28,002186,13.29,12.72,13.29,12.66,7396,21839821.0,4.74,-4.29,-0.57,0.53
2012-03-29,002186,12.66,12.72,12.95,12.57,6474,19037548.0,2.99,0.0,0.0,0.46
2012-03-30,002186,12.82,12.72,12.83,12.57,2925,8548921.0,2.04,0.0,0.0,0.21
2012-04-05,002186,12.72,13.12,13.17,12.67,5607,16737813.0,3.93,3.14,0.4,0.4
2012-04-06,002186,13.11,13.13,13.3,12.98,4537,13706794.0,2.44,0.08,0.01,0.33
2012-04-09,002186,13.17,13.12,13.29,13.03,4170,12600095.0,1.98,-0.08,-0.01,0.3
2012-04-10,002186,13.07,13.28,13.28,12.82,4573,13678464.0,3.51,1.22,0.16,0.33
2012-04-11,002186,13.15,13.15,13.32,13.07,3948,11945765.0,1.88,-0.98,-0.13,0.28
2012-04-12,002186,13.19,13.34,13.39,13.11,6480,19754718.0,2.13,1.44,0.19,0.46
2012-04-16,002186,13.28,13.39,13.44,13.27,4732,14477272.0,1.27,0.37,0.05,0.34
2012-04-17,002186,13.42,13.07,13.43,12.97,5310,16010740.0,3.44,-2.39,-0.32,0.38
2012-04-18,002186,13.1,13.36,13.38,13.07,4635,14072617.0,2.37,2.22,0.29,0.33
2012-04-19,002186,13.52,13.96,14.82,13.51,19153,61679469.0,9.81,4.49,0.6,1.37
2012-04-20,002186,13.92,14.15,14.32,13.83,11811,37971401.0,3.51,1.36,0.19,0.85
2012-04-23,002186,14.16,13.91,14.31,13.77,9305,29815889.0,3.82,-1.7,-0.24,0.67
2012-04-24,002186,13.82,14.09,14.17,13.47,8886,28060361.0,5.03,1.29,0.18,0.64
2012-04-25,002186,14.11,14.34,14.34,13.94,10975,35452200.0,2.84,1.77,0.25,0.79
2012-04-26,002186,14.37,14.09,14.37,14.01,8181,26348043.0,2.51,-1.74,-0.25,0.59
2012-04-27,002186,14.04,14.11,14.17,13.9,4597,14668696.0,1.92,0.14,0.02,0.33
2012-05-02,002186,14.31,14.2,14.44,14.19,6890,22313424.0,1.77,0.64,0.09,0.49
2012-05-03,002186,14.2,14.18,14.24,14.07,5208,16741303.0,1.2,-0.14,-0.02,0.37
2012-05-04,002186,14.18,14.26,14.29,13.99,6577,21098044.0,2.12,0.56,0.08,0.47
2012-05-07,002186,14.19,14.6,14.79,14.07,16409,54129401.0,5.05,2.38,0.34,1.18
2012-05-08,002186,14.59,14.42,14.66,14.32,10625,34793854.0,2.33,-1.23,-0.18,0.76
2012-05-09,002186,14.27,13.96,14.29,13.9,9082,28900362.0,2.7,-3.19,-0.46,0.65
2012-05-10,002186,13.89,13.91,14.03,13.87,4185,13288498.0,1.15,-0.36,-0.05,0.3
2012-05-11,002186,13.93,13.69,13.93,13.67,5358,16834601.0,1.87,-1.58,-0.22,0.38
2012-05-14,002186,13.81,13.67,13.93,13.67,5283,16609829.0,1.9,-0.15,-0.02,0.38
2012-05-15,002186,13.64,13.99,14.07,13.52,5271,16618997.0,4.02,2.34,0.32,0.38
2012-05-16,002186,13.97,13.61,14.0,13.61,5233,16410832.0,2.79,-2.72,-0.38,0.38
2012-05-17,002186,13.64,13.8,13.84,13.57,3549,11112899.0,1.98,1.4,0.19,0.25
2012-05-18,002186,13.77,13.87,13.91,13.65,5237,16511280.0,1.88,0.51,0.07,0.38
2012-05-21,002186,13.97,13.98,14.0,13.74,4938,15659173.0,1.87,0.79,0.11,0.35
2012-05-22,002186,14.07,14.23,14.28,14.01,7516,24233189.0,1.93,1.79,0.25,0.54
2012-05-23,002186,14.27,14.42,14.42,14.11,8655,28077385.0,2.18,1.34,0.19,0.62
2012-05-24,002186,14.43,14.12,14.46,14.07,5876,19084253.0,2.7,-2.08,-0.3,0.42
2012-05-25,002186,14.12,13.92,14.26,13.87,5216,16626768.0,2.76,-1.42,-0.2,0.37
2012-05-28,002186,13.57,13.94,13.94,13.47,5267,16480049.0,3.38,0.14,0.02,0.38
2012-05-29,002186,13.97,14.03,14.16,13.77,6424,20044275.0,2.8,0.65,0.09,0.46
2012-05-30,002186,14.0,13.92,14.06,13.87,4375,13617304.0,1.35,-0.78,-0.11,0.31
2012-05-31,002186,13.8,14.06,14.19,13.8,3336,10425515.0,2.8,1.01,0.14,0.24
2012-06-01,002186,14.06,14.07,14.16,13.94,2303,7225502.0,1.56,0.07,0.01,0.17
2012-06-04,002186,13.91,13.38,13.91,13.31,7460,22724933.0,4.26,-4.9,-0.69,0.54
2012-06-05,002186,13.44,13.43,13.5,13.32,3015,9065120.0,1.35,0.37,0.05,0.22
2012-06-06,002186,13.38,13.42,13.56,13.35,2658,8015743.0,1.56,-0.07,-0.01,0.19
2012-06-07,002186,13.67,13.37,13.67,13.32,2110,6369547.0,2.61,-0.37,-0.05,0.15
2012-06-08,002186,13.44,13.35,13.47,13.3,2590,7778197.0,1.27,-0.15,-0.02,0.19
2012-06-11,002186,13.32,13.51,13.52,13.32,3734,11256399.0,1.5,1.2,0.16,0.27
2012-06-12,002186,13.47,13.45,13.49,13.37,2363,7107972.0,0.89,-0.44,-0.06,0.17
2012-06-13,002186,13.47,13.87,13.9,13.45,6457,19892115.0,3.35,3.12,0.42,0.46
2012-06-14,002186,13.73,14.03,14.37,13.73,9272,29256851.0,4.61,1.15,0.16,0.67
2012-06-15,002186,14.04,14.16,14.38,13.99,6401,20252666.0,2.78,0.93,0.13,0.46
2012-06-18,002186,14.17,14.32,14.42,14.17,5914,18858600.0,1.77,1.13,0.16,0.42
2012-06-19,002186,14.32,14.17,14.39,14.17,3949,12562869.0,1.54,-1.05,-0.15,0.28
2012-06-20,002186,14.22,14.08,14.39,14.07,5363,17044370.0,2.26,-0.64,-0.09,0.38
2012-06-21,002186,14.07,14.11,14.14,13.9,5967,18693905.0,1.7,0.21,0.03,0.43
2012-06-25,002186,14.02,14.23,14.36,13.97,7643,24261693.0,2.76,0.85,0.12,0.55
2012-06-26,002186,14.2,13.74,14.2,13.48,7132,21901217.0,5.06,-3.44,-0.49,0.51
2012-06-27,002186,13.74,13.65,13.81,13.53,3444,10555960.0,2.04,-0.66,-0.09,0.25
2012-06-28,002186,13.7,13.49,13.82,13.49,7373,22549003.0,2.42,-1.17,-0.16,0.53
2012-06-29,002186,13.49,13.77,13.78,13.41,6711,20531342.0,2.74,2.08,0.28,0.48
2012-07-02,002186,13.83,14.36,14.4,13.83,11669,36900505.0,4.14,4.28,0.59,0.84
2012-07-03,002186,14.36,14.31,14.62,14.23,11208,36089630.0,2.72,-0.35,-0.05,0.8
2012-07-04,002186,14.33,14.79,15.04,14.32,23883,78370899.0,5.03,3.35,0.48,1.71
2012-07-05,002186,14.77,14.8,15.02,14.57,16488,54150567.0,3.04,0.07,0.01,1.18
2012-07-06,002186,14.83,15.49,15.52,14.65,25879,87037687.0,5.88,4.66,0.69,1.86
2012-07-09,002186,15.48,15.34,15.77,15.17,22449,76673420.0,3.87,-0.97,-0.15,1.61
2012-07-10,002186,15.27,15.34,15.42,14.94,15885,53391572.0,3.13,0.0,0.0,1.14
2012-07-11,002186,15.18,15.64,15.75,14.96,15417,52278759.0,5.15,1.96,0.3,1.11
2012-07-12,002186,15.64,16.03,16.17,15.43,21996,77443219.0,4.73,2.49,0.39,1.58
2012-07-13,002186,15.87,15.84,16.06,15.77,10701,37491787.0,1.81,-1.19,-0.19,0.77
2012-07-16,002186,15.92,15.34,16.36,15.31,20088,70340579.0,6.63,-3.16,-0.5,1.44
2012-07-17,002186,15.26,15.37,15.59,15.06,13157,44507376.0,3.46,0.2,0.03,0.94
2012-07-18,002186,15.32,15.41,15.51,15.06,12076,40931212.0,2.93,0.26,0.04,0.87
2012-07-19,002186,15.34,15.44,15.69,15.27,11892,40809624.0,2.73,0.19,0.03,0.85
2012-07-20,002186,15.46,15.84,15.96,15.41,14529,50522917.0,3.56,2.59,0.4,1.04
2012-07-23,002186,15.7,15.27,15.81,15.22,13121,44794387.0,3.72,-3.6,-0.57,0.94
2012-07-24,002186,14.94,15.32,15.47,14.94,6644,22469943.0,3.47,0.33,0.05,0.48
2012-07-25,002186,15.33,15.16,15.41,15.04,6041,20369280.0,2.42,-1.04,-0.16,0.43
2012-07-26,002186,15.12,14.92,15.36,14.89,6001,20135140.0,3.1,-1.58,-0.24,0.43
2012-07-27,002186,14.96,14.76,15.02,14.59,7796,25537582.0,2.88,-1.07,-0.16,0.56
2012-07-30,002186,14.77,14.85,15.03,14.69,6237,20564587.0,2.3,0.61,0.09,0.45
2012-07-31,002186,14.78,14.79,15.02,14.62,6241,20581680.0,2.69,-0.4,-0.06,0.45
2012-08-01,002186,14.8,15.25,15.37,14.71,9480,31908356.0,4.46,3.11,0.46,0.68
2012-08-02,002186,15.27,15.29,15.48,15.08,6723,22746193.0,2.62,0.26,0.04,0.48
2012-08-03,002186,15.32,15.62,15.62,15.19,9529,32529810.0,2.81,2.16,0.33,0.68
2012-08-06,002186,15.53,15.85,15.93,15.47,12775,44378631.0,2.94,1.47,0.23,0.92
2012-08-07,002186,15.85,15.78,15.91,15.57,6500,22566598.0,2.15,-0.44,-0.07,0.47
2012-08-08,002186,15.78,15.32,15.78,15.31,7591,26044655.0,2.98,-2.92,-0.46,0.54
2012-08-09,002186,15.34,16.08,16.1,15.34,13918,48608389.0,4.96,4.96,0.76,1.0
2012-08-10,002186,16.08,15.89,16.08,15.79,7238,25400589.0,1.8,-1.18,-0.19,0.52
2012-08-13,002186,15.88,15.68,16.31,15.65,11094,39239370.0,4.15,-1.32,-0.21,0.8
2012-08-14,002186,15.77,15.67,15.77,15.27,10737,36722492.0,3.19,-0.06,-0.01,0.77
2012-08-15,002186,15.56,15.35,15.7,15.3,4870,16672261.0,2.55,-2.04,-0.32,0.35
2012-08-16,002186,15.29,15.17,15.37,15.08,5545,18681880.0,1.89,-1.17,-0.18,0.4
2012-08-17,002186,15.13,15.3,15.32,15.03,5048,16982962.0,1.91,0.86,0.13,0.36
2012-08-20,002186,15.26,15.66,15.74,15.19,10292,35445637.0,3.59,2.35,0.36,0.74
2012-08-21,002186,15.62,15.81,15.96,15.48,10784,37612314.0,3.07,0.96,0.15,0.77
2012-08-22,002186,15.81,15.84,15.96,15.67,9145,31930453.0,1.83,0.19,0.03,0.66
2012-08-23,002186,15.78,15.75,16.04,15.74,9068,31757116.0,1.89,-0.57,-0.09,0.65
2012-08-24,002186,15.71,15.86,15.92,15.62,7944,27742460.0,1.9,0.7,0.11,0.57
2012-08-27,002186,15.88,15.29,16.2,15.29,16233,56392830.0,5.74,-3.59,-0.57,1.16
2012-08-28,002186,15.3,15.18,15.45,14.94,8426,28338652.0,3.34,-0.72,-0.11,0.6
2012-08-29,002186,15.12,15.2,15.44,15.1,5888,19903325.0,2.24,0.13,0.02,0.42
2012-08-30,002186,15.24,14.75,15.34,14.52,10112,33287371.0,5.39,-2.96,-0.45,0.73
2012-08-31,002186,14.77,14.76,14.91,14.63,4412,14469371.0,1.9,0.07,0.01,0.32
2012-09-03,002186,14.72,15.06,15.1,14.72,6133,20361523.0,2.57,2.03,0.3,0.44
2012-09-04,002186,15.14,15.17,15.24,14.94,5892,19710524.0,1.99,0.73,0.11,0.42
2012-09-05,002186,15.09,14.95,15.12,14.8,5033,16687312.0,2.11,-1.45,-0.22,0.36
2012-09-06,002186,14.92,15.28,15.28,14.92,4057,13579257.0,2.41,2.21,0.33,0.29
2012-09-07,002186,15.31,15.72,15.84,15.31,13209,45641185.0,3.47,2.88,0.44,0.95
2012-09-10,002186,15.74,15.7,15.8,15.64,7291,25266854.0,1.02,-0.13,-0.02,0.52
2012-09-11,002186,15.65,15.79,15.96,15.54,7589,26439962.0,2.68,0.57,0.09,0.54
2012-09-12,002186,15.86,15.74,15.96,15.6,5738,19949715.0,2.28,-0.32,-0.05,0.41
2012-09-13,002186,15.85,15.54,15.94,15.48,6529,22694678.0,2.92,-1.27,-0.2,0.47
2012-09-14,002186,15.57,15.59,15.77,15.47,6769,23320984.0,1.93,0.32,0.05,0.49
2012-09-17,002186,15.56,15.14,15.56,15.09,7177,24289352.0,3.01,-2.89,-0.45,0.51
2012-09-18,002186,15.11,15.11,15.27,15.02,3386,11357818.0,1.65,-0.2,-0.03,0.24
2012-09-19,002186,15.15,15.3,15.33,15.07,3204,10822628.0,1.72,1.26,0.19,0.23
2012-09-20,002186,15.23,14.68,15.23,14.62,9241,30459812.0,3.99,-4.05,-0.62,0.66
2012-09-21,002186,14.66,14.36,14.81,14.34,7077,23003609.0,3.2,-2.18,-0.32,0.51
2012-09-24,002186,14.23,14.3,14.46,13.97,5928,18776941.0,3.41,-0.42,-0.06,0.43
2012-09-25,002186,14.3,14.67,14.78,14.21,6564,21295596.0,3.99,2.59,0.37,0.47
2012-09-26,002186,14.67,14.16,14.72,14.12,4032,12888449.0,4.09,-3.48,-0.51,0.29
2012-09-27,002186,13.94,14.43,14.56,13.94,5074,16168117.0,4.38,1.91,0.27,0.36
2012-09-28,002186,14.41,14.61,14.62,14.32,6477,20894584.0,2.08,1.25,0.18,0.46
2012-10-08,002186,14.62,14.48,14.77,14.38,4502,14582490.0,2.67,-0.89,-0.13,0.32
2012-10-09,002186,14.56,14.8,14.87,14.48,6197,20317508.0,2.69,2.21,0.32,0.44
2012-10-10,002186,14.79,14.84,14.84,14.66,4672,15299126.0,1.22,0.27,0.04,0.34
2012-10-11,002186,14.87,14.58,14.87,14.52,4872,15888933.0,2.36,-1.75,-0.26,0.35
2012-10-12,002186,14.66,14.57,14.74,14.49,3513,11411915.0,1.71,-0.07,-0.01,0.25
2012-10-15,002186,14.58,14.43,14.58,14.28,4440,14234503.0,2.06,-0.96,-0.14,0.32
2012-10-16,002186,14.47,14.69,14.82,14.42,5917,19323251.0,2.77,1.8,0.26,0.42
2012-10-17,002186,14.75,14.57,14.79,14.47,2513,8168420.0,2.18,-0.82,-0.12,0.18
2012-10-18,002186,14.67,14.77,14.91,14.59,5210,17134914.0,2.2,1.37,0.2,0.37
2012-10-19,002186,14.77,14.74,14.87,14.63,2900,9515957.0,1.62,-0.2,-0.03,0.21
2012-10-22,002186,14.79,15.07,15.13,14.71,7660,25391801.0,2.85,2.24,0.33,0.55
2012-10-23,002186,15.03,14.63,15.03,14.62,7946,26103031.0,2.72,-2.92,-0.44,0.57
2012-10-24,002186,14.53,14.48,14.7,14.43,4454,14394555.0,1.85,-1.03,-0.15,0.32
2012-10-25,002186,14.5,14.46,14.63,14.45,3506,11311544.0,1.24,-0.14,-0.02,0.25
2012-10-26,002186,14.47,14.22,14.53,14.12,4350,13817279.0,2.84,-1.66,-0.24,0.31
2012-10-29,002186,14.22,14.32,14.39,14.15,2483,7893692.0,1.69,0.7,0.1,0.18
2012-10-30,002186,14.32,14.25,14.42,14.22,2230,7108154.0,1.4,-0.49,-0.07,0.16
2012-10-31,002186,14.25,14.41,14.45,14.2,2391,7639636.0,1.75,1.12,0.16,0.17
2012-11-01,002186,14.37,14.56,14.65,14.31,4863,15738860.0,2.36,1.04,0.15,0.35
2012-11-02,002186,14.5,14.65,14.71,14.49,3113,10112272.0,1.51,0.62,0.09,0.22
2012-11-05,002186,14.58,14.56,14.68,14.47,2504,8120773.0,1.43,-0.61,-0.09,0.18
2012-11-06,002186,14.62,14.42,14.62,14.27,3351,10737182.0,2.4,-0.96,-0.14,0.24
2012-11-07,002186,14.37,14.54,14.55,14.33,2920,9391656.0,1.53,0.83,0.12,0.21
2012-11-08,002186,14.47,14.22,14.47,14.21,3131,9986363.0,1.79,-2.2,-0.32,0.22
2012-11-09,002186,14.27,14.18,14.41,14.14,3893,12414769.0,1.9,-0.28,-0.04,0.28
2012-11-12,002186,14.21,14.22,14.39,14.17,4462,14181657.0,1.55,0.28,0.04,0.32
2012-11-13,002186,14.18,13.98,14.26,13.94,3620,11356424.0,2.25,-1.69,-0.24,0.26
2012-11-14,002186,13.97,13.78,14.07,13.68,4224,13057655.0,2.79,-1.43,-0.2,0.3
2012-11-15,002186,13.77,13.67,13.85,13.56,4141,12696960.0,2.1,-0.8,-0.11,0.3
2012-11-16,002186,13.68,13.69,13.7,13.57,2166,6609905.0,0.95,0.15,0.02,0.16
2012-11-19,002186,13.6,13.62,13.74,13.44,3031,9210434.0,2.19,-0.51,-0.07,0.22
2012-11-20,002186,13.62,13.55,13.71,13.49,2421,7365768.0,1.62,-0.51,-0.07,0.17
2012-11-21,002186,13.56,13.21,13.62,12.96,10028,29669861.0,4.87,-2.51,-0.34,0.72
2012-11-22,002186,13.07,13.02,13.2,13.01,2416,7109394.0,1.44,-1.44,-0.19,0.17
2012-11-23,002186,13.05,13.24,13.4,13.04,4258,12700740.0,2.76,1.69,0.22,0.31
2012-11-26,002186,13.24,13.0,13.25,12.97,5767,17022889.0,2.11,-1.81,-0.24,0.41
2012-11-27,002186,13.01,12.68,13.12,12.67,5581,16305287.0,3.46,-2.46,-0.32,0.4
2012-11-28,002186,12.69,12.71,12.96,12.52,5976,17227526.0,3.47,0.24,0.03,0.43
2012-11-29,002186,12.77,12.78,12.96,12.72,3479,10101170.0,1.89,0.55,0.07,0.25
2012-11-30,002186,12.77,12.92,13.07,12.77,3070,8951197.0,2.35,1.1,0.14,0.22
2012-12-03,002186,12.87,12.52,12.93,12.52,2593,7432881.0,3.17,-3.1,-0.4,0.19
2012-12-04,002186,12.54,12.47,12.58,12.12,6236,17413406.0,3.67,-0.4,-0.05,0.45
2012-12-05,002186,12.37,12.57,12.82,12.37,12706,36300540.0,3.61,0.8,0.1,0.91
2012-12-06,002186,12.66,12.52,12.71,12.42,5090,14433520.0,2.31,-0.4,-0.05,0.37
2012-12-07,002186,12.52,12.86,12.87,12.37,6620,19029987.0,3.99,2.72,0.34,0.47
2012-12-10,002186,12.88,13.0,13.02,12.77,6905,20089325.0,1.94,1.09,0.14,0.5
2012-12-11,002186,13.04,12.86,13.04,12.85,5084,14797485.0,1.46,-1.08,-0.14,0.36
2012-12-12,002186,12.87,12.87,12.94,12.73,3762,10881732.0,1.63,0.08,0.01,0.27
2012-12-13,002186,12.87,12.78,12.94,12.76,2390,6918286.0,1.4,-0.7,-0.09,0.17
2012-12-14,002186,12.78,13.32,13.35,12.75,9207,27241670.0,4.69,4.23,0.54,0.66
2012-12-17,002186,13.27,13.36,13.46,13.27,5768,17309450.0,1.43,0.3,0.04,0.41
2012-12-18,002186,13.36,13.21,13.45,13.17,6152,18394737.0,2.1,-1.12,-0.15,0.44
2012-12-19,002186,13.2,13.29,13.36,13.17,3876,11556973.0,1.44,0.61,0.08,0.28
2012-12-20,002186,13.29,13.39,13.39,13.18,4013,11971308.0,1.58,0.75,0.1,0.29
2012-12-21,002186,13.39,13.49,13.67,13.35,5353,16194012.0,2.39,0.75,0.1,0.38
2012-12-24,002186,13.49,13.49,13.71,13.42,4765,14509461.0,2.15,0.0,0.0,0.34
2012-12-25,002186,13.5,13.74,13.81,13.44,7174,22013336.0,2.74,1.85,0.25,0.51
2012-12-26,002186,13.81,13.87,13.87,13.37,6555,20193992.0,3.64,0.95,0.13,0.47
2012-12-27,002186,13.87,13.55,13.92,13.54,6961,21383737.0,2.74,-2.31,-0.32,0.5
2012-12-28,002186,13.51,13.85,13.85,13.51,6167,18888368.0,2.51,2.21,0.3,0.44
2012-12-31,002186,13.89,14.02,14.03,13.87,5398,16846076.0,1.16,1.23,0.17,0.39
2013-01-04,002186,14.1,13.81,14.14,13.75,6367,19808076.0,2.78,-1.5,-0.21,0.46
2013-01-07,002186,13.74,14.13,14.14,13.74,5785,18060552.0,2.9,2.32,0.32,0.41
2013-01-08,002186,14.13,14.17,14.26,14.02,5511,17385324.0,1.7,0.28,0.04,0.39
2013-01-09,002186,14.17,14.12,14.22,14.02,4442,13987379.0,1.41,-0.35,-0.05,0.32
2013-01-10,002186,14.1,14.11,14.19,14.02,4001,12594385.0,1.2,-0.07,-0.01,0.29
2013-01-11,002186,14.1,13.87,14.19,13.8,6743,21116923.0,2.76,-1.7,-0.24,0.48
2013-01-14,002186,13.91,14.36,14.37,13.82,14562,46307737.0,3.97,3.53,0.49,1.04
2013-01-15,002186,14.37,14.43,14.47,14.25,9584,30675840.0,1.53,0.49,0.07,0.69
2013-01-16,002186,14.44,14.39,14.5,14.24,6656,21297510.0,1.8,-0.28,-0.04,0.48
2013-01-17,002186,14.37,14.27,14.37,14.12,6248,19826864.0,1.74,-0.83,-0.12,0.45
2013-01-18,002186,14.23,14.43,14.6,14.23,10953,35342486.0,2.59,1.12,0.16,0.78
2013-01-21,002186,14.47,14.63,14.68,14.4,8000,25945519.0,1.94,1.39,0.2,0.57
2013-01-22,002186,14.62,14.36,14.75,14.32,8668,27970741.0,2.94,-1.85,-0.27,0.62
2013-01-23,002186,14.35,14.27,14.35,14.11,5774,18320618.0,1.67,-0.63,-0.09,0.41
2013-01-24,002186,14.24,13.97,14.46,13.84,9055,28606131.0,4.34,-2.1,-0.3,0.65
2013-01-25,002186,13.92,13.94,14.07,13.87,3930,12256170.0,1.43,-0.21,-0.03,0.28
2013-01-28,002186,13.98,14.2,14.24,13.87,6774,21333497.0,2.65,1.87,0.26,0.48
2013-01-29,002186,14.19,14.17,14.35,14.04,7669,24200616.0,2.18,-0.21,-0.03,0.55
2013-01-30,002186,14.09,13.8,14.09,13.67,14553,44959263.0,2.96,-2.61,-0.37,1.04
2013-01-31,002186,13.81,13.67,13.81,13.62,10776,32959937.0,1.38,-0.94,-0.13,0.77
2013-02-01,002186,13.63,13.65,13.81,13.37,7746,23719215.0,3.22,-0.15,-0.02,0.55
2013-02-04,002186,13.61,13.33,13.76,13.25,11592,35003069.0,3.74,-2.34,-0.32,0.83
2013-02-05,002186,13.27,13.41,13.41,13.09,8323,24793430.0,2.4,0.6,0.08,0.6
2013-02-06,002186,13.41,13.51,13.52,13.4,7253,21894022.0,0.89,0.75,0.1,0.52
2013-02-07,002186,13.45,13.68,13.71,13.45,6163,18799805.0,1.92,1.26,0.17,0.44
2013-02-08,002186,13.68,13.84,13.85,13.58,6121,18826249.0,1.97,1.17,0.16,0.44
2013-02-18,002186,13.83,13.62,13.84,13.53,6781,20740519.0,2.24,-1.59,-0.22,0.49
2013-02-19,002186,13.7,13.5,13.71,13.44,6557,19877565.0,1.98,-0.88,-0.12,0.47
2013-02-20,002186,13.44,14.02,14.02,13.4,13318,41171438.0,4.59,3.85,0.52,0.95
2013-02-21,002186,13.96,13.74,13.96,13.63,6859,21118887.0,2.35,-2.0,-0.28,0.49
2013-02-22,002186,13.7,14.13,14.26,13.69,11241,35253347.0,4.15,2.84,0.39,0.8
2013-02-25,002186,14.12,14.14,14.29,13.95,11085,34837750.0,2.41,0.07,0.01,0.79
2013-02-26,002186,14.12,13.89,14.23,13.82,7830,24613260.0,2.9,-1.77,-0.25,0.56
2013-02-27,002186,13.86,13.84,14.1,13.74,6503,20235727.0,2.59,-0.36,-0.05,0.47
2013-02-28,002186,14.0,13.94,14.0,13.87,6217,19349737.0,0.94,0.72,0.1,0.44
2013-03-01,002186,13.96,13.82,13.97,13.72,8409,25951254.0,1.79,-0.86,-0.12,0.6
2013-03-04,002186,13.77,13.17,13.77,13.16,8908,26748763.0,4.41,-4.7,-0.65,0.64
2013-03-05,002186,13.18,13.31,13.31,13.11,8163,24212767.0,1.52,1.06,0.14,0.58
2013-03-06,002186,13.51,13.43,13.51,13.27,7384,22162256.0,1.8,0.9,0.12,0.53
2013-03-07,002186,13.42,13.22,13.42,13.18,7624,22751279.0,1.79,-1.56,-0.21,0.55
2013-03-08,002186,13.23,13.24,13.43,13.18,5104,15241592.0,1.89,0.15,0.02,0.37
2013-03-11,002186,13.31,13.31,13.42,13.24,3399,10180001.0,1.36,0.53,0.07,0.24
2013-03-12,002186,13.33,13.07,13.42,12.87,7956,23460297.0,4.13,-1.8,-0.24,0.57
2013-03-13,002186,13.02,13.15,13.21,12.99,5041,14891181.0,1.68,0.61,0.08,0.36
2013-03-14,002186,13.18,13.47,13.47,13.12,8556,25639749.0,2.66,2.43,0.32,0.61
2013-03-15,002186,13.42,13.42,13.61,13.31,5589,16896615.0,2.23,-0.37,-0.05,0.4
2013-03-18,002186,13.42,13.43,13.49,13.33,3717,11169412.0,1.19,0.07,0.01,0.27
2013-03-19,002186,13.43,13.35,13.5,13.22,3495,10469658.0,2.08,-0.6,-0.08,0.25
2013-03-20,002186,13.41,13.58,13.59,13.38,4935,14955393.0,1.57,1.72,0.23,0.35
2013-03-21,002186,13.68,13.57,13.69,13.52,3073,9352633.0,1.25,-0.07,-0.01,0.22
2013-03-22,002186,13.55,13.59,13.59,13.4,4051,12246917.0,1.4,0.15,0.02,0.29
2013-03-25,002186,13.59,13.53,13.62,13.39,3090,9352942.0,1.69,-0.44,-0.06,0.22
2013-03-26,002186,14.27,15.05,15.05,14.27,41666,138451871.0,5.76,11.23,1.52,2.98
2013-03-27,002186,15.47,15.11,15.82,14.97,47519,161591183.0,5.65,0.4,0.06,3.4
2013-03-28,002186,15.02,14.69,15.07,14.67,19832,65371805.0,2.65,-2.78,-0.42,1.42
2013-03-29,002186,14.67,14.56,14.86,14.45,13917,45208255.0,2.79,-0.88,-0.13,1.0
2013-04-01,002186,14.57,14.58,14.68,14.42,9547,30889143.0,1.79,0.14,0.02,0.68
2013-04-02,002186,14.56,14.22,14.65,14.17,11662,37423537.0,3.29,-2.47,-0.36,0.83
2013-04-03,002186,14.22,14.05,14.71,13.98,8753,27724328.0,5.13,-1.2,-0.17,0.63
2013-04-08,002186,13.61,13.32,13.61,12.89,17714,52626729.0,5.12,-5.2,-0.73,1.27
2013-04-09,002186,13.27,13.46,13.49,13.25,9468,28360751.0,1.8,1.05,0.14,0.68
2013-04-10,002186,13.47,13.5,13.71,13.27,6779,20541810.0,3.27,0.3,0.04,0.49
2013-04-11,002186,13.51,13.33,13.62,13.2,6060,18215695.0,3.11,-1.26,-0.17,0.43
2013-04-12,002186,13.31,13.3,13.5,13.12,4330,12978132.0,2.85,-0.23,-0.03,0.31
2013-04-15,002186,13.1,12.84,13.1,12.7,10278,29699610.0,3.01,-3.46,-0.46,0.74
2013-04-16,002186,12.75,13.16,13.17,12.67,4600,13424491.0,3.89,2.49,0.32,0.33
2013-04-17,002186,13.12,13.25,13.35,13.07,3504,10413916.0,2.13,0.68,0.09,0.25
2013-04-18,002186,13.27,13.22,13.37,13.12,3207,9556290.0,1.89,-0.23,-0.03,0.23
2013-04-19,002186,13.22,13.57,13.62,13.22,7160,21725629.0,3.03,2.65,0.35,0.51
2013-04-22,002186,13.48,13.67,13.67,13.39,5799,17569335.0,2.06,0.74,0.1,0.41
2013-04-23,002186,13.64,13.34,13.65,13.3,4640,14010968.0,2.56,-2.41,-0.33,0.33
2013-04-24,002186,13.35,13.39,13.56,13.31,6114,18401394.0,1.87,0.37,0.05,0.44
2013-04-25,002186,13.42,14.02,14.47,13.42,20403,64096983.0,7.84,4.71,0.63,1.46
2013-04-26,002186,13.78,13.55,13.89,13.52,7361,22525709.0,2.64,-3.35,-0.47,0.53
2013-05-02,002186,13.62,13.69,13.79,13.48,4070,12420290.0,2.29,1.03,0.14,0.29
2013-05-03,002186,13.71,13.92,13.96,13.7,5022,15569548.0,1.9,1.68,0.23,0.36
2013-05-06,002186,13.93,13.93,14.1,13.87,9226,28782097.0,1.65,0.07,0.01,0.66
2013-05-07,002186,13.89,14.1,14.11,13.77,6255,19438798.0,2.44,1.22,0.17,0.45
2013-05-08,002186,14.11,14.11,14.17,14.02,4670,14682883.0,1.06,0.07,0.01,0.33
2013-05-09,002186,14.17,14.14,14.19,14.04,4596,14458627.0,1.06,0.21,0.03,0.33
2013-05-10,002186,14.15,14.38,14.4,14.09,7360,23444961.0,2.19,1.7,0.24,0.53
2013-05-13,002186,14.41,14.38,14.56,14.32,5398,17338758.0,1.67,0.0,0.0,0.39
2013-05-14,002186,14.38,14.0,14.38,14.0,5888,18582459.0,2.64,-2.64,-0.38,0.42
2013-05-15,002186,14.08,14.13,14.21,13.94,4926,15443161.0,1.93,0.93,0.13,0.35
2013-05-16,002186,14.11,14.01,14.21,13.96,8537,26827427.0,1.77,-0.85,-0.12,0.61
2013-05-17,002186,14.02,14.25,14.26,13.96,5703,17955002.0,2.14,1.71,0.24,0.41
2013-05-20,002186,14.42,14.57,14.61,14.27,8996,28981061.0,2.39,2.25,0.32,0.64
2013-05-21,002186,14.47,14.59,14.7,14.39,7802,25268579.0,2.13,0.14,0.02,0.56
2013-05-22,002186,14.59,14.34,14.63,14.27,9773,31406319.0,2.47,-1.71,-0.25,0.7
2013-05-23,002186,14.3,14.23,14.41,14.2,8851,28177336.0,1.46,-0.77,-0.11,0.63
2013-05-24,002186,14.23,14.49,14.52,14.22,5658,18122249.0,2.11,1.83,0.26,0.4
2013-05-27,002186,14.43,14.69,14.75,14.38,7435,24196127.0,2.55,1.38,0.2,0.53
2013-05-28,002186,14.72,14.94,14.98,14.49,9053,29611597.0,3.34,1.7,0.25,0.65
2013-05-29,002186,15.03,15.85,16.46,14.83,33180,114117501.0,10.91,6.09,0.91,2.37
2013-05-30,002186,15.62,15.72,16.02,15.61,13015,45423060.0,2.59,-0.82,-0.13,0.93
2013-05-31,002186,15.77,15.88,16.11,15.75,13133,46120004.0,2.29,1.02,0.16,0.94
2013-06-03,002186,16.02,15.77,16.07,15.65,14095,49155929.0,2.64,-0.69,-0.11,1.01
2013-06-04,002186,15.78,15.1,15.92,14.8,31820,52764055.0,7.1,-4.25,-0.67,1.14
2013-06-05,002186,15.07,14.9,15.14,14.82,13090,21425320.0,2.12,-1.32,-0.2,0.47
2013-06-06,002186,15.02,14.56,15.02,14.48,16262,26053564.0,3.62,-2.28,-0.34,0.58
2013-06-07,002186,14.52,14.37,14.82,14.24,15031,23861960.0,3.98,-1.3,-0.19,0.54
2013-06-13,002186,14.25,13.68,14.26,13.28,14910,22529677.0,6.82,-4.8,-0.69,0.53
2013-06-14,002186,13.8,13.8,13.91,13.62,9184,13901462.0,2.12,0.88,0.12,0.33
2013-06-17,002186,13.81,14.07,14.12,13.75,10404,15966228.0,2.68,1.96,0.27,0.37
2013-06-18,002186,14.07,13.88,14.17,13.87,8296,12762447.0,2.13,-1.35,-0.19,0.3
2013-06-19,002186,13.87,13.65,13.87,13.29,11380,16922665.0,4.18,-1.66,-0.23,0.41
2013-06-20,002186,13.62,13.2,13.62,13.16,10072,14822592.0,3.37,-3.3,-0.45,0.36
2013-06-21,002186,13.0,13.45,13.56,12.83,9118,13371213.0,5.53,1.89,0.25,0.33
2013-06-24,002186,13.42,12.94,13.57,12.75,12641,18375534.0,6.1,-3.79,-0.51,0.45
2013-06-25,002186,12.89,12.78,13.13,12.1,16927,23694467.0,7.96,-1.24,-0.16,0.6
2013-06-26,002186,12.82,12.83,13.06,12.62,9557,13564201.0,3.44,0.39,0.05,0.34
2013-06-27,002186,12.84,12.69,13.07,12.62,11854,16845061.0,3.51,-1.09,-0.14,0.42
2013-06-28,002186,12.69,12.64,12.9,12.46,10993,15401711.0,3.47,-0.39,-0.05,0.39
2013-07-01,002186,12.72,12.78,12.82,12.47,7155,10045578.0,2.77,1.11,0.14,0.26
2013-07-02,002186,12.79,12.95,12.95,12.7,11347,16118742.0,1.96,1.33,0.17,0.41
2013-07-03,002186,12.97,12.73,12.97,12.52,12492,17563108.0,3.47,-1.7,-0.22,0.45
2013-07-04,002186,12.68,13.17,13.27,12.52,19185,27620915.0,5.89,3.46,0.44,0.68
2013-07-05,002186,13.18,12.99,13.21,12.96,11136,16084164.0,1.9,-1.37,-0.18,0.4
2013-07-08,002186,12.88,12.62,12.89,12.6,10182,14351273.0,2.23,-2.85,-0.37,0.36
2013-07-09,002186,12.52,12.59,12.73,12.52,6911,9662820.0,1.66,-0.24,-0.03,0.25
2013-07-10,002186,12.62,12.82,12.83,12.52,9067,12781426.0,2.46,1.83,0.23,0.32
2013-07-11,002186,12.82,13.07,13.15,12.75,20634,29649414.0,3.12,1.95,0.25,0.74
2013-07-12,002186,13.16,12.75,13.19,12.62,16007,22998141.0,4.36,-2.45,-0.32,0.57
2013-07-15,002186,12.75,12.86,12.94,12.72,10155,14440288.0,1.73,0.86,0.11,0.36
2013-07-16,002186,12.87,12.92,13.01,12.57,12644,17878847.0,3.42,0.47,0.06,0.45
2013-07-17,002186,12.96,12.98,13.14,12.87,14198,20421061.0,2.09,0.46,0.06,0.51
2013-07-18,002186,13.08,12.88,13.08,12.85,8451,12074321.0,1.77,-0.77,-0.1,0.3
2013-07-19,002186,12.9,12.52,12.95,12.52,15633,22063999.0,3.34,-2.8,-0.36,0.56
2013-07-22,002186,12.4,12.44,12.46,12.17,13098,17899023.0,2.32,-0.64,-0.08,0.47
2013-07-23,002186,12.43,12.54,12.7,12.41,15371,21442691.0,2.33,0.8,0.1,0.55
2013-07-24,002186,12.6,12.6,12.7,12.41,11100,15441620.0,2.31,0.48,0.06,0.4
2013-07-25,002186,12.57,12.56,12.69,12.46,8251,11527895.0,1.83,-0.32,-0.04,0.29
2013-07-26,002186,12.32,12.44,12.6,12.32,9776,13504595.0,2.23,-0.96,-0.12,0.35
2013-07-29,002186,12.37,12.43,12.51,12.32,7282,10040355.0,1.53,-0.08,-0.01,0.26
2013-07-30,002186,12.39,12.36,12.47,12.27,6678,9188823.0,1.61,-0.56,-0.07,0.24
2013-07-31,002186,12.4,12.39,12.59,12.36,6693,9257677.0,1.86,0.24,0.03,0.24
2013-08-01,002186,12.38,12.57,12.57,12.33,9316,12953861.0,1.94,1.45,0.18,0.33
2013-08-02,002186,12.62,12.69,12.87,12.5,16572,23318420.0,2.94,0.95,0.12,0.59
2013-08-05,002186,12.76,12.78,12.81,12.55,11697,16489867.0,2.05,0.71,0.09,0.42
2013-08-06,002186,12.78,13.4,13.91,12.72,39241,57912551.0,9.31,4.85,0.62,1.4
2013-08-07,002186,13.29,13.21,13.51,13.19,19753,29012010.0,2.39,-1.42,-0.19,0.71
2013-08-08,002186,13.12,13.24,13.4,13.08,12399,18108401.0,2.42,0.23,0.03,0.44
2013-08-09,002186,13.25,13.18,13.39,12.83,11626,16969684.0,4.23,-0.45,-0.06,0.42
2013-08-12,002186,13.2,13.43,13.47,13.07,15003,22002064.0,3.03,1.9,0.25,0.54
2013-08-13,002186,13.47,13.57,13.57,13.38,14890,22128856.0,1.41,1.04,0.14,0.53
2013-08-14,002186,13.57,13.92,14.11,13.47,32025,48701602.0,4.72,2.58,0.35,1.14
2013-08-15,002186,13.83,13.64,14.12,13.62,21136,32338675.0,3.59,-2.01,-0.28,0.75
2013-08-16,002186,13.57,13.25,13.8,13.22,19179,28545743.0,4.25,-2.86,-0.39,0.68
2013-08-19,002186,13.25,13.39,13.43,13.07,9161,13461451.0,2.72,1.06,0.14,0.33
2013-08-20,002186,13.42,13.34,13.56,13.27,11299,16709294.0,2.17,-0.37,-0.05,0.4
2013-08-21,002186,13.49,13.25,13.49,13.1,11566,16860647.0,2.92,-0.67,-0.09,0.41
2013-08-22,002186,13.27,13.17,13.35,13.14,8421,12318881.0,1.58,-0.6,-0.08,0.3
2013-08-23,002186,13.23,13.02,13.31,12.92,11630,16847514.0,2.96,-1.14,-0.15,0.42
2013-08-26,002186,13.12,13.28,13.3,13.04,10357,15128028.0,2.0,2.0,0.26,0.37
2013-08-27,002186,13.27,13.24,13.38,13.11,12040,17568498.0,2.03,-0.3,-0.04,0.43
2013-08-28,002186,13.23,13.04,13.23,12.94,9042,13078239.0,2.19,-1.51,-0.2,0.32
2013-08-29,002186,13.08,13.17,13.19,12.97,8875,12831302.0,1.69,1.0,0.13,0.32
2013-08-30,002186,13.18,13.2,13.3,13.03,12458,18084737.0,2.05,0.23,0.03,0.44
2013-09-02,002186,13.18,13.41,13.52,13.02,15170,22235956.0,3.79,1.59,0.21,0.54
2013-09-03,002186,13.42,13.52,13.52,13.32,14480,21488275.0,1.49,0.82,0.11,0.52
2013-09-04,002186,13.57,13.39,13.76,13.36,14719,21906289.0,2.96,-0.96,-0.13,0.53
2013-09-05,002186,13.39,13.25,13.45,13.2,12353,18135264.0,1.87,-1.05,-0.14,0.44
2013-09-06,002186,13.34,13.36,13.36,13.24,6604,9698435.0,0.91,0.83,0.11,0.24
2013-09-09,002186,13.52,13.68,13.81,13.4,22604,33993278.0,3.07,2.4,0.32,0.81
2013-09-10,002186,13.72,13.8,13.82,13.53,19540,29404382.0,2.12,0.88,0.12,0.7
2013-09-11,002186,13.84,13.7,13.86,13.62,15719,23708742.0,1.74,-0.72,-0.1,0.56
2013-09-12,002186,13.74,13.88,13.99,13.62,19963,30456508.0,2.7,1.31,0.18,0.71
2013-09-13,002186,13.92,14.47,14.62,13.84,41730,65895471.0,5.62,4.25,0.59,1.49
2013-09-16,002186,14.42,16.06,16.06,14.27,90688,152896626.0,12.37,10.99,1.59,3.24
2013-09-17,002186,15.73,15.62,15.98,15.41,38226,64992953.0,3.55,-2.74,-0.44,1.36
2013-10-11,002186,17.32,16.72,17.32,16.14,103319,187370082.0,7.55,7.04,1.1,3.69
2013-10-14,002186,16.73,18.53,18.53,16.73,53135,101970970.0,10.77,10.83,1.81,1.9
2013-10-15,002186,18.53,20.18,20.52,18.53,128510,276573328.0,10.74,8.9,1.65,4.59
2013-10-16,002186,19.92,18.87,19.92,18.58,82006,166806875.0,6.64,-6.49,-1.31,2.93
2013-10-17,002186,18.87,17.82,19.6,17.82,72516,145408146.0,9.43,-5.56,-1.05,2.59
2013-10-18,002186,17.62,18.2,18.57,17.47,42196,82330369.0,6.17,2.13,0.38,1.51
2013-10-21,002186,18.03,18.76,18.76,17.48,49868,98143638.0,7.03,3.08,0.56,1.78
2013-10-22,002186,18.76,18.15,18.82,18.1,35595,70058347.0,3.84,-3.25,-0.61,1.27
2013-10-23,002186,18.0,16.91,18.15,16.8,54354,101524641.0,7.44,-6.83,-1.24,1.94
2013-10-24,002186,17.18,16.8,17.19,16.64,24373,44500123.0,3.25,-0.65,-0.11,0.87
2013-10-25,002186,16.84,16.97,17.13,16.57,22805,41580418.0,3.33,1.01,0.17,0.81
2013-10-28,002186,17.0,17.2,17.27,16.67,20112,36920661.0,3.54,1.36,0.23,0.72
2013-10-29,002186,17.2,16.03,17.32,15.62,31900,56423486.0,9.88,-6.8,-1.17,1.14
2013-10-30,002186,16.07,16.15,16.2,15.8,20557,35752337.0,2.5,0.75,0.12,0.73
2013-10-31,002186,16.15,16.18,16.27,15.84,11746,20527916.0,2.66,0.19,0.03,0.42
2013-11-01,002186,16.11,15.92,16.25,15.85,11553,20073699.0,2.47,-1.61,-0.26,0.41
2013-11-04,002186,15.91,16.61,16.8,15.87,22143,39523064.0,5.84,4.33,0.69,0.79
2013-11-05,002186,16.6,17.23,17.37,16.32,33165,61248107.0,6.32,3.73,0.62,1.18
2013-11-06,002186,17.23,17.05,17.59,16.93,29067,54285150.0,3.83,-1.04,-0.18,1.04
2013-11-07,002186,17.12,16.68,17.18,16.34,18791,34061604.0,4.93,-2.17,-0.37,0.67
2013-11-08,002186,16.62,16.79,17.11,16.37,12695,23033070.0,4.44,0.66,0.11,0.45
2013-11-11,002186,16.6,16.29,16.74,16.13,16926,30107824.0,3.63,-2.98,-0.5,0.6
2013-11-12,002186,16.22,16.47,16.49,16.22,7493,13300513.0,1.66,1.1,0.18,0.27
2013-11-13,002186,16.41,15.6,16.42,15.6,13561,23522419.0,4.98,-5.28,-0.87,0.48
2013-11-14,002186,15.52,15.8,15.9,15.32,13606,23196711.0,3.72,1.28,0.2,0.49
2013-11-15,002186,15.85,16.18,16.46,15.73,17178,30224045.0,4.62,2.41,0.38,0.61
2013-11-18,002186,16.2,16.77,16.97,16.2,17307,31362182.0,4.76,3.65,0.59,0.62
2013-11-19,002186,16.64,17.01,17.41,16.64,16741,30969076.0,4.59,1.43,0.24,0.6
2013-11-20,002186,17.02,17.05,17.28,16.73,12230,22450537.0,3.23,0.24,0.04,0.44
2013-11-21,002186,17.05,16.76,17.05,16.62,14154,25658961.0,2.52,-1.7,-0.29,0.51
2013-11-22,002186,16.75,16.62,16.82,16.57,8746,15809979.0,1.49,-0.84,-0.14,0.31
2013-11-25,002186,16.6,16.96,17.12,16.45,14191,25844678.0,4.03,2.05,0.34,0.51
2013-11-26,002186,16.97,18.5,18.62,16.97,56273,108787222.0,9.73,9.08,1.54,2.01
2013-11-27,002186,18.38,18.35,18.61,18.05,30164,59334129.0,3.03,-0.81,-0.15,1.08
2013-11-28,002186,18.34,18.27,18.57,18.02,24866,48800959.0,3.0,-0.44,-0.08,0.89
2013-11-29,002186,18.35,18.37,18.98,18.27,29988,59933306.0,3.89,0.55,0.1,1.07
2013-12-02,002186,17.22,17.05,17.92,17.05,29964,56431363.0,4.74,-7.19,-1.32,1.07
2013-12-03,002186,17.04,17.83,17.85,16.82,20880,39088498.0,6.04,4.57,0.78,0.75
2013-12-04,002186,17.82,18.18,18.48,17.64,24260,47504092.0,4.71,1.96,0.35,0.87
2013-12-05,002186,18.22,18.41,18.8,18.22,19527,38868368.0,3.19,1.27,0.23,0.7
2013-12-06,002186,18.22,18.7,18.92,18.1,26043,52268048.0,4.45,1.58,0.29,0.93
2013-12-09,002186,19.01,18.72,19.01,18.44,14320,28661275.0,3.05,0.11,0.02,0.51
2013-12-10,002186,18.62,18.76,18.9,18.55,13560,27209691.0,1.87,0.21,0.04,0.48
2013-12-11,002186,18.72,18.45,18.72,18.28,13481,26725239.0,2.35,-1.65,-0.31,0.48
2013-12-12,002186,18.37,18.37,18.57,18.31,7777,15381115.0,1.41,-0.43,-0.08,0.28
2013-12-13,002186,18.38,18.39,18.5,18.27,9396,18586936.0,1.25,0.11,0.02,0.34
2013-12-16,002186,18.37,17.72,18.4,17.7,11298,21845294.0,3.81,-3.64,-0.67,0.4
2013-12-17,002186,17.68,17.86,17.9,17.68,7756,14845225.0,1.24,0.79,0.14,0.28
2013-12-18,002186,18.04,17.77,18.05,17.69,4516,8660757.0,2.02,-0.5,-0.09,0.16
2013-12-19,002186,17.84,17.9,17.98,17.77,6038,11636656.0,1.18,0.73,0.13,0.22
2013-12-20,002186,17.88,17.37,17.92,17.13,10647,19999188.0,4.41,-2.96,-0.53,0.38
2013-12-23,002186,17.3,17.37,17.52,17.02,6225,11626554.0,2.88,0.0,0.0,0.22
2013-12-24,002186,17.24,17.52,17.67,17.24,6200,11722938.0,2.48,0.86,0.15,0.22
2013-12-25,002186,17.42,17.6,17.7,17.42,4525,8568492.0,1.6,0.46,0.08,0.16
2013-12-26,002186,17.66,17.27,17.72,17.2,7753,14556270.0,2.95,-1.88,-0.33,0.28
2013-12-27,002186,16.95,17.47,17.51,16.95,7479,14008458.0,3.24,1.16,0.2,0.27
2013-12-30,002186,19.36,18.38,19.36,18.38,74107,151034143.0,5.61,5.21,0.91,2.65
2013-12-31,002186,17.77,17.5,18.1,17.47,35994,68434815.0,3.43,-4.79,-0.88,1.29
2014-01-02,002186,17.51,17.48,17.67,17.33,13831,26114681.0,1.94,-0.11,-0.02,0.49
2014-01-03,002186,17.43,17.1,17.43,16.87,14914,27548234.0,3.2,-2.17,-0.38,0.53
2014-01-06,002186,17.07,16.52,17.07,16.48,10138,18290077.0,3.45,-3.39,-0.58,0.36
2014-01-07,002186,16.4,16.62,16.87,16.4,10129,18252290.0,2.85,0.61,0.1,0.36
2014-01-08,002186,16.62,16.48,16.86,16.47,7681,13869592.0,2.35,-0.84,-0.14,0.27
2014-01-09,002186,16.52,15.97,16.72,15.93,14073,24826919.0,4.79,-3.09,-0.51,0.5
2014-01-10,002186,16.02,16.2,16.28,15.82,16672,29063345.0,2.88,1.44,0.23,0.6
2014-01-13,002186,16.3,16.1,16.31,16.04,9773,17117665.0,1.67,-0.62,-0.1,0.35
2014-01-14,002186,16.14,16.42,16.47,16.06,8165,14318008.0,2.55,1.99,0.32,0.29
2014-01-15,002186,16.35,16.76,16.77,16.24,10833,19361073.0,3.23,2.07,0.34,0.39
2014-01-16,002186,16.77,16.35,16.95,16.35,9015,16154650.0,3.58,-2.45,-0.41,0.32
2014-01-17,002186,16.36,16.15,16.44,16.04,5806,10220218.0,2.45,-1.22,-0.2,0.21
2014-01-20,002186,16.2,15.99,16.22,15.92,5243,9119235.0,1.86,-0.99,-0.16,0.19
2014-01-21,002186,15.89,16.19,16.22,15.87,5652,9879980.0,2.19,1.25,0.2,0.2
2014-01-22,002186,16.04,16.77,16.78,15.83,15495,27610042.0,5.87,3.58,0.58,0.55
2014-01-23,002186,16.77,17.02,17.04,16.55,15223,27754776.0,2.92,1.49,0.25,0.54
2014-01-24,002186,16.9,16.87,17.04,16.69,9664,17662563.0,2.06,-0.88,-0.15,0.35
2014-01-27,002186,16.71,16.72,16.96,16.62,9909,17978558.0,2.02,-0.89,-0.15,0.35
2014-01-28,002186,16.8,16.71,16.9,16.52,8157,14733988.0,2.27,-0.06,-0.01,0.29
2014-01-29,002186,16.71,16.75,16.92,16.7,7469,13558821.0,1.32,0.24,0.04,0.27
2014-01-30,002186,16.74,16.7,16.85,16.41,9814,17728966.0,2.63,-0.3,-0.05,0.35
2014-02-07,002186,16.53,16.78,16.79,16.49,6889,12413357.0,1.8,0.48,0.08,0.25
2014-02-10,002186,16.81,17.12,17.12,16.72,16104,29553876.0,2.38,2.03,0.34,0.57
2014-02-11,002186,17.21,17.66,17.84,17.13,21995,41558471.0,4.15,3.15,0.54,0.79
2014-02-12,002186,17.67,17.63,17.81,17.32,13890,26198972.0,2.77,-0.17,-0.03,0.5
2014-02-13,002186,17.63,17.3,17.65,17.22,17701,33231811.0,2.44,-1.87,-0.33,0.63
2014-02-14,002186,17.36,17.69,17.69,17.27,13169,24855030.0,2.43,2.25,0.39,0.47
2014-02-17,002186,17.7,17.6,17.83,17.48,18347,34852513.0,1.98,-0.51,-0.09,0.66
2014-02-18,002186,17.6,18.16,18.61,17.6,37200,72533764.0,5.74,3.18,0.56,1.33
2014-02-19,002186,18.11,18.08,18.11,17.69,17759,34123681.0,2.31,-0.44,-0.08,0.63
2014-02-20,002186,18.05,17.41,18.13,17.36,20304,38625146.0,4.26,-3.71,-0.67,0.72
2014-02-21,002186,17.4,17.4,17.72,17.24,15780,29750955.0,2.76,-0.06,-0.01,0.56
2014-02-24,002186,17.3,17.51,17.59,17.3,10071,18960317.0,1.67,0.63,0.11,0.36
2014-02-25,002186,17.53,18.12,18.77,17.4,44660,87732474.0,7.82,3.48,0.61,1.59
2014-02-26,002186,18.02,19.01,19.08,17.94,61317,123684002.0,6.29,4.91,0.89,2.19
2014-02-27,002186,19.04,19.01,19.12,18.48,33806,68408578.0,3.37,0.0,0.0,1.21
2014-02-28,002186,18.97,18.62,18.97,18.25,20576,41086503.0,3.79,-2.05,-0.39,0.73
2014-03-03,002186,18.61,19.0,19.19,18.54,20568,41762360.0,3.49,2.04,0.38,0.73
2014-03-04,002186,18.93,18.83,18.93,18.43,15143,30350627.0,2.63,-0.89,-0.17,0.54
2014-03-05,002186,18.8,18.55,18.92,18.44,17407,34761635.0,2.55,-1.49,-0.28,0.62
2014-03-06,002186,18.54,18.27,18.61,18.06,14560,28586731.0,2.96,-1.51,-0.28,0.52
2014-03-07,002186,18.32,18.63,18.69,18.32,12072,24013970.0,2.03,1.97,0.36,0.43
2014-03-10,002186,18.52,18.1,18.8,18.08,14742,29084673.0,3.86,-2.84,-0.53,0.53
2014-03-11,002186,17.88,17.29,17.92,17.23,15273,28892956.0,3.81,-4.48,-0.81,0.55
2014-03-12,002186,17.22,17.12,17.51,17.0,11952,22272977.0,2.95,-0.98,-0.17,0.43
2014-03-13,002186,17.31,17.5,17.61,17.12,9601,18061182.0,2.86,2.22,0.38,0.34
2014-03-14,002186,17.4,17.47,17.67,17.23,4837,9103679.0,2.51,-0.17,-0.03,0.17
2014-03-17,002186,17.45,17.65,17.67,17.38,6714,12718512.0,1.66,1.03,0.18,0.24
2014-03-18,002186,17.65,17.57,17.81,17.43,9024,17153502.0,2.15,-0.45,-0.08,0.32
2014-03-19,002186,17.57,17.66,17.66,17.38,5845,11053066.0,1.59,0.51,0.09,0.21
2014-03-20,002186,17.66,17.21,18.0,17.21,10522,20057620.0,4.47,-2.55,-0.45,0.38
2014-03-21,002186,17.12,16.93,17.12,16.32,25013,45300596.0,4.65,-1.63,-0.28,0.89
2014-03-24,002186,16.92,16.91,17.01,16.7,8586,15649226.0,1.83,-0.12,-0.02,0.31
2014-03-25,002186,16.9,16.92,16.97,16.77,6218,11347468.0,1.18,0.06,0.01,0.22
2014-03-26,002186,16.95,16.91,17.01,16.77,4389,8021005.0,1.42,-0.06,-0.01,0.16
2014-03-27,002186,16.92,16.65,17.01,16.62,7256,13210884.0,2.31,-1.54,-0.26,0.26
2014-03-28,002186,16.55,16.67,16.8,16.52,7703,13896883.0,1.68,0.12,0.02,0.28
2014-03-31,002186,16.62,16.66,16.88,16.59,3476,6276751.0,1.74,-0.06,-0.01,0.12
2014-04-01,002186,16.8,16.82,16.97,16.64,4341,7905684.0,1.98,0.96,0.16,0.15
2014-04-02,002186,16.84,16.85,16.94,16.77,4646,8456527.0,1.01,0.18,0.03,0.17
2014-04-03,002186,16.89,16.81,16.92,16.7,3553,6456669.0,1.31,-0.24,-0.04,0.13
2014-04-04,002186,16.73,16.97,17.0,16.73,6517,11912344.0,1.61,0.95,0.16,0.23
2014-04-08,002186,16.9,17.04,17.1,16.77,7319,13438809.0,1.94,0.41,0.07,0.26
2014-04-09,002186,17.02,16.92,17.09,16.89,9558,17509364.0,1.17,-0.7,-0.12,0.34
2014-04-10,002186,16.93,16.73,16.93,16.63,13979,25294122.0,1.77,-1.12,-0.19,0.5
2014-04-11,002186,16.71,16.63,16.87,16.5,8691,15731897.0,2.21,-0.6,-0.1,0.31
2014-04-14,002186,16.62,16.51,16.72,16.41,11887,21242920.0,1.86,-0.72,-0.12,0.42
2014-04-15,002186,16.58,16.38,16.71,16.33,9465,16894409.0,2.3,-0.79,-0.13,0.34
2014-04-16,002186,16.38,16.71,16.71,16.37,6382,11463893.0,2.08,2.01,0.33,0.23
2014-04-17,002186,16.69,16.53,16.71,16.52,3961,7123681.0,1.14,-1.08,-0.18,0.14
2014-04-18,002186,16.53,16.47,16.62,16.38,5962,10622061.0,1.45,-0.36,-0.06,0.21
2014-04-21,002186,16.34,16.18,16.44,16.15,7952,14062227.0,1.76,-1.76,-0.29,0.28
2014-04-22,002186,16.18,16.02,16.29,15.97,6202,10826563.0,1.98,-0.99,-0.16,0.22
2014-04-23,002186,16.07,15.82,16.09,15.79,7603,13154874.0,1.87,-1.25,-0.2,0.27
2014-04-24,002186,15.82,16.07,16.18,15.61,8175,14029889.0,3.6,1.58,0.25,0.29
2014-04-25,002186,16.06,15.83,16.07,15.82,4449,7683179.0,1.56,-1.49,-0.24,0.16
2014-04-28,002186,15.84,15.14,15.9,15.13,7613,12771446.0,4.86,-4.36,-0.69,0.27
2014-04-29,002186,15.17,15.38,15.56,15.17,3004,5036006.0,2.58,1.59,0.24,0.11
2014-04-30,002186,15.39,15.81,15.87,15.39,5951,10193121.0,3.12,2.8,0.43,0.21
2014-05-05,002186,15.83,15.9,15.95,15.62,5516,9483347.0,2.09,0.57,0.09,0.2
2014-05-06,002186,15.91,15.62,15.94,15.62,9079,15579084.0,2.01,-1.76,-0.28,0.32
2014-05-07,002186,15.62,15.54,15.69,15.52,4083,6928319.0,1.09,-0.51,-0.08,0.15
2014-05-08,002186,15.42,15.33,15.77,15.28,4047,6855367.0,3.15,-1.35,-0.21,0.14
2014-05-09,002186,15.31,14.98,15.52,14.94,13256,21893432.0,3.78,-2.28,-0.35,0.47
2014-05-12,002186,15.08,15.52,15.52,14.83,10965,18122598.0,4.61,3.6,0.54,0.39
2014-05-13,002186,15.47,15.55,15.57,15.32,5920,9995455.0,1.61,0.19,0.03,0.21
2014-05-14,002186,15.56,15.72,15.82,15.43,5896,10058200.0,2.51,1.09,0.17,0.21
2014-05-15,002186,15.62,15.53,15.77,15.51,4365,7420053.0,1.65,-1.21,-0.19,0.16
2014-05-16,002186,15.61,15.59,15.7,15.47,3589,6090286.0,1.48,0.39,0.06,0.13
2014-05-19,002186,15.62,15.41,15.78,15.29,2157,3615751.0,3.14,-1.15,-0.18,0.08
2014-05-20,002186,15.42,15.47,15.67,15.42,2436,4119518.0,1.62,0.39,0.06,0.09
2014-05-21,002186,15.23,15.48,15.58,15.23,2446,4122447.0,2.26,0.06,0.01,0.09
2014-05-22,002186,15.44,15.61,15.77,15.44,4117,7010041.0,2.13,0.84,0.13,0.15
2014-05-23,002186,15.62,16.29,16.47,15.58,14268,25083248.0,5.7,4.36,0.68,0.51
2014-05-26,002186,16.27,16.29,16.42,16.12,7868,13867876.0,1.84,0.0,0.0,0.28
2014-05-27,002186,16.38,16.15,16.38,16.14,4759,8397188.0,1.47,-0.86,-0.14,0.17
2014-05-28,002186,16.31,16.27,16.32,16.1,4335,7628524.0,1.36,0.74,0.12,0.15
2014-05-29,002186,16.27,16.14,16.33,16.05,4812,8487546.0,1.72,-0.8,-0.13,0.17
2014-05-30,002186,16.21,16.16,16.43,16.06,4030,6995575.0,2.29,0.12,0.02,0.14
2014-06-03,002186,16.14,16.35,16.36,16.09,7036,12278612.0,1.67,1.18,0.19,0.25
2014-06-04,002186,16.34,16.29,16.35,16.14,6251,10881219.0,1.28,-0.37,-0.06,0.22
2014-06-05,002186,16.33,16.64,16.84,16.17,8581,15174563.0,4.11,2.15,0.35,0.31
2014-06-06,002186,16.62,16.61,16.64,16.44,4191,7420754.0,1.2,-0.18,-0.03,0.15
2014-06-09,002186,16.55,16.53,16.61,16.42,3453,6110682.0,1.14,-0.48,-0.08,0.12
2014-06-10,002186,16.54,16.6,16.63,16.42,4670,8262252.0,1.27,0.42,0.07,0.17
2014-06-11,002186,16.59,16.59,16.73,16.44,4265,7559118.0,1.75,-0.06,-0.01,0.15
2014-06-12,002186,16.61,16.59,16.61,16.45,3231,5717507.0,0.96,0.0,0.0,0.12
2014-06-13,002186,16.53,16.7,16.71,16.45,5629,10004585.0,1.57,0.66,0.11,0.2
2014-06-16,002186,16.67,16.87,16.94,16.67,7383,13301315.0,1.62,1.02,0.17,0.26
2014-06-17,002186,16.88,16.52,16.92,16.49,4603,8222413.0,2.55,-2.07,-0.35,0.16
2014-06-18,002186,16.62,16.14,16.62,16.1,5171,9025517.0,3.15,-2.3,-0.38,0.18
2014-06-19,002186,16.24,15.56,16.28,15.44,8295,14073995.0,5.2,-3.59,-0.58,0.3
2014-06-20,002186,15.56,15.76,15.9,15.46,4945,8301421.0,2.83,1.29,0.2,0.18
2014-06-23,002186,15.78,15.89,15.92,15.74,3076,5222214.0,1.14,0.82,0.13,0.11
2014-06-24,002186,15.89,15.99,16.01,15.79,4132,7062885.0,1.38,0.63,0.1,0.15
2014-06-25,002186,16.04,15.9,16.04,15.88,2673,4585019.0,1.0,-0.56,-0.09,0.1
2014-06-26,002186,15.94,16.11,16.14,15.94,3642,6275431.0,1.26,1.32,0.21,0.13
2014-06-27,002186,16.14,16.17,16.24,16.03,4746,8220079.0,1.3,0.37,0.06,0.17
2014-06-30,002186,16.2,16.39,16.39,16.09,5904,10267136.0,1.86,1.36,0.22,0.21
2014-07-01,002186,16.34,16.41,16.5,16.25,4779,8366776.0,1.53,0.12,0.02,0.17
2014-07-02,002186,16.43,16.31,16.5,16.04,5696,9927327.0,2.8,-0.61,-0.1,0.2
2014-07-03,002186,16.24,16.49,16.74,16.14,7981,14107415.0,3.68,1.1,0.18,0.28
2014-07-04,002186,16.45,16.55,16.61,16.39,4261,7531610.0,1.33,0.36,0.06,0.15
2014-07-07,002186,16.59,17.33,17.34,16.48,13296,23904525.0,5.2,4.71,0.78,0.47
2014-07-08,002186,17.2,17.36,17.83,17.02,39003,72587228.0,4.67,0.17,0.03,1.39
2014-07-09,002186,17.14,16.74,17.34,16.66,14242,25779813.0,3.92,-3.57,-0.62,0.51
2014-07-10,002186,16.68,17.0,17.1,16.68,7350,13317508.0,2.51,1.55,0.26,0.26
2014-07-11,002186,16.85,17.1,17.33,16.84,8943,16383514.0,2.88,0.59,0.1,0.32
2014-07-14,002186,17.11,17.07,17.32,16.84,8273,15066457.0,2.81,-0.18,-0.03,0.29
2014-07-15,002186,17.09,17.22,17.27,16.94,7893,14439260.0,1.93,0.88,0.15,0.28
2014-07-16,002186,17.22,17.13,17.22,16.95,4829,8805481.0,1.57,-0.52,-0.09,0.17
2014-07-17,002186,17.13,16.89,17.13,16.85,5240,9480971.0,1.63,-1.4,-0.24,0.19
2014-07-18,002186,16.76,16.97,17.04,16.76,5415,9808826.0,1.66,0.47,0.08,0.19
2014-07-21,002186,16.97,16.79,16.97,16.71,4686,8417642.0,1.53,-1.06,-0.18,0.17
2014-07-22,002186,16.73,16.94,17.01,16.71,6894,12435314.0,1.79,0.89,0.15,0.25
2014-07-23,002186,16.95,16.91,17.11,16.86,5732,10379284.0,1.48,-0.18,-0.03,0.2
2014-07-24,002186,17.05,16.91,17.09,16.8,6121,11056221.0,1.71,0.0,0.0,0.22
2014-07-25,002186,17.02,17.02,17.04,16.84,5695,10313252.0,1.18,0.65,0.11,0.2
2014-07-28,002186,17.05,17.39,17.69,17.05,19303,35840890.0,3.76,2.17,0.37,0.69
2014-07-29,002186,17.39,17.54,17.87,17.39,16451,30934221.0,2.76,0.86,0.15,0.59
2014-07-30,002186,17.46,17.47,17.58,17.29,7673,14265243.0,1.65,-0.4,-0.07,0.27
2014-07-31,002186,17.61,17.79,17.87,17.54,17597,33323130.0,1.89,1.83,0.32,0.63
2014-08-01,002186,17.78,17.51,17.89,17.51,11649,21991461.0,2.14,-1.57,-0.28,0.42
2014-08-04,002186,17.57,17.62,17.73,17.51,9262,17387403.0,1.26,0.63,0.11,0.33
2014-08-05,002186,17.6,17.84,17.88,17.58,20157,38171604.0,1.7,1.25,0.22,0.72
2014-08-06,002186,17.91,17.86,18.13,17.75,14407,27449487.0,2.13,0.11,0.02,0.51
2014-08-07,002186,17.85,17.67,17.86,17.6,8070,15242536.0,1.46,-1.06,-0.19,0.29
2014-08-08,002186,17.67,18.39,18.55,17.67,30632,59644754.0,4.98,4.07,0.72,1.09
2014-08-11,002186,18.54,18.67,18.79,18.39,25991,51438931.0,2.18,1.52,0.28,0.93
2014-08-12,002186,18.64,18.55,18.73,18.38,14940,29381107.0,1.87,-0.64,-0.12,0.53
2014-08-13,002186,18.49,18.55,18.63,18.32,14465,28400340.0,1.67,0.0,0.0,0.52
2014-08-14,002186,18.55,18.27,18.8,18.23,20262,39764750.0,3.07,-1.51,-0.28,0.72
2014-08-15,002186,18.19,18.33,18.55,18.19,11276,22058863.0,1.97,0.33,0.06,0.4
2014-08-18,002186,18.39,18.72,18.75,18.28,14574,28759149.0,2.56,2.13,0.39,0.52
2014-08-19,002186,18.7,18.46,18.8,18.29,22918,45109485.0,2.72,-1.39,-0.26,0.82
2014-08-20,002186,18.42,18.07,18.42,18.04,23839,46044323.0,2.06,-2.11,-0.39,0.85
2014-08-21,002186,18.11,18.15,18.32,17.91,10762,20692293.0,2.27,0.44,0.08,0.38
2014-08-22,002186,18.18,18.82,19.02,18.13,40424,80194712.0,4.9,3.69,0.67,1.44
2014-08-25,002186,18.93,18.39,18.94,18.26,22719,44767120.0,3.61,-2.28,-0.43,0.81
2014-08-26,002186,18.47,18.6,19.04,18.32,28518,56676868.0,3.92,1.14,0.21,1.02
2014-08-27,002186,18.6,18.47,18.72,18.37,16547,32572625.0,1.88,-0.7,-0.13,0.59
2014-08-28,002186,18.72,19.19,19.24,18.64,50564,102344138.0,3.25,3.9,0.72,1.8
2014-08-29,002186,19.12,19.11,19.17,18.81,29105,58690075.0,1.88,-0.42,-0.08,1.04
2014-09-01,002186,19.11,19.45,19.69,18.92,30004,61681003.0,4.03,1.78,0.34,1.07
2014-09-02,002186,19.52,20.02,20.34,19.24,57462,121246258.0,5.66,2.93,0.57,2.05
2014-09-03,002186,20.02,19.84,20.38,19.67,50817,106919006.0,3.55,-0.9,-0.18,1.81
2014-09-04,002186,19.84,19.91,20.01,19.56,28856,60409556.0,2.27,0.35,0.07,1.03
2014-09-05,002186,19.91,19.96,20.12,19.72,20325,42825309.0,2.01,0.25,0.05,0.72
2014-09-09,002186,19.96,19.83,19.96,19.7,23134,48521416.0,1.3,-0.65,-0.13,0.82
2014-09-10,002186,19.81,19.85,19.93,19.54,19905,41755865.0,1.97,0.1,0.02,0.71
2014-09-11,002186,19.34,19.66,19.94,19.34,30790,64110313.0,3.02,-0.96,-0.19,1.1
2014-09-12,002186,19.59,19.93,19.98,19.43,17287,36122910.0,2.8,1.37,0.27,0.62
2014-09-15,002186,19.89,20.24,20.31,19.62,26123,54974953.0,3.46,1.56,0.31,0.93
2014-09-16,002186,20.11,20.25,21.26,20.11,50928,111460549.0,5.68,0.05,0.01,1.81
2014-09-17,002186,20.19,21.06,21.39,19.96,39374,86745339.0,7.06,4.0,0.81,1.4
2014-09-18,002186,21.06,20.72,21.31,20.64,21845,48159519.0,3.18,-1.61,-0.34,0.78
2014-09-19,002186,20.76,20.88,21.12,20.6,16905,37058348.0,2.51,0.77,0.16,0.6
2014-09-22,002186,20.92,20.42,21.06,20.14,21205,45841513.0,4.41,-2.2,-0.46,0.76
2014-09-23,002186,20.23,20.66,20.74,20.23,15445,33535634.0,2.5,1.18,0.24,0.55
2014-09-24,002186,20.6,20.73,20.73,20.52,15272,33264831.0,1.02,0.34,0.07,0.54
2014-09-25,002186,20.74,20.73,21.16,20.42,18584,40873049.0,3.57,0.0,0.0,0.66
2014-09-26,002186,20.6,20.73,20.96,20.54,10990,23990985.0,2.03,0.0,0.0,0.39
2014-09-29,002186,20.72,20.78,20.95,20.53,15653,34281566.0,2.03,0.24,0.05,0.56
2014-09-30,002186,20.84,20.84,20.94,20.72,14728,32393798.0,1.06,0.29,0.06,0.52
2014-10-08,002186,20.66,20.74,20.82,20.42,19996,43541032.0,1.92,-0.48,-0.1,0.71
2014-10-09,002186,20.74,20.06,20.77,19.95,40814,87310568.0,3.95,-3.28,-0.68,1.45
2014-10-10,002186,20.06,19.7,20.1,19.52,26515,55491171.0,2.89,-1.79,-0.36,0.94
2014-10-13,002186,19.56,20.0,20.01,19.53,15978,33490695.0,2.44,1.52,0.3,0.57
2014-10-14,002186,19.99,19.89,20.1,19.79,15316,32279511.0,1.55,-0.55,-0.11,0.55
2014-10-15,002186,19.84,19.58,19.94,19.39,21680,45048380.0,2.77,-1.56,-0.31,0.77
2014-10-16,002186,19.5,19.36,19.82,19.35,15920,33118430.0,2.4,-1.12,-0.22,0.57
2014-10-17,002186,19.34,19.31,19.64,19.0,14014,28621141.0,3.31,-0.26,-0.05,0.5
2014-10-20,002186,19.36,19.82,19.82,19.36,18018,37512453.0,2.38,2.64,0.51,0.64
2014-10-21,002186,19.8,19.5,19.82,19.5,10316,21440280.0,1.61,-1.61,-0.32,0.37
2014-10-22,002186,19.59,19.37,19.79,19.36,12469,25851906.0,2.21,-0.67,-0.13,0.44
2014-10-23,002186,19.22,19.03,19.44,18.89,10288,20861439.0,2.84,-1.76,-0.34,0.37
2014-10-24,002186,18.96,19.02,19.17,18.93,8590,17364569.0,1.26,-0.05,-0.01,0.31
2014-10-27,002186,18.79,19.04,19.08,18.64,7686,15440713.0,2.31,0.11,0.02,0.27
2014-10-28,002186,19.09,19.47,19.57,19.04,11356,23362544.0,2.78,2.26,0.43,0.4
2014-10-29,002186,19.54,19.6,19.74,19.42,13667,28319992.0,1.64,0.67,0.13,0.49
2014-10-30,002186,19.65,19.68,19.79,19.56,16219,33821549.0,1.17,0.41,0.08,0.58
2014-10-31,002186,19.79,20.28,20.5,19.68,36154,77064606.0,4.17,3.05,0.6,1.29
2014-11-03,002186,20.24,20.1,20.32,19.94,21703,46125908.0,1.87,-0.89,-0.18,0.77
2014-11-04,002186,20.11,19.79,20.28,19.69,21286,44781688.0,2.94,-1.54,-0.31,0.76
2014-11-05,002186,19.81,19.82,19.94,19.66,12414,26033623.0,1.41,0.15,0.03,0.44
2014-11-06,002186,19.79,19.64,19.91,19.5,10841,22559378.0,2.07,-0.91,-0.18,0.39
2014-11-07,002186,19.69,19.39,19.81,19.35,18435,38222731.0,2.34,-1.27,-0.25,0.66
2014-11-10,002186,19.42,19.67,19.76,19.42,15980,33179290.0,1.75,1.44,0.28,0.57
2014-11-11,002186,19.99,19.14,20.22,19.05,29169,60625604.0,5.95,-2.69,-0.53,1.04
2014-11-12,002186,19.06,19.3,19.33,19.06,12854,26171770.0,1.41,0.84,0.16,0.46
2014-11-13,002186,19.27,18.52,19.27,18.44,31006,61552700.0,4.3,-4.04,-0.78,1.11
2014-11-14,002186,18.35,18.59,18.66,18.24,14250,27911503.0,2.27,0.38,0.07,0.51
2014-11-17,002186,18.51,18.84,18.94,18.34,15218,30285110.0,3.23,1.34,0.25,0.54
2014-11-18,002186,18.97,18.69,18.97,18.54,9039,17948425.0,2.28,-0.8,-0.15,0.32
2014-11-19,002186,18.6,18.92,18.96,18.59,10811,21616446.0,1.98,1.23,0.23,0.39
2014-11-20,002186,18.84,18.71,18.88,18.64,6858,13659400.0,1.27,-1.11,-0.21,0.24
2014-11-21,002186,18.7,19.0,19.05,18.67,10495,21032190.0,2.03,1.55,0.29,0.37
2014-11-24,002186,19.15,19.37,19.55,18.73,32863,66757749.0,4.32,1.95,0.37,1.17
2014-11-25,002186,19.29,19.3,19.34,19.0,28865,58670546.0,1.76,-0.36,-0.07,1.03
2014-11-26,002186,19.3,19.34,19.79,19.26,48020,99238086.0,2.75,0.21,0.04,1.71
2014-11-27,002186,19.5,19.05,19.5,18.85,40262,81513098.0,3.36,-1.5,-0.29,1.43
2014-11-28,002186,19.02,18.74,19.2,18.6,35081,69944636.0,3.15,-1.63,-0.31,1.25
2014-12-01,002186,18.73,18.66,18.82,18.57,23064,45687011.0,1.33,-0.43,-0.08,0.82
2014-12-02,002186,18.66,18.99,19.02,18.66,27599,55377894.0,1.93,1.77,0.33,0.98
2014-12-03,002186,19.03,19.39,19.39,18.83,47405,95835584.0,2.95,2.11,0.4,1.69
2014-12-04,002186,19.39,19.41,19.58,19.19,48710,100296775.0,2.01,0.1,0.02,1.74
2014-12-05,002186,19.45,18.66,19.52,18.55,56023,112701210.0,5.0,-3.86,-0.75,2.0
2014-12-08,002186,18.65,18.46,18.65,18.32,51634,101121854.0,1.77,-1.07,-0.2,1.84
2014-12-09,002186,18.45,18.05,18.48,17.99,61665,119385337.0,2.65,-2.22,-0.41,2.2
2014-12-10,002186,18.02,18.35,18.41,17.97,33078,64104813.0,2.44,1.66,0.3,1.18
2014-12-11,002186,18.34,18.56,18.59,18.2,31822,62263109.0,2.13,1.14,0.21,1.13
2014-12-12,002186,18.56,18.44,18.74,18.34,30986,60934538.0,2.16,-0.65,-0.12,1.1
2014-12-15,002186,18.37,18.59,18.6,18.34,26792,52691315.0,1.41,0.81,0.15,0.95
2014-12-16,002186,18.62,18.55,18.73,18.45,27245,53696144.0,1.51,-0.22,-0.04,0.97
2014-12-17,002186,18.55,18.2,18.55,18.02,34797,67327132.0,2.86,-1.89,-0.35,1.24
2014-12-18,002186,18.2,18.06,18.27,17.95,19986,38582531.0,1.76,-0.77,-0.14,0.71
2014-12-19,002186,17.99,17.73,18.22,17.55,37974,71902607.0,3.71,-1.83,-0.33,1.35
2014-12-22,002186,17.54,17.16,17.71,17.05,34694,63852132.0,3.72,-3.21,-0.57,1.24
2014-12-23,002186,17.13,17.21,17.54,17.04,20034,36983712.0,2.91,0.29,0.05,0.71
2014-12-24,002186,17.28,17.75,17.89,17.28,29264,55143180.0,3.54,3.14,0.54,1.04
2014-12-25,002186,17.89,17.77,17.89,17.64,12866,24326257.0,1.41,0.11,0.02,0.46
2014-12-26,002186,17.77,17.93,18.02,17.74,18795,35785764.0,1.58,0.9,0.16,0.67
2014-12-29,002186,17.94,17.79,18.07,17.72,15584,29584599.0,1.95,-0.78,-0.14,0.56
2014-12-30,002186,17.85,17.99,18.41,17.79,26031,50196544.0,3.49,1.12,0.2,0.93
2014-12-31,002186,18.01,17.89,18.1,17.67,13464,25618129.0,2.39,-0.56,-0.1,0.48
2015-01-05,002186,17.89,18.02,18.05,17.76,29509,56394412.0,1.62,0.73,0.13,1.05
2015-01-06,002186,18.01,18.28,18.34,17.89,31446,60835272.0,2.5,1.44,0.26,1.12
2015-01-07,002186,18.23,18.02,18.43,17.84,32456,62494355.0,3.23,-1.42,-0.26,1.16
2015-01-08,002186,17.96,17.69,18.06,17.64,24687,46827973.0,2.33,-1.83,-0.33,0.88
2015-01-09,002186,17.73,17.79,17.98,17.7,19207,36480549.0,1.58,0.57,0.1,0.69
2015-01-12,002186,17.72,17.54,17.88,17.49,15802,29761111.0,2.19,-1.41,-0.25,0.56
2015-01-13,002186,17.52,17.78,17.86,17.51,13174,24839291.0,2.0,1.37,0.24,0.47
2015-01-14,002186,17.77,17.57,17.88,17.55,10256,19384540.0,1.86,-1.18,-0.21,0.37
2015-01-15,002186,17.58,17.69,17.79,17.57,9457,17816319.0,1.25,0.68,0.12,0.34
2015-01-16,002186,17.76,18.03,18.03,17.71,25138,47986732.0,1.81,1.92,0.34,0.9
2015-01-19,002186,17.81,17.37,18.28,17.15,41066,77836882.0,6.27,-3.66,-0.66,1.47
2015-01-20,002186,17.53,17.8,17.84,17.46,21268,40020791.0,2.19,2.48,0.43,0.76
2015-01-21,002186,17.88,18.25,18.28,17.85,36966,71330712.0,2.42,2.53,0.45,1.32
2015-01-22,002186,18.24,18.24,18.39,18.14,25270,49079987.0,1.37,-0.05,-0.01,0.9
2015-01-23,002186,18.32,18.18,18.39,18.14,25488,49502093.0,1.37,-0.33,-0.06,0.91
2015-01-26,002186,18.27,18.7,18.7,18.24,42515,83670868.0,2.53,2.86,0.52,1.52
2015-01-27,002186,18.79,18.64,18.82,18.38,33990,67097974.0,2.35,-0.32,-0.06,1.21
2015-01-28,002186,18.54,18.54,18.77,18.46,23667,46750147.0,1.66,-0.54,-0.1,0.84
2015-01-29,002186,18.39,18.55,18.84,18.31,28973,57217186.0,2.86,0.05,0.01,1.03
2015-01-30,002186,18.69,20.52,20.52,18.43,28788,58793892.0,11.27,10.62,1.97,1.03
2015-02-02,002186,19.12,19.28,19.5,18.92,78994,161590343.0,2.83,-6.04,-1.24,2.82
2015-02-03,002186,19.12,19.04,19.2,18.64,52263,104828974.0,2.9,-1.24,-0.24,1.86
2015-02-04,002186,18.94,19.02,19.39,18.86,37235,75697794.0,2.78,-0.11,-0.02,1.33
2015-02-05,002186,19.19,18.66,19.25,18.51,33828,67397350.0,3.89,-1.89,-0.36,1.21
2015-02-06,002186,18.64,18.05,18.66,17.98,31256,60666622.0,3.64,-3.27,-0.61,1.12
2015-02-09,002186,17.95,18.08,18.26,17.86,18077,34849780.0,2.22,0.17,0.03,0.64
2015-02-10,002186,18.11,18.17,18.19,17.8,16251,31145848.0,2.16,0.5,0.09,0.58
2015-02-11,002186,18.19,18.18,18.3,18.08,14696,28408233.0,1.21,0.06,0.01,0.52
2015-02-12,002186,18.29,18.66,18.83,18.25,29926,59227353.0,3.19,2.64,0.48,1.07
2015-02-13,002186,18.83,18.74,18.88,18.46,27948,55636771.0,2.25,0.43,0.08,1.0
2015-02-16,002186,18.77,19.05,19.21,18.56,30972,62341710.0,3.47,1.65,0.31,1.11
2015-02-17,002186,19.14,19.07,19.24,18.95,20933,42364046.0,1.52,0.1,0.02,0.75
2015-02-25,002186,19.09,18.62,19.14,18.59,22563,44833509.0,2.88,-2.36,-0.45,0.81
2015-02-26,002186,18.61,18.93,19.03,18.55,25724,51340645.0,2.58,1.66,0.31,0.92
2015-02-27,002186,18.92,18.95,19.1,18.78,21898,43939235.0,1.69,0.11,0.02,0.78
2015-03-02,002186,18.97,19.17,19.17,18.75,29036,58543169.0,2.22,1.16,0.22,1.04
2015-03-03,002186,19.16,18.99,19.32,18.95,34753,70551943.0,1.93,-0.94,-0.18,1.24
2015-03-04,002186,18.96,19.42,19.42,18.91,35485,72316140.0,2.69,2.26,0.43,1.27
2015-03-05,002186,19.34,19.38,19.62,19.24,34476,70870086.0,1.96,-0.21,-0.04,1.23
2015-03-06,002186,19.39,19.06,19.49,19.03,27306,55651815.0,2.37,-1.65,-0.32,0.97
2015-03-09,002186,18.96,19.13,19.23,18.79,25580,51576026.0,2.31,0.37,0.07,0.91
2015-03-10,002186,19.14,19.23,19.39,19.09,26513,54186275.0,1.57,0.52,0.1,0.95
2015-03-11,002186,19.21,19.02,19.45,18.99,33368,68040831.0,2.39,-1.09,-0.21,1.19
2015-03-12,002186,19.04,19.15,19.2,18.87,29455,59491318.0,1.74,0.68,0.13,1.05
2015-03-13,002186,19.22,19.33,19.39,19.06,29389,59964453.0,1.72,0.94,0.18,1.05
2015-03-16,002186,19.42,19.74,19.83,19.36,42647,88750632.0,2.43,2.12,0.41,1.52
2015-03-17,002186,19.89,20.02,20.14,19.7,57557,121471695.0,2.23,1.42,0.28,2.05
2015-03-18,002186,20.04,20.29,20.52,20.04,61699,132710188.0,2.4,1.35,0.27,2.2
2015-03-19,002186,20.39,20.14,20.42,19.99,48429,103228956.0,2.12,-0.74,-0.15,1.73
2015-03-20,002186,20.25,20.33,20.34,20.06,40679,86999803.0,1.39,0.94,0.19,1.45
2015-03-23,002186,20.47,20.7,20.8,20.33,50443,109628697.0,2.31,1.82,0.37,1.8
2015-03-24,002186,20.57,20.34,20.59,19.84,68081,145758085.0,3.62,-1.74,-0.36,2.43
2015-03-25,002186,20.15,22.49,22.49,20.15,123592,286999488.0,11.5,10.57,2.15,4.41
2015-03-26,002186,22.84,22.02,23.34,21.84,103511,244607953.0,6.67,-2.09,-0.47,3.69
2015-03-27,002186,21.88,22.04,22.29,21.65,44837,103634071.0,2.91,0.09,0.02,1.6
2015-03-30,002186,21.94,22.19,22.49,21.85,48511,113126195.0,2.9,0.68,0.15,1.73
2015-03-31,002186,22.22,22.02,22.59,21.92,48978,114533060.0,3.02,-0.77,-0.17,1.75
2015-04-01,002186,21.96,22.46,22.61,21.86,61115,143326779.0,3.41,2.0,0.44,2.18
2015-04-02,002186,22.48,22.59,23.13,22.34,55409,132251287.0,3.52,0.58,0.13,1.98
2015-04-03,002186,22.42,22.81,22.81,22.24,60097,142649263.0,2.52,0.97,0.22,2.14
2015-04-07,002186,23.11,23.61,23.83,22.74,76519,187929810.0,4.78,3.51,0.8,2.73
2015-04-08,002186,23.59,23.07,23.82,22.61,79923,194570415.0,5.12,-2.29,-0.54,2.85
2015-04-09,002186,23.17,22.42,23.17,21.84,53592,126306165.0,5.77,-2.82,-0.65,1.91
2015-04-10,002186,22.44,24.11,24.42,22.42,88047,218863325.0,8.92,7.54,1.69,3.14
2015-04-13,002186,24.37,25.38,26.54,24.37,122159,324107360.0,9.0,5.27,1.27,4.36
2015-04-14,002186,25.14,24.61,25.14,24.39,71310,184445730.0,2.96,-3.03,-0.77,2.54
2015-04-15,002186,24.6,23.56,24.61,23.44,51745,130032075.0,4.75,-4.27,-1.05,1.85
2015-04-16,002186,23.43,23.6,24.04,22.98,53417,132302880.0,4.5,0.17,0.04,1.91
2015-04-17,002186,23.89,23.82,24.52,23.61,57111,143407160.0,3.86,0.93,0.22,2.04
2015-04-20,002186,23.71,22.76,23.72,22.74,65553,160070245.0,4.11,-4.45,-1.06,2.34
2015-04-21,002186,22.62,23.52,23.62,22.59,40335,98573023.0,4.53,3.34,0.76,1.44
2015-04-22,002186,23.66,24.17,24.44,23.5,58206,146905455.0,4.0,2.76,0.65,2.08
2015-04-23,002186,24.14,24.52,24.57,23.95,59250,150921732.0,2.57,1.45,0.35,2.11
2015-04-24,002186,24.23,24.14,24.41,23.76,52932,133481617.0,2.65,-1.55,-0.38,1.89
2015-04-27,002186,24.16,24.17,24.44,23.89,45042,114098377.0,2.28,0.12,0.03,1.61
2015-04-28,002186,24.27,23.18,24.39,23.07,49804,123402250.0,5.46,-4.1,-0.99,1.78
2015-04-29,002186,23.19,23.66,23.79,23.14,36021,89071725.0,2.8,2.07,0.48,1.29
2015-04-30,002186,23.64,23.29,23.84,23.29,29062,71823046.0,2.32,-1.56,-0.37,1.04
2015-05-04,002186,23.16,22.99,23.42,22.65,34086,82195524.0,3.31,-1.29,-0.3,1.22
2015-05-05,002186,22.97,22.78,23.31,22.66,35365,85312576.0,2.83,-0.91,-0.21,1.26
2015-05-06,002186,22.82,22.15,23.14,22.14,33581,80434759.0,4.39,-2.77,-0.63,1.2
2015-05-07,002186,22.15,21.9,22.33,21.78,33989,78984954.0,2.48,-1.13,-0.25,1.21
2015-05-08,002186,21.97,22.59,22.6,21.97,27902,65472432.0,2.88,3.15,0.69,1.0
2015-05-11,002186,22.84,23.24,23.34,22.6,39674,96219366.0,3.28,2.88,0.65,1.42
2015-05-12,002186,23.34,23.4,23.7,23.0,39440,96591816.0,3.01,0.69,0.16,1.41
2015-05-13,002186,23.4,24.42,24.52,23.14,66453,165408061.0,5.9,4.36,1.02,2.37
2015-05-14,002186,24.14,24.14,24.63,23.94,61621,156828061.0,2.83,-1.15,-0.28,2.2
2015-05-15,002186,24.14,24.44,25.34,24.09,89731,232583389.0,5.18,1.24,0.3,3.2
2015-05-18,002186,24.24,24.91,25.06,24.16,52889,136877777.0,3.68,1.92,0.47,1.89
2015-05-19,002186,25.05,24.86,25.34,24.47,49423,128059566.0,3.49,-0.2,-0.05,1.76
2015-05-20,002186,24.89,24.89,25.39,24.61,76271,200114687.0,3.14,0.12,0.03,2.72
2015-05-21,002186,24.9,25.22,25.69,24.89,64621,170619999.0,3.21,1.33,0.33,2.31
2015-05-22,002186,25.49,25.92,26.12,24.96,88459,235603769.0,4.6,2.78,0.7,3.16
2015-05-25,002186,25.73,26.76,27.39,25.5,95382,263233779.0,7.29,3.24,0.84,3.4
2015-05-26,002186,27.13,26.97,27.13,26.22,96761,269657744.0,3.4,0.78,0.21,3.45
2015-05-27,002186,26.89,26.99,27.14,26.37,79500,221598167.0,2.86,0.07,0.02,2.84
2015-05-28,002186,27.05,24.94,28.34,24.84,123443,349410816.0,12.97,-7.6,-2.05,4.4
2015-05-29,002186,25.29,25.19,25.68,23.85,79866,209564882.0,7.34,1.0,0.25,2.85
2015-06-01,002186,25.11,27.13,27.14,24.89,82781,227591323.0,8.93,7.7,1.94,2.95
2015-06-02,002186,27.34,27.69,27.93,26.72,84446,240852322.0,4.46,2.06,0.56,3.01
2015-06-03,002186,27.94,28.82,29.84,27.94,114000,341235728.0,6.86,4.08,1.13,4.07
2015-06-04,002186,28.83,27.96,28.83,25.94,89236,256974426.0,10.03,-2.98,-0.86,3.18
2015-06-05,002186,28.18,28.59,29.09,27.46,88003,260674961.0,5.83,2.25,0.63,3.14
2015-06-08,002186,31.54,29.75,31.54,29.54,103338,324826560.0,7.0,4.06,1.16,3.69
2015-06-09,002186,29.32,29.56,30.46,29.0,72322,222745529.0,4.91,-0.64,-0.19,2.58
2015-06-10,002186,29.12,29.82,30.36,29.05,63007,194071391.0,4.43,0.88,0.26,2.25
2015-06-11,002186,30.57,32.9,32.9,30.56,143801,473079376.0,7.85,10.33,3.08,5.13
2015-06-12,002186,32.9,32.24,32.91,31.92,87138,289611984.0,3.01,-2.01,-0.66,3.11
2015-06-15,002186,32.72,31.36,32.81,31.25,66829,220637409.0,4.84,-2.73,-0.88,2.38
2015-06-16,002186,30.94,29.99,31.04,29.45,66702,208604153.0,5.07,-4.37,-1.37,2.38
2015-06-17,002186,30.03,30.46,30.84,28.55,59587,183481953.0,7.64,1.57,0.47,2.13
2015-06-18,002186,30.34,29.22,30.74,29.19,39948,123865228.0,5.09,-4.07,-1.24,1.43
2015-06-19,002186,28.71,26.95,28.99,26.86,57897,166887134.0,7.29,-7.77,-2.27,2.07
2015-06-23,002186,27.04,27.44,27.63,25.59,57265,159548585.0,7.57,1.82,0.49,2.04
2015-06-24,002186,28.14,28.3,28.33,27.62,66873,193708355.0,2.59,3.13,0.86,2.39
2015-06-25,002186,28.37,26.87,28.43,26.75,53611,153425005.0,5.94,-5.05,-1.43,1.91
2015-06-26,002186,26.25,24.09,26.84,24.09,73331,191271151.0,10.23,-10.35,-2.78,2.62
2015-06-29,002186,24.64,23.63,24.82,21.94,73510,179925213.0,11.96,-1.91,-0.46,2.62
2015-06-30,002186,23.54,25.15,25.24,21.54,65816,162418236.0,15.66,6.43,1.52,2.34
2015-07-01,002186,24.94,23.04,25.33,22.92,68944,175048834.0,9.58,-8.39,-2.11,2.46
2015-07-02,002186,23.1,20.89,23.28,20.72,74643,169609309.0,11.11,-9.33,-2.15,2.66
2015-07-03,002186,20.73,20.46,22.38,19.85,78028,172864478.0,12.11,-2.06,-0.43,2.78
2015-07-06,002186,22.43,19.04,22.43,18.39,81930,174688999.0,19.75,-6.94,-1.42,2.92
2015-07-07,002186,18.64,17.04,19.04,17.04,97300,179310666.0,10.5,-10.5,-2.0,3.47
2015-07-08,002186,15.24,17.28,17.82,15.24,158785,271544240.0,15.14,1.41,0.24,5.66
2015-07-09,002186,16.55,19.1,19.1,16.55,89427,172916578.0,14.76,10.53,1.82,3.19
2015-07-10,002186,19.54,21.11,21.11,19.44,108923,237038620.0,8.74,10.52,2.01,3.88
2015-07-13,002186,21.25,22.91,23.01,20.67,154306,353481008.0,11.08,8.53,1.8,5.5
2015-07-14,002186,22.03,21.24,22.84,21.04,111340,253812786.0,7.86,-7.29,-1.67,3.97
2015-07-15,002186,20.45,19.03,20.81,19.02,77832,161050332.0,8.43,-10.4,-2.21,2.77
2015-07-16,002186,19.03,19.56,20.19,18.05,57757,117576677.0,11.25,2.79,0.53,2.06
2015-07-17,002186,19.57,20.59,20.89,19.56,57134,120993357.0,6.8,5.27,1.03,2.03
2015-07-20,002186,20.49,20.61,21.37,20.29,52037,112923049.0,5.25,0.1,0.02,1.85
2015-07-21,002186,20.54,20.79,20.93,20.15,42126,90945667.0,3.78,0.87,0.18,1.5
2015-07-22,002186,20.8,20.92,21.11,20.42,48712,105859901.0,3.32,0.63,0.13,1.73
2015-07-23,002186,20.92,21.78,21.79,20.75,59355,132244788.0,4.97,4.11,0.86,2.11
2015-07-24,002186,21.74,21.28,22.34,21.1,78987,179836107.0,5.69,-2.3,-0.5,2.81
2015-07-27,002186,20.95,19.13,22.26,19.09,80556,177377604.0,14.9,-10.1,-2.15,2.87
2015-07-28,002186,18.34,19.33,19.98,17.54,74224,147159882.0,12.75,1.05,0.2,2.64
2015-07-29,002186,19.54,20.5,20.59,18.79,51819,106005188.0,9.31,6.05,1.17,1.85
2015-07-30,002186,20.34,20.86,21.96,20.05,82792,183222661.0,9.32,1.76,0.36,2.95
2015-07-31,002186,20.56,21.46,22.24,20.39,74422,166157075.0,8.87,2.88,0.6,2.65
2015-08-03,002186,21.84,21.54,22.88,21.45,99088,228852583.0,6.66,0.37,0.08,3.53
2015-08-04,002186,21.88,22.51,22.54,20.52,90068,204173951.0,9.38,4.5,0.97,3.21
2015-08-05,002186,22.34,21.82,22.54,21.74,55792,128612540.0,3.55,-3.07,-0.69,1.99
2015-08-06,002186,21.13,21.26,21.69,20.83,32405,72162510.0,3.94,-2.57,-0.56,1.15
2015-08-07,002186,21.39,21.79,22.23,21.27,41760,95227332.0,4.52,2.49,0.53,1.49
2015-08-10,002186,21.93,22.88,23.14,21.84,75521,176625961.0,5.97,5.0,1.09,2.69
2015-08-11,002186,22.73,22.86,23.25,22.4,72479,172265015.0,3.72,-0.09,-0.02,2.58
2015-08-12,002186,22.4,23.83,24.04,22.34,76875,185681256.0,7.44,4.24,0.97,2.74
2015-08-13,002186,23.59,24.71,24.74,23.59,112782,284285616.0,4.83,3.69,0.88,4.02
2015-08-14,002186,25.04,25.34,27.03,24.89,132379,354125904.0,8.66,2.55,0.63,4.71
2015-08-17,002186,24.94,25.69,25.94,24.54,80204,211026152.0,5.52,1.38,0.35,2.86
2015-08-18,002186,25.8,23.08,25.9,23.03,75939,192657802.0,11.17,-10.16,-2.61,2.7
2015-08-19,002186,22.35,23.49,23.69,21.84,66158,157074367.0,8.02,1.78,0.41,2.36
2015-08-20,002186,23.04,22.79,23.49,22.74,47301,113866154.0,3.19,-2.98,-0.7,1.68
2015-08-21,002186,22.64,22.67,23.74,21.54,52827,124575339.0,9.65,-0.53,-0.12,1.88
2015-08-24,002186,21.58,20.31,21.98,20.31,37954,81937428.0,7.37,-10.41,-2.36,1.35
2015-08-25,002186,18.55,18.18,18.84,18.18,41181,79450847.0,3.25,-10.49,-2.13,1.47
2015-08-26,002186,18.54,17.66,18.94,17.24,48360,92915435.0,9.35,-2.86,-0.52,1.72
2015-08-27,002186,18.18,18.54,18.55,17.54,30151,57686287.0,5.72,4.98,0.88,1.07
2015-08-28,002186,18.88,19.73,19.92,18.46,64087,127559875.0,7.87,6.42,1.19,2.28
2015-08-31,002186,19.25,18.79,19.29,18.73,57265,114139807.0,2.84,-4.76,-0.94,2.04
2015-09-01,002186,18.83,17.82,18.83,17.77,34737,66517588.0,5.64,-5.16,-0.97,1.24
2015-09-02,002186,17.04,17.28,18.46,16.85,34047,63198684.0,9.03,-3.03,-0.54,1.21
2015-09-07,002186,17.54,17.55,18.2,17.49,24363,45864526.0,4.11,1.56,0.27,0.87
2015-09-08,002186,17.6,18.3,18.34,17.31,25001,46937974.0,5.87,4.27,0.75,0.89
2015-09-09,002186,18.53,18.98,19.04,18.35,34635,68331445.0,3.77,3.72,0.68,1.23
2015-09-10,002186,18.69,18.6,18.96,18.52,20638,40723918.0,2.32,-2.0,-0.38,0.74
2015-09-11,002186,18.64,18.79,18.91,18.44,16375,32113385.0,2.53,1.02,0.19,0.58
2015-09-14,002186,19.02,17.12,19.49,17.0,50073,96268281.0,13.25,-8.89,-1.67,1.78
2015-09-15,002186,17.04,16.11,17.24,15.91,35984,63270865.0,7.77,-5.9,-1.01,1.28
2015-09-16,002186,16.28,17.61,17.7,16.15,31856,56631963.0,9.62,9.31,1.5,1.13
2015-09-17,002186,17.34,16.94,17.78,16.92,37332,68328700.0,4.88,-3.8,-0.67,1.33
2015-09-18,002186,17.0,17.02,17.11,16.74,25218,45123634.0,2.18,0.47,0.08,0.9
2015-09-21,002186,17.44,17.72,17.72,17.04,32035,58959921.0,4.0,4.11,0.7,1.14
2015-09-22,002186,17.77,17.65,17.87,17.46,31312,58411333.0,2.31,-0.4,-0.07,1.12
2015-09-23,002186,17.42,17.35,17.6,17.22,20990,38522372.0,2.15,-1.7,-0.3,0.75
2015-09-24,002186,17.36,17.59,17.72,17.32,17403,32193182.0,2.31,1.38,0.24,0.62
2015-09-25,002186,17.47,16.97,17.58,16.85,18879,34290115.0,4.15,-3.52,-0.62,0.67
2015-09-28,002186,16.94,17.22,17.28,16.82,12135,21868593.0,2.71,1.47,0.25,0.43
2015-09-29,002186,16.92,16.87,17.1,16.79,14758,26408461.0,1.8,-2.03,-0.35,0.53
2015-09-30,002186,16.96,17.08,17.23,16.96,11379,20548966.0,1.6,1.24,0.21,0.41
2015-10-08,002186,17.64,17.74,17.92,17.44,38309,71508325.0,2.81,3.86,0.66,1.36
2015-10-09,002186,17.55,17.88,17.91,17.55,22640,42380923.0,2.03,0.79,0.14,0.81
2015-10-12,002186,17.9,18.62,18.74,17.77,43905,85056929.0,5.43,4.14,0.74,1.56
2015-10-13,002186,18.36,18.51,18.63,18.33,24777,48177060.0,1.61,-0.59,-0.11,0.88
2015-10-14,002186,18.44,18.35,18.66,18.24,27141,52683235.0,2.27,-0.86,-0.16,0.97
2015-10-15,002186,18.32,19.02,19.04,18.25,39515,77599323.0,4.31,3.65,0.67,1.41
2015-10-16,002186,18.94,18.91,19.12,18.51,39451,78152284.0,3.21,-0.58,-0.11,1.41
2015-10-19,002186,18.89,18.65,19.15,18.4,42787,84634034.0,3.97,-1.37,-0.26,1.52
2015-10-20,002186,18.71,19.06,19.13,18.49,46873,93398115.0,3.43,2.2,0.41,1.67
2015-10-21,002186,19.08,17.89,19.34,17.89,54834,108200311.0,7.61,-6.14,-1.17,1.95
2015-10-22,002186,17.8,18.36,18.45,17.8,30382,58017661.0,3.63,2.63,0.47,1.08
2015-10-23,002186,18.39,19.09,19.26,18.35,46460,92293101.0,4.96,3.98,0.73,1.65
2015-10-26,002186,19.24,19.32,19.61,18.86,58058,117507435.0,3.93,1.2,0.23,2.07
2015-10-27,002186,19.09,19.27,19.34,18.62,46334,92345865.0,3.73,-0.26,-0.05,1.65
2015-10-28,002186,19.16,18.94,19.46,18.88,34154,68696853.0,3.01,-1.71,-0.33,1.22
2015-10-29,002186,19.06,18.99,19.22,18.74,27198,54337257.0,2.53,0.26,0.05,0.97
2015-10-30,002186,19.03,18.96,19.12,18.63,24231,48174519.0,2.58,-0.16,-0.03,0.86
2015-11-02,002186,18.7,18.87,19.22,18.49,32676,65148963.0,3.85,-0.47,-0.09,1.16
2015-11-03,002186,18.8,18.84,19.12,18.63,19539,38687914.0,2.6,-0.16,-0.03,0.7
2015-11-04,002186,18.97,19.71,19.76,18.93,56412,115004203.0,4.41,4.62,0.87,2.01
2015-11-05,002186,19.84,19.59,19.91,19.32,57349,117956748.0,2.99,-0.61,-0.12,2.04
2015-11-06,002186,19.64,20.04,20.07,19.56,48563,100801107.0,2.6,2.3,0.45,1.73
2015-11-09,002186,19.84,20.39,20.63,19.6,67992,143305884.0,5.14,1.75,0.35,2.42
2015-11-10,002186,20.24,20.04,20.54,19.93,45152,95492115.0,2.99,-1.72,-0.35,1.61
2015-11-11,002186,20.09,20.41,20.54,19.79,47693,100847463.0,3.74,1.85,0.37,1.7
2015-11-12,002186,20.39,20.11,20.5,19.92,39113,82764651.0,2.84,-1.47,-0.3,1.39
2015-11-13,002186,19.9,19.85,20.11,19.72,30860,64326788.0,1.94,-1.29,-0.26,1.1
2015-11-16,002186,19.5,20.01,20.01,19.46,20415,42304930.0,2.77,0.81,0.16,0.73
2015-11-17,002186,20.07,19.93,20.44,19.83,36075,76350568.0,3.05,-0.4,-0.08,1.28
2015-11-18,002186,19.94,19.93,20.28,19.79,30476,63998691.0,2.46,0.0,0.0,1.09
2015-11-19,002186,19.96,20.44,20.48,19.85,32311,68363146.0,3.16,2.56,0.51,1.15
2015-11-20,002186,20.4,20.37,20.69,20.23,36894,79040424.0,2.25,-0.34,-0.07,1.31
2015-11-23,002186,20.34,20.86,20.87,20.24,48582,104828388.0,3.09,2.41,0.49,1.73
2015-11-24,002186,20.94,20.74,20.94,20.34,32445,69862765.0,2.88,-0.58,-0.12,1.16
2015-11-25,002186,20.64,20.93,21.0,20.54,31615,68758451.0,2.22,0.92,0.19,1.13
2015-11-26,002186,20.86,20.59,21.05,20.55,33901,73815856.0,2.39,-1.62,-0.34,1.21
2015-11-27,002186,20.49,19.32,20.62,19.15,36460,76673826.0,7.14,-6.17,-1.27,1.3
2015-11-30,002186,19.42,19.43,19.57,18.7,30470,61594251.0,4.5,0.57,0.11,1.09
2015-12-01,002186,19.41,19.28,19.53,19.0,27187,55060940.0,2.73,-0.77,-0.15,0.97
2015-12-02,002186,19.28,19.83,19.93,19.14,30214,61864553.0,4.1,2.85,0.55,1.08
2015-12-03,002186,19.83,19.92,20.13,19.66,26548,55302576.0,2.37,0.45,0.09,0.95
2015-12-04,002186,19.84,20.19,20.24,19.67,29078,60771465.0,2.86,1.36,0.27,1.04
2015-12-07,002186,20.19,20.62,20.78,19.95,32756,70058233.0,4.11,2.13,0.43,1.17
2015-12-08,002186,20.46,19.93,20.57,19.67,25839,54336762.0,4.36,-3.35,-0.69,0.92
2015-12-09,002186,19.79,20.12,20.24,19.77,16553,34752181.0,2.36,0.95,0.19,0.59
2015-12-10,002186,20.04,20.49,20.53,19.96,30304,64604476.0,2.83,1.84,0.37,1.08
2015-12-11,002186,20.54,21.96,22.54,20.54,95813,215251638.0,9.76,7.17,1.47,3.41
2015-12-14,002186,21.6,22.04,22.06,21.34,51782,117229119.0,3.28,0.36,0.08,1.84
2015-12-15,002186,21.84,22.04,22.62,21.74,44139,102021556.0,3.99,0.0,0.0,1.57
2015-12-16,002186,22.12,21.66,22.34,21.6,39962,91723645.0,3.36,-1.72,-0.38,1.42
2015-12-17,002186,21.94,22.01,22.14,21.7,59113,135101250.0,2.03,1.62,0.35,2.11
2015-12-18,002186,21.81,21.63,21.99,21.44,50875,115239636.0,2.5,-1.73,-0.38,1.81
2015-12-21,002186,21.63,22.79,23.28,21.46,113570,268708432.0,8.41,5.36,1.16,4.05
2015-12-22,002186,22.83,23.02,23.53,22.57,71844,172724640.0,4.21,1.01,0.23,2.56
2015-12-23,002186,22.99,22.91,23.39,22.74,56240,135107578.0,2.82,-0.48,-0.11,2.0
2015-12-24,002186,22.87,22.47,22.96,21.95,37864,88665208.0,4.41,-1.92,-0.44,1.35
2015-12-25,002186,22.64,22.82,23.81,22.59,50439,121492236.0,5.43,1.56,0.35,1.8
2015-12-28,002186,22.87,22.06,23.46,22.01,52476,124320366.0,6.35,-3.33,-0.76,1.87
2015-12-29,002186,22.1,22.2,22.23,21.79,30148,69302655.0,1.99,0.63,0.14,1.07
2015-12-30,002186,22.29,22.34,22.38,21.98,28689,66403228.0,1.8,0.63,0.14,1.02
2015-12-31,002186,22.41,22.04,22.41,21.75,31070,71602018.0,2.95,-1.34,-0.3,1.11
2016-01-04,002186,22.14,19.75,22.14,19.74,30172,66251930.0,10.89,-10.39,-2.29,1.07
2016-01-05,002186,18.84,19.54,20.16,18.84,41661,85212076.0,6.68,-1.06,-0.21,1.48
2016-01-06,002186,19.56,20.03,20.06,19.56,28283,58897751.0,2.56,2.51,0.49,1.01
2016-01-07,002186,19.73,18.25,19.73,18.08,10455,20780169.0,8.24,-8.89,-1.78,0.37
2016-01-08,002186,18.92,18.64,19.04,17.82,45101,88153431.0,6.68,2.14,0.39,1.61
2016-01-11,002186,18.06,17.36,18.47,17.22,48281,90833672.0,6.71,-6.87,-1.28,1.72
2016-01-12,002186,17.39,17.62,17.71,17.04,30487,56170271.0,3.86,1.5,0.26,1.09
2016-01-13,002186,17.67,17.21,17.88,17.15,26113,48416252.0,4.14,-2.33,-0.41,0.93
2016-01-14,002186,16.84,17.58,17.66,16.7,30752,56039864.0,5.58,2.15,0.37,1.1
2016-01-15,002186,17.54,17.08,17.7,16.94,24034,43975456.0,4.32,-2.84,-0.5,0.86
2016-01-18,002186,16.87,17.36,17.5,16.74,20391,37061399.0,4.45,1.64,0.28,0.73
2016-01-19,002186,17.34,17.89,18.01,17.22,32284,60177136.0,4.55,3.05,0.53,1.15
2016-01-20,002186,17.82,17.53,18.0,17.47,24800,46306869.0,2.96,-2.01,-0.36,0.88
2016-01-21,002186,17.33,17.03,17.71,17.03,22880,41847207.0,3.88,-2.85,-0.5,0.81
2016-01-22,002186,17.24,17.26,17.39,16.81,19606,35522086.0,3.41,1.35,0.23,0.7
2016-01-25,002186,17.44,17.44,17.61,17.3,16237,29903002.0,1.8,1.04,0.18,0.58
2016-01-26,002186,17.24,16.63,17.64,16.34,31550,57122703.0,7.45,-4.64,-0.81,1.12
2016-01-27,002186,16.79,16.56,16.8,15.83,35012,60542626.0,5.83,-0.42,-0.07,1.25
2016-01-28,002186,16.39,16.24,16.67,16.14,13477,23396927.0,3.2,-1.93,-0.32,0.48
2016-01-29,002186,16.32,16.92,17.04,16.32,26660,47164795.0,4.43,4.19,0.68,0.95
2016-02-01,002186,16.81,16.66,16.91,16.52,15770,27890526.0,2.3,-1.54,-0.26,0.56
2016-02-02,002186,16.73,17.1,17.24,16.64,16633,29956071.0,3.6,2.64,0.44,0.59
2016-02-03,002186,16.93,17.27,17.3,16.82,12693,22890912.0,2.81,0.99,0.17,0.45
2016-02-04,002186,17.29,17.55,17.6,17.29,23128,42644660.0,1.8,1.62,0.28,0.82
2016-02-05,002186,17.56,17.27,17.77,17.25,15749,29053361.0,2.96,-1.6,-0.28,0.56
2016-02-15,002186,16.61,17.15,17.26,16.6,14858,26640757.0,3.82,-0.69,-0.12,0.53
2016-02-16,002186,17.15,17.71,17.84,17.15,21308,39414000.0,4.02,3.27,0.56,0.76
2016-02-17,002186,17.61,17.7,17.79,17.42,19016,35309984.0,2.09,-0.06,-0.01,0.68
2016-02-18,002186,17.76,17.59,17.88,17.55,20814,38831334.0,1.86,-0.62,-0.11,0.74
2016-02-19,002186,17.54,17.59,17.72,17.44,17230,31921835.0,1.59,0.0,0.0,0.61
2016-02-22,002186,17.69,17.88,18.01,17.59,29492,55317176.0,2.39,1.65,0.29,1.05
2016-02-23,002186,17.81,17.69,17.99,17.52,20897,39109560.0,2.63,-1.06,-0.19,0.74
2016-02-24,002186,17.62,17.9,17.94,17.5,25384,47379674.0,2.49,1.19,0.21,0.9
2016-02-25,002186,17.88,16.85,17.88,16.54,32833,59751171.0,7.49,-5.87,-1.05,1.17
2016-02-26,002186,17.11,17.43,17.54,16.75,27131,49152511.0,4.69,3.44,0.58,0.97
2016-02-29,002186,17.28,16.79,17.46,16.4,23503,41741955.0,6.08,-3.67,-0.64,0.84
2016-03-01,002186,16.78,16.94,17.0,16.54,22742,40555564.0,2.74,0.89,0.15,0.81
2016-03-02,002186,16.93,17.71,17.79,16.9,39551,72332175.0,5.25,4.55,0.77,1.41
2016-03-03,002186,17.59,17.52,17.82,17.5,30043,55943783.0,1.81,-1.07,-0.19,1.07
2016-03-04,002186,17.49,17.29,17.82,17.11,30700,56730530.0,4.05,-1.31,-0.23,1.09
2016-03-07,002186,17.38,17.74,17.74,17.38,31138,57655726.0,2.08,2.6,0.45,1.11
2016-03-08,002186,17.73,17.53,17.73,16.94,30203,55114262.0,4.45,-1.18,-0.21,1.08
2016-03-09,002186,17.16,16.93,17.24,16.79,28815,51823767.0,2.57,-3.42,-0.6,1.03
2016-03-10,002186,16.93,16.7,17.12,16.64,22692,40428176.0,2.84,-1.36,-0.23,0.81
2016-03-11,002186,16.48,16.62,16.78,16.35,23828,41684145.0,2.57,-0.48,-0.08,0.85
2016-03-14,002186,16.76,17.03,17.18,16.71,30716,55287988.0,2.83,2.47,0.41,1.09
2016-03-15,002186,17.03,16.84,17.13,16.73,23622,42192523.0,2.35,-1.12,-0.19,0.84
2016-03-16,002186,16.94,16.55,17.06,16.52,27159,47952285.0,3.21,-1.72,-0.29,0.97
2016-03-17,002186,16.55,16.96,17.05,16.55,28505,50811860.0,3.02,2.48,0.41,1.02
2016-03-18,002186,16.99,17.44,17.47,16.95,46276,84344965.0,3.07,2.83,0.48,1.65
2016-03-21,002186,17.47,17.72,17.78,17.46,43307,80559759.0,1.83,1.61,0.28,1.54
2016-03-22,002186,17.61,17.62,17.76,17.53,35806,66533284.0,1.3,-0.56,-0.1,1.28
2016-03-23,002186,17.62,17.66,17.76,17.49,30681,57028798.0,1.53,0.23,0.04,1.09
2016-03-24,002186,17.49,17.42,17.66,17.41,26426,48854202.0,1.42,-1.36,-0.24,0.94
2016-03-25,002186,17.52,18.19,18.24,17.41,47938,90000358.0,4.76,4.42,0.77,1.71
2016-03-28,002186,18.14,17.92,18.24,17.84,43839,83400054.0,2.2,-1.48,-0.27,1.56
2016-03-29,002186,17.84,17.4,17.92,17.35,32559,60307080.0,3.18,-2.9,-0.52,1.16
2016-03-30,002186,17.48,17.82,17.83,17.48,28200,52583074.0,2.01,2.41,0.42,1.0
2016-03-31,002186,17.83,17.88,17.93,17.73,32177,60502509.0,1.12,0.34,0.06,1.15
2016-04-01,002186,17.8,17.74,17.87,17.49,19785,36858319.0,2.13,-0.78,-0.14,0.7
2016-04-05,002186,17.76,18.13,18.18,17.64,40407,76735127.0,3.04,2.2,0.39,1.44
2016-04-06,002186,18.0,18.16,18.23,17.95,27580,52621530.0,1.54,0.17,0.03,0.98
2016-04-07,002186,18.19,18.04,18.27,17.99,29452,56238885.0,1.54,-0.66,-0.12,1.05
2016-04-08,002186,18.02,19.13,19.89,17.92,108087,215613351.0,10.92,6.04,1.09,3.85
2016-04-11,002186,18.89,18.95,19.14,18.72,76428,151929328.0,2.2,-0.94,-0.18,2.72
2016-04-12,002186,18.84,18.46,18.91,18.36,49375,96551082.0,2.9,-2.59,-0.49,1.76
2016-04-13,002186,18.62,18.69,18.92,18.62,39087,77126233.0,1.63,1.25,0.23,1.39
2016-04-14,002186,18.75,18.8,18.82,18.58,25332,49793214.0,1.28,0.59,0.11,0.9
2016-04-15,002186,18.75,18.71,18.77,18.52,22160,43378296.0,1.33,-0.48,-0.09,0.79
2016-04-18,002186,18.63,18.36,18.63,18.27,25056,48459345.0,1.92,-1.87,-0.35,0.89
2016-04-19,002186,18.49,18.44,18.54,18.27,16907,32785963.0,1.47,0.44,0.08,0.6
2016-04-20,002186,18.44,17.72,18.66,17.52,46117,87511273.0,6.18,-3.9,-0.72,1.64
2016-04-21,002186,17.66,18.28,18.34,17.6,36671,69418782.0,4.18,3.16,0.56,1.31
2016-04-22,002186,18.04,18.75,18.84,17.95,61001,119022786.0,4.87,2.57,0.47,2.17
2016-04-25,002186,18.61,18.18,18.73,17.85,29620,56785504.0,4.69,-3.04,-0.57,1.05
2016-04-26,002186,18.19,18.32,18.37,18.05,18671,35810018.0,1.76,0.77,0.14,0.66
2016-04-27,002186,18.29,18.08,18.35,18.02,20640,39551250.0,1.8,-1.31,-0.24,0.73
2016-04-28,002186,18.13,17.9,18.17,17.61,18846,35433523.0,3.1,-1.0,-0.18,0.67
2016-04-29,002186,17.72,18.0,18.08,17.72,12555,23753729.0,2.01,0.56,0.1,0.45
2016-05-03,002186,18.01,18.47,18.5,17.86,28851,55678844.0,3.56,2.61,0.47,1.03
2016-05-04,002186,18.52,18.38,18.52,18.26,20419,39503274.0,1.41,-0.49,-0.09,0.73
2016-05-05,002186,18.33,18.49,18.52,18.3,17471,33910040.0,1.2,0.6,0.11,0.62
2016-05-06,002186,18.58,17.83,18.58,17.74,29592,56519220.0,4.54,-3.57,-0.66,1.05
2016-05-09,002186,17.83,17.42,17.89,17.23,20216,37267381.0,3.7,-2.3,-0.41,0.72
2016-05-10,002186,17.41,17.44,17.55,17.35,12968,23885629.0,1.15,0.11,0.02,0.46
2016-05-11,002186,17.51,17.62,18.04,17.44,22471,42048921.0,3.44,1.03,0.18,0.8
2016-05-12,002186,17.44,17.54,17.54,17.04,18261,33367521.0,2.84,-0.45,-0.08,0.65
2016-05-13,002186,17.44,17.69,18.03,17.44,13503,25232960.0,3.36,0.86,0.15,0.48
2016-05-16,002186,17.65,17.84,17.84,17.39,17588,32610060.0,2.54,0.85,0.15,0.63
2016-05-17,002186,17.73,18.92,19.04,17.6,59390,115088222.0,8.07,6.05,1.08,2.11
2016-05-18,002186,18.71,18.28,18.87,18.05,58858,114550136.0,4.33,-3.38,-0.64,2.1
2016-05-19,002186,18.34,18.2,18.6,18.19,28090,54420701.0,2.24,-0.44,-0.08,1.0
2016-05-20,002186,18.04,18.3,18.34,17.99,21229,40627723.0,1.92,0.55,0.1,0.76
2016-05-23,002186,18.33,18.34,18.52,18.26,19328,37389870.0,1.42,0.22,0.04,0.69
2016-05-24,002186,18.29,18.33,18.49,18.04,19218,36950412.0,2.45,-0.05,-0.01,0.68
2016-05-25,002186,18.48,18.12,18.54,18.06,19220,36974739.0,2.62,-1.15,-0.21,0.68
2016-05-26,002186,18.14,17.94,18.2,17.65,22406,42210826.0,3.04,-0.99,-0.18,0.8
2016-05-27,002186,17.9,18.02,18.17,17.89,13873,26288482.0,1.56,0.45,0.08,0.49
2016-05-30,002186,18.02,17.92,18.08,17.84,10200,19287795.0,1.33,-0.55,-0.1,0.36
2016-05-31,002186,17.91,18.45,18.51,17.91,33466,64612095.0,3.35,2.96,0.53,1.19
2016-06-01,002186,18.52,18.65,19.04,18.4,39076,76760803.0,3.47,1.08,0.2,1.39
2016-06-02,002186,18.64,18.74,18.79,18.51,27210,53353934.0,1.5,0.48,0.09,0.97
2016-06-03,002186,18.74,18.76,19.02,18.59,35865,71156540.0,2.29,0.11,0.02,1.28
2016-06-06,002186,18.87,18.73,18.89,18.56,25882,50938808.0,1.76,-0.16,-0.03,0.92
2016-06-07,002186,18.7,18.83,18.87,18.56,20548,40463263.0,1.66,0.53,0.1,0.73
2016-06-08,002186,18.86,18.99,19.16,18.77,29114,57397801.0,2.07,0.85,0.16,1.04
2016-06-13,002186,18.77,17.86,18.86,17.86,33919,65189243.0,5.27,-5.95,-1.13,1.21
2016-06-14,002186,17.86,17.91,18.03,17.81,18621,34746453.0,1.23,0.28,0.05,0.66
2016-06-15,002186,17.81,18.26,18.39,17.76,26678,50526151.0,3.52,1.95,0.35,0.95
2016-06-16,002186,18.24,18.09,18.32,18.0,18285,34588151.0,1.75,-0.93,-0.17,0.65
2016-06-17,002186,18.1,18.23,18.35,18.1,17437,33117326.0,1.38,0.77,0.14,0.62
2016-06-20,002186,18.25,18.26,18.26,18.07,13922,26311697.0,1.04,0.16,0.03,0.5
2016-06-21,002186,18.31,18.19,18.45,18.16,19055,36321476.0,1.59,-0.38,-0.07,0.68
2016-06-22,002186,18.17,18.34,18.4,17.98,16402,31067847.0,2.31,0.82,0.15,0.58
2016-06-23,002186,18.34,18.54,18.59,18.26,29118,55921388.0,1.8,1.09,0.2,1.04
2016-06-24,002186,18.56,18.32,18.86,18.06,44290,85066536.0,4.31,-1.19,-0.22,1.58
2016-06-27,002186,18.16,18.61,18.61,18.13,32332,62129516.0,2.62,1.58,0.29,1.15
2016-06-28,002186,18.55,18.9,18.91,18.38,30683,59510714.0,2.85,1.56,0.29,1.09
2016-06-29,002186,18.87,18.77,18.9,18.68,19963,38972397.0,1.16,-0.69,-0.13,0.71
2016-06-30,002186,18.83,18.85,18.89,18.71,16903,33009469.0,0.96,0.43,0.08,0.6
2016-07-01,002186,18.84,18.82,18.93,18.6,21478,41874502.0,1.75,-0.16,-0.03,0.76
2016-07-04,002186,18.78,19.02,19.09,18.7,32993,65013756.0,2.07,1.06,0.2,1.17
2016-07-05,002186,18.98,19.01,19.12,18.88,19323,38165703.0,1.26,-0.05,-0.01,0.69
2016-07-06,002186,19.03,19.3,19.36,18.91,37808,75302952.0,2.37,1.53,0.29,1.34
2016-07-07,002186,19.25,19.4,19.86,19.17,44979,91278573.0,3.58,0.52,0.1,1.6
2016-07-08,002186,19.3,19.47,19.55,19.27,24022,48431144.0,1.44,0.36,0.07,0.85
2016-07-11,002186,20.29,21.49,21.49,20.03,149824,327860624.0,7.5,10.37,2.02,5.33
2016-07-12,002186,21.63,21.18,22.06,20.93,106217,235347865.0,5.26,-1.44,-0.31,3.78
2016-07-13,002186,20.94,20.94,21.24,20.68,72569,157515200.0,2.64,-1.13,-0.24,2.58
2016-07-14,002186,20.85,21.13,21.24,20.84,47153,102723920.0,1.91,0.91,0.19,1.68
2016-07-15,002186,20.99,20.59,21.11,20.55,40129,86054793.0,2.65,-2.56,-0.54,1.43
2016-07-18,002186,20.5,20.67,20.81,20.48,25473,54513657.0,1.6,0.39,0.08,0.91
2016-07-19,002186,20.61,20.6,20.68,20.35,24356,51739171.0,1.6,-0.34,-0.07,0.87
2016-07-20,002186,20.73,20.56,20.94,20.55,27478,59065851.0,1.89,-0.19,-0.04,0.98
2016-07-21,002186,20.51,20.56,20.65,20.44,25317,53895077.0,1.02,0.0,0.0,0.9
2016-07-22,002186,20.55,20.17,20.62,20.13,26142,54926766.0,2.38,-1.9,-0.39,0.93
2016-07-25,002186,20.05,20.17,20.3,20.05,15991,33451275.0,1.24,0.0,0.0,0.57
2016-07-26,002186,20.17,20.5,20.52,20.14,20147,42529835.0,1.88,1.64,0.33,0.72
2016-07-27,002186,20.51,19.99,20.53,19.56,39975,82941175.0,4.73,-2.49,-0.51,1.42
2016-07-28,002186,19.97,19.76,19.98,19.61,18855,38716184.0,1.85,-1.15,-0.23,0.67
2016-07-29,002186,19.8,19.93,20.06,19.74,20022,41377756.0,1.62,0.86,0.17,0.71
2016-08-01,002186,19.85,19.28,19.93,19.14,21260,42803976.0,3.96,-3.26,-0.65,0.76
2016-08-02,002186,19.26,19.45,19.45,19.25,9362,18832245.0,1.04,0.88,0.17,0.33
2016-08-03,002186,19.41,19.76,19.86,19.38,23369,47746451.0,2.47,1.59,0.31,0.83
2016-08-04,002186,19.69,19.74,19.75,19.37,16095,32760609.0,1.92,-0.1,-0.02,0.57
2016-08-05,002186,19.65,19.74,19.88,19.61,16223,33276932.0,1.37,0.0,0.0,0.58
2016-08-08,002186,19.73,20.0,20.0,19.47,16575,33963684.0,2.68,1.32,0.26,0.59
2016-08-09,002186,19.97,20.01,20.14,19.82,16708,34632396.0,1.6,0.05,0.01,0.59
2016-08-10,002186,20.03,19.83,20.06,19.83,11388,23554394.0,1.15,-0.9,-0.18,0.4
2016-08-11,002186,19.84,20.2,20.36,19.63,32517,67398707.0,3.68,1.87,0.37,1.16
2016-08-12,002186,20.06,20.26,20.53,20.06,22499,47336770.0,2.33,0.3,0.06,0.8
2016-08-15,002186,20.37,20.5,20.61,20.23,31454,66729432.0,1.88,1.18,0.24,1.12
2016-08-16,002186,20.5,20.55,20.85,20.46,30679,65648480.0,1.9,0.24,0.05,1.09
2016-08-17,002186,20.51,20.66,20.69,20.43,21988,46852396.0,1.27,0.54,0.11,0.78
2016-08-18,002186,20.69,20.4,20.71,20.39,23619,50218879.0,1.55,-1.26,-0.26,0.84
2016-08-19,002186,20.47,20.55,20.63,20.41,18269,38879437.0,1.08,0.74,0.15,0.65
2016-08-22,002186,20.63,20.16,20.63,20.14,20187,42549964.0,2.38,-1.9,-0.39,0.72
2016-08-23,002186,20.0,20.15,20.26,19.98,11311,23634229.0,1.39,-0.05,-0.01,0.4
2016-08-24,002186,20.15,19.94,20.24,19.94,14716,30593123.0,1.49,-1.04,-0.21,0.52
2016-08-25,002186,19.89,19.73,19.95,19.59,21565,44164772.0,1.81,-1.05,-0.21,0.77
2016-08-26,002186,19.75,19.99,20.03,19.74,15732,32513472.0,1.47,1.32,0.26,0.56
2016-08-29,002186,19.98,19.94,20.18,19.89,13229,27457940.0,1.45,-0.25,-0.05,0.47
2016-08-30,002186,19.87,20.03,20.17,19.87,10823,22463483.0,1.5,0.45,0.09,0.38
2016-08-31,002186,20.03,20.07,20.12,19.87,10951,22728916.0,1.25,0.2,0.04,0.39
2016-09-01,002186,20.06,20.09,20.34,20.01,20562,43009510.0,1.64,0.1,0.02,0.73
2016-09-02,002186,20.13,19.81,20.13,19.69,15577,32117634.0,2.19,-1.39,-0.28,0.55
2016-09-05,002186,19.94,20.36,20.36,19.82,24528,51145549.0,2.73,2.78,0.55,0.87
2016-09-06,002186,20.26,20.59,20.72,20.26,29450,62607129.0,2.26,1.13,0.23,1.05
2016-09-07,002186,20.51,20.42,20.61,20.38,22943,48730404.0,1.12,-0.83,-0.17,0.82
2016-09-08,002186,20.48,20.53,20.56,20.28,14232,30133807.0,1.37,0.54,0.11,0.51
2016-09-09,002186,20.5,20.14,20.63,20.14,19477,41023937.0,2.39,-1.9,-0.39,0.69
2016-09-12,002186,19.76,19.52,19.88,19.49,24970,51003011.0,1.94,-3.08,-0.62,0.89
2016-09-13,002186,19.58,19.61,19.72,19.48,10797,21944322.0,1.23,0.46,0.09,0.38
2016-09-14,002186,19.54,19.75,20.13,19.47,25463,52488764.0,3.37,0.71,0.14,0.91
2016-09-19,002186,19.69,19.86,19.91,19.58,17265,35361040.0,1.67,0.56,0.11,0.61
2016-09-20,002186,19.83,19.78,19.91,19.71,10517,21589016.0,1.01,-0.4,-0.08,0.37
2016-09-21,002186,19.78,19.81,19.86,19.74,10349,21255140.0,0.61,0.15,0.03,0.37
2016-09-22,002186,19.86,20.16,20.24,19.86,22741,47352988.0,1.92,1.77,0.35,0.81
2016-09-23,002186,20.16,20.46,21.08,19.94,34435,73075298.0,5.65,1.49,0.3,1.22
2016-09-26,002186,20.46,20.02,20.68,20.0,31216,65775346.0,3.32,-2.15,-0.44,1.11
2016-09-27,002186,20.06,20.07,20.1,19.71,14587,30179541.0,1.95,0.25,0.05,0.52
2016-09-28,002186,20.07,20.29,20.29,19.99,15144,31615166.0,1.49,1.1,0.22,0.54
2016-09-29,002186,20.43,20.25,20.51,20.17,14003,29466202.0,1.68,-0.2,-0.04,0.5
2016-09-30,002186,20.16,20.24,20.53,20.11,18531,38874577.0,2.07,-0.05,-0.01,0.66
2016-10-10,002186,20.26,20.61,20.61,20.25,31090,65978470.0,1.78,1.83,0.37,1.11
2016-10-11,002186,20.66,20.65,20.69,20.47,22847,48718995.0,1.07,0.19,0.04,0.81
2016-10-12,002186,20.66,20.84,20.88,20.57,35726,76672411.0,1.5,0.92,0.19,1.27
2016-10-13,002186,20.67,20.55,20.81,20.48,23730,50644980.0,1.58,-1.39,-0.29,0.84
2016-10-14,002186,20.63,20.48,20.63,20.32,15370,32595372.0,1.51,-0.34,-0.07,0.55
2016-10-17,002186,20.46,20.22,20.69,20.22,24347,51654254.0,2.29,-1.27,-0.26,0.87
2016-10-18,002186,20.19,20.49,20.5,20.16,14467,30494493.0,1.68,1.34,0.27,0.51
2016-10-19,002186,20.51,20.51,20.69,20.43,20192,42952863.0,1.27,0.1,0.02,0.72
2016-10-20,002186,20.51,20.61,20.63,20.31,18735,39774154.0,1.56,0.49,0.1,0.67
2016-10-21,002186,20.61,20.42,20.69,20.35,20825,44273269.0,1.65,-0.92,-0.19,0.74
2016-10-24,002186,20.48,20.69,20.76,20.39,28400,60751583.0,1.81,1.32,0.27,1.01
2016-10-25,002186,20.66,20.75,20.84,20.59,22678,48684743.0,1.21,0.29,0.06,0.81
2016-10-26,002186,20.77,20.65,20.81,20.6,20712,44387493.0,1.01,-0.48,-0.1,0.74
2016-10-27,002186,20.7,20.92,21.02,20.56,31352,67732152.0,2.23,1.31,0.27,1.11
2016-10-28,002186,21.01,20.53,21.02,20.47,24299,52215138.0,2.63,-1.86,-0.39,0.86
2016-10-31,002186,20.51,20.46,20.55,20.28,16548,35009658.0,1.32,-0.34,-0.07,0.59
2016-11-01,002186,20.46,20.66,20.71,20.43,17663,37686109.0,1.37,0.98,0.2,0.63
2016-11-02,002186,20.61,20.65,20.86,20.43,25043,53584135.0,2.08,-0.05,-0.01,0.89
2016-11-03,002186,20.55,20.68,20.79,20.55,21869,46853496.0,1.16,0.15,0.03,0.78
2016-11-04,002186,20.68,20.78,20.94,20.62,23408,50350721.0,1.55,0.48,0.1,0.83
2016-11-07,002186,21.26,21.69,22.24,21.06,91428,205744619.0,5.68,4.38,0.91,3.25
2016-11-08,002186,21.56,21.42,21.66,21.37,46126,102507457.0,1.34,-1.24,-0.27,1.64
2016-11-09,002186,21.36,20.94,21.52,20.89,45389,99373804.0,2.94,-2.24,-0.48,1.61
2016-11-10,002186,21.16,21.15,21.25,21.08,27952,61205630.0,0.81,1.0,0.21,0.99
2016-11-11,002186,21.2,21.49,21.51,21.07,38701,85225114.0,2.08,1.61,0.34,1.38
2016-11-14,002186,21.51,21.29,21.65,21.23,34644,76790258.0,1.95,-0.93,-0.2,1.23
2016-11-15,002186,21.3,21.34,21.41,21.18,21674,47737235.0,1.08,0.23,0.05,0.77
2016-11-16,002186,21.35,21.43,21.54,21.29,25182,55777611.0,1.17,0.42,0.09,0.9
2016-11-17,002186,21.41,21.2,21.44,21.11,22640,49697781.0,1.54,-1.07,-0.23,0.8
2016-11-18,002186,21.15,21.16,21.25,21.07,19750,43238114.0,0.85,-0.19,-0.04,0.7
2016-11-21,002186,21.12,21.31,21.35,21.03,19591,43010391.0,1.51,0.71,0.15,0.7
2016-11-22,002186,21.29,21.5,21.51,21.21,30265,66959532.0,1.41,0.89,0.19,1.08
2016-11-23,002186,21.62,21.15,21.65,21.11,26935,59441185.0,2.51,-1.63,-0.35,0.96
2016-11-24,002186,21.16,21.01,21.32,20.93,20617,45143959.0,1.84,-0.66,-0.14,0.73
2016-11-25,002186,21.04,21.13,21.21,20.72,23747,51500544.0,2.33,0.57,0.12,0.84
2016-11-28,002186,21.07,21.07,21.19,20.96,18877,41159246.0,1.09,-0.28,-0.06,0.67
2016-11-29,002186,21.05,21.04,21.29,20.97,22784,49846783.0,1.52,-0.14,-0.03,0.81
2016-11-30,002186,20.9,21.13,21.24,20.76,25577,55729390.0,2.28,0.43,0.09,0.91
2016-12-01,002186,21.02,21.21,21.29,21.02,19083,41801345.0,1.28,0.38,0.08,0.68
2016-12-02,002186,21.17,20.36,21.24,20.36,39559,84833406.0,4.15,-4.01,-0.85,1.41
2016-12-05,002186,20.23,20.08,20.45,19.76,21887,45849722.0,3.39,-1.38,-0.28,0.78
2016-12-06,002186,20.2,20.12,20.29,20.05,13775,28772526.0,1.2,0.2,0.04,0.49
2016-12-07,002186,20.17,20.35,20.39,20.03,11720,24617694.0,1.79,1.14,0.23,0.42
2016-12-08,002186,20.35,20.87,20.93,20.25,36468,77890580.0,3.34,2.56,0.52,1.3
2016-12-09,002186,20.81,21.47,22.16,20.77,100628,224121286.0,6.66,2.87,0.6,3.58
2016-12-12,002186,21.26,20.39,21.48,20.35,59886,129431220.0,5.26,-5.03,-1.08,2.13
2016-12-13,002186,20.47,20.51,20.61,19.97,26964,56877212.0,3.14,0.59,0.12,0.96
2016-12-14,002186,20.45,20.51,20.67,20.12,19982,42363805.0,2.68,0.0,0.0,0.71
2016-12-15,002186,20.38,21.32,21.39,20.26,49816,108555341.0,5.51,3.95,0.81,1.77
2016-12-16,002186,21.32,21.41,21.47,21.1,34048,75059685.0,1.74,0.42,0.09,1.21
2016-12-19,002186,21.26,21.82,22.24,21.21,60439,137070030.0,4.81,1.91,0.41,2.15
2016-12-20,002186,21.74,21.61,22.1,21.47,28894,64887634.0,2.89,-0.96,-0.21,1.03
2016-12-21,002186,21.81,21.81,22.03,21.5,30973,69532924.0,2.45,0.93,0.2,1.1
2016-12-22,002186,21.76,22.41,22.75,21.59,71969,165874261.0,5.32,2.75,0.6,2.56
2016-12-23,002186,22.3,21.62,22.35,21.37,48968,110656642.0,4.37,-3.53,-0.79,1.74
2016-12-26,002186,21.54,21.5,21.59,20.97,31661,69748855.0,2.87,-0.56,-0.12,1.13
2016-12-27,002186,21.5,21.56,21.85,21.46,24418,54768568.0,1.81,0.28,0.06,0.87
2016-12-28,002186,21.46,21.46,21.64,21.17,25362,56234628.0,2.18,-0.46,-0.1,0.9
2016-12-29,002186,21.4,21.56,21.67,21.28,19994,44480708.0,1.82,0.47,0.1,0.71
2016-12-30,002186,21.53,21.26,21.75,21.17,24935,55290052.0,2.69,-1.39,-0.3,0.89
2017-01-03,002186,21.26,21.76,21.76,21.25,25223,56167796.0,2.4,2.35,0.5,0.9
2017-01-04,002186,21.75,22.11,22.24,21.75,37230,84827683.0,2.25,1.61,0.35,1.33
2017-01-05,002186,22.05,22.09,22.33,21.86,29325,66949628.0,2.13,-0.09,-0.02,1.05
2017-01-06,002186,22.03,22.66,23.06,21.87,60806,141345074.0,5.39,2.58,0.57,2.17
2017-01-09,002186,22.56,22.66,22.85,22.3,38674,90185890.0,2.43,0.0,0.0,1.38
2017-01-10,002186,22.54,22.26,22.73,22.24,33281,77090293.0,2.16,-1.77,-0.4,1.19
2017-01-11,002186,22.16,21.88,22.16,21.81,25008,56828484.0,1.57,-1.71,-0.38,0.89
2017-01-12,002186,21.82,21.74,22.05,21.66,18428,41639892.0,1.78,-0.64,-0.14,0.66
2017-01-13,002186,21.74,21.51,21.92,21.46,19330,43207964.0,2.12,-1.06,-0.23,0.69
2017-01-16,002186,21.5,20.67,21.51,20.22,37816,82010072.0,6.0,-3.91,-0.84,1.35
2017-01-17,002186,20.56,21.14,21.51,20.56,21806,47568276.0,4.6,2.27,0.47,0.78
2017-01-18,002186,20.96,21.01,21.24,20.86,10124,22108894.0,1.8,-0.61,-0.13,0.36
2017-01-19,002186,21.03,20.72,21.21,20.67,14122,30596455.0,2.57,-1.38,-0.29,0.5
2017-01-20,002186,20.75,21.16,21.17,20.71,13515,29350497.0,2.22,2.12,0.44,0.48
2017-01-23,002186,21.25,21.33,21.41,21.09,17562,38660416.0,1.51,0.8,0.17,0.63
2017-01-24,002186,21.33,21.33,21.36,21.09,12481,27430242.0,1.27,0.0,0.0,0.45
2017-01-25,002186,21.26,21.51,21.55,21.22,13808,30645520.0,1.55,0.84,0.18,0.49
2017-01-26,002186,21.51,21.44,21.6,21.41,11545,25652157.0,0.88,-0.33,-0.07,0.41
2017-02-03,002186,21.48,21.26,21.58,21.25,12222,27056015.0,1.54,-0.84,-0.18,0.44
2017-02-06,002186,21.28,21.44,21.47,21.24,13871,30693080.0,1.08,0.85,0.18,0.49
2017-02-07,002186,21.46,21.21,21.5,21.06,19521,42918139.0,2.05,-1.07,-0.23,0.7
2017-02-08,002186,21.29,21.36,21.38,21.0,19987,43824197.0,1.79,0.71,0.15,0.71
2017-02-09,002186,21.28,21.46,21.53,21.24,16218,35945430.0,1.36,0.47,0.1,0.58
2017-02-10,002186,21.48,21.72,21.92,21.42,31479,70420724.0,2.33,1.21,0.26,1.12
2017-02-13,002186,21.71,21.89,21.96,21.6,27077,60976699.0,1.66,0.78,0.17,0.97
2017-02-14,002186,21.88,21.75,21.88,21.66,14056,31582707.0,1.01,-0.64,-0.14,0.5
2017-02-15,002186,21.72,21.52,21.89,21.42,20596,46126701.0,2.16,-1.06,-0.23,0.73
2017-02-16,002186,21.55,21.7,21.74,21.44,15559,34688271.0,1.39,0.84,0.18,0.56
2017-02-17,002186,21.59,21.25,21.7,21.24,20820,46212495.0,2.12,-2.07,-0.45,0.74
2017-02-20,002186,21.34,21.5,21.51,21.25,18244,40372767.0,1.22,1.18,0.25,0.65
2017-02-21,002186,21.51,21.98,22.05,21.31,41870,94346682.0,3.44,2.23,0.48,1.49
2017-02-22,002186,21.98,22.03,22.06,21.78,24465,55466041.0,1.27,0.23,0.05,0.87
2017-02-23,002186,21.98,21.96,21.98,21.57,21415,48302681.0,1.86,-0.32,-0.07,0.76
2017-02-24,002186,21.96,22.09,22.18,21.76,30644,69738124.0,1.91,0.59,0.13,1.09
2017-02-27,002186,22.01,21.82,22.14,21.76,23635,53640006.0,1.72,-1.22,-0.27,0.84
2017-02-28,002186,21.83,22.27,22.44,21.77,38421,88133520.0,3.07,2.06,0.45,1.37
2017-03-01,002186,22.26,22.2,22.55,22.13,36430,83971993.0,1.89,-0.31,-0.07,1.3
2017-03-02,002186,22.27,22.21,22.53,22.14,27990,64604715.0,1.76,0.05,0.01,1.0
2017-03-03,002186,22.21,22.05,22.21,21.87,24134,54908385.0,1.53,-0.72,-0.16,0.86
2017-03-06,002186,22.06,22.33,22.4,21.98,17091,39219497.0,1.9,1.27,0.28,0.61
2017-03-07,002186,22.31,22.41,22.44,22.1,21156,48697481.0,1.52,0.36,0.08,0.75
2017-03-08,002186,22.39,22.14,22.41,22.03,16492,37818810.0,1.7,-1.2,-0.27,0.59
2017-03-09,002186,22.04,21.96,22.13,21.81,15831,35925587.0,1.45,-0.81,-0.18,0.56
2017-03-10,002186,21.96,22.26,22.26,21.89,19951,45594403.0,1.68,1.37,0.3,0.71
2017-03-13,002186,22.34,22.28,22.36,21.98,18813,43194628.0,1.71,0.09,0.02,0.67
2017-03-14,002186,22.27,22.19,22.36,22.13,19649,45120539.0,1.03,-0.4,-0.09,0.7
2017-03-15,002186,22.16,21.99,22.2,21.96,14757,33641851.0,1.08,-0.9,-0.2,0.53
2017-03-16,002186,22.02,22.59,22.81,22.02,36658,85017120.0,3.59,2.73,0.6,1.31
2017-03-17,002186,22.61,22.78,22.8,22.45,38261,89552518.0,1.55,0.84,0.19,1.37
2017-03-20,002186,22.83,23.42,23.81,22.71,60829,146210678.0,4.83,2.81,0.64,2.17
2017-03-21,002186,23.31,23.46,23.8,23.17,46966,114028306.0,2.69,0.17,0.04,1.68
2017-03-22,002186,23.36,23.7,23.74,23.18,35536,85852292.0,2.39,1.02,0.24,1.27
2017-03-23,002186,23.73,23.56,23.94,23.06,30413,73633090.0,3.71,-0.59,-0.14,1.09
2017-03-24,002186,23.54,23.55,23.56,23.26,26271,63426634.0,1.27,-0.04,-0.01,0.94
2017-03-27,002186,23.53,23.16,23.54,23.15,24696,59450025.0,1.66,-1.66,-0.39,0.88
2017-03-28,002186,23.23,23.16,23.46,23.14,20944,50324987.0,1.38,0.0,0.0,0.75
2017-03-29,002186,23.16,22.74,23.2,22.72,28067,66383045.0,2.07,-1.81,-0.42,1.0
2017-03-30,002186,22.76,22.43,22.85,22.12,30774,71310551.0,3.21,-1.36,-0.31,1.1
2017-03-31,002186,22.43,22.36,22.62,22.16,18213,42152351.0,2.05,-0.31,-0.07,0.65
2017-04-05,002186,22.66,22.98,23.0,22.27,23907,56141423.0,3.26,2.77,0.62,0.85
2017-04-06,002186,22.91,22.76,23.01,22.75,17175,40583876.0,1.13,-0.96,-0.22,0.61
2017-04-07,002186,22.79,22.82,22.9,22.68,14114,33214982.0,0.97,0.26,0.06,0.5
2017-04-10,002186,22.83,22.26,22.83,22.16,25007,57847354.0,2.94,-2.45,-0.56,0.89
2017-04-11,002186,22.29,22.36,22.38,21.97,23196,53261355.0,1.84,0.45,0.1,0.83
2017-04-12,002186,22.33,22.32,22.51,22.11,17030,39283698.0,1.79,-0.18,-0.04,0.61
2017-04-13,002186,22.25,22.12,22.34,22.11,15478,35529577.0,1.03,-0.9,-0.2,0.55
2017-04-14,002186,22.15,21.77,22.34,21.62,25875,58539208.0,3.25,-1.58,-0.35,0.92
2017-04-17,002186,21.78,21.52,21.79,21.34,17602,39219701.0,2.07,-1.15,-0.25,0.63
2017-04-18,002186,21.56,21.47,21.66,21.32,15811,35174240.0,1.58,-0.23,-0.05,0.56
2017-04-19,002186,21.52,21.19,21.56,21.04,21815,47881296.0,2.42,-1.3,-0.28,0.78
2017-04-20,002186,21.22,21.36,21.78,21.22,28197,62752318.0,2.64,0.8,0.17,1.01
2017-04-21,002186,21.37,21.39,21.69,21.26,16496,36665882.0,2.01,0.14,0.03,0.59
2017-04-24,002186,21.46,20.99,21.49,20.56,18075,39160785.0,4.35,-1.87,-0.4,0.64
2017-04-25,002186,20.87,20.91,21.09,20.87,13248,28769780.0,1.05,-0.38,-0.08,0.47
2017-04-26,002186,21.01,20.88,21.05,20.81,12627,27352194.0,1.15,-0.14,-0.03,0.45
2017-04-27,002186,20.88,21.02,21.02,20.54,15939,34294823.0,2.3,0.67,0.14,0.57
2017-04-28,002186,21.07,21.1,21.24,20.93,11746,25590557.0,1.47,0.38,0.08,0.42
2017-05-02,002186,21.13,20.91,21.13,20.86,10809,23455629.0,1.28,-0.9,-0.19,0.39
2017-05-03,002186,20.97,20.78,21.01,20.64,13566,29257243.0,1.77,-0.62,-0.13,0.48
2017-05-04,002186,20.84,20.92,21.0,20.66,11980,25891842.0,1.64,0.67,0.14,0.43
2017-05-05,002186,20.88,20.33,20.88,20.31,16369,34885092.0,2.72,-2.82,-0.59,0.58
2017-05-08,002186,20.33,20.08,20.46,19.98,14409,30118296.0,2.36,-1.23,-0.25,0.51
2017-05-09,002186,20.0,20.08,20.25,19.94,11926,24849102.0,1.54,0.0,0.0,0.43
2017-05-10,002186,20.11,19.81,20.17,19.76,8479,17585980.0,2.04,-1.34,-0.27,0.3
2017-05-11,002186,19.81,19.56,19.95,19.16,22764,46074032.0,3.99,-1.26,-0.25,0.81
2017-05-12,002186,19.48,19.61,19.79,19.43,10795,21968144.0,1.84,0.26,0.05,0.39
2017-05-15,002186,19.56,19.63,19.76,19.56,10201,20826140.0,1.02,0.1,0.02,0.36
2017-05-16,002186,19.65,19.76,19.8,19.24,21622,43759301.0,2.85,0.66,0.13,0.77
2017-05-17,002186,19.7,19.83,19.92,19.56,20111,41249656.0,1.82,0.35,0.07,0.72
2017-05-18,002186,19.67,19.63,19.74,19.52,11041,22487742.0,1.11,-1.01,-0.2,0.39
2017-05-19,002186,19.65,19.67,19.83,19.56,9378,19128356.0,1.38,0.2,0.04,0.33
2017-05-22,002186,19.61,19.34,19.86,19.25,15090,30622129.0,3.1,-1.68,-0.33,0.54
2017-05-23,002186,19.18,18.91,19.4,18.79,18085,35856135.0,3.15,-2.22,-0.43,0.65
2017-05-24,002186,18.91,19.11,19.14,18.72,13840,27242430.0,2.22,1.06,0.2,0.49
2017-05-25,002186,19.16,19.29,19.4,18.94,10340,20607599.0,2.41,0.94,0.18,0.37
2017-05-26,002186,19.35,19.25,19.45,19.15,10192,20439707.0,1.56,-0.21,-0.04,0.36
2017-05-31,002186,19.55,19.24,19.55,19.19,9671,19406435.0,1.87,-0.05,-0.01,0.35
2017-06-01,002186,19.23,18.91,19.26,18.88,12260,24278771.0,1.98,-1.72,-0.33,0.44
2017-06-02,002186,19.02,19.01,19.08,18.84,14631,28798174.0,1.27,0.53,0.1,0.52
2017-06-05,002186,19.0,19.16,19.31,19.0,8363,16634496.0,1.63,0.79,0.15,0.3
2017-06-06,002186,19.13,19.27,19.28,19.08,9013,17977896.0,1.04,0.57,0.11,0.32
2017-06-07,002186,19.3,19.61,19.62,19.2,14902,30071246.0,2.18,1.76,0.34,0.53
2017-06-08,002186,19.56,19.56,19.6,19.42,13327,26982013.0,0.92,-0.25,-0.05,0.48
2017-06-09,002186,19.66,19.57,19.66,19.46,11833,23742542.0,1.02,0.05,0.01,0.42
2017-06-12,002186,19.53,19.48,19.69,19.35,11368,22791814.0,1.74,-0.46,-0.09,0.41
2017-06-13,002186,19.43,19.58,19.65,19.4,10190,20402908.0,1.28,0.51,0.1,0.36
2017-06-14,002186,19.58,19.62,19.63,19.47,8223,16490352.0,0.82,0.2,0.04,0.29
2017-06-15,002186,19.6,19.75,19.8,19.57,13788,27893228.0,1.17,0.66,0.13,0.49
2017-06-16,002186,19.79,19.48,19.79,19.43,14580,29262708.0,1.82,-1.37,-0.27,0.52
2017-06-19,002186,19.48,19.59,19.6,19.45,12627,25292655.0,0.77,0.56,0.11,0.45
2017-06-20,002186,19.6,19.61,19.65,19.51,10044,20194872.0,0.71,0.1,0.02,0.36
2017-06-21,002186,19.62,19.56,19.68,19.5,9861,19789445.0,0.92,-0.25,-0.05,0.35
2017-06-22,002186,19.56,19.32,19.65,19.31,14853,29759036.0,1.74,-1.23,-0.24,0.53
2017-06-23,002186,19.35,19.32,19.4,19.07,14259,28114503.0,1.71,0.0,0.0,0.51
2017-06-26,002186,19.26,19.5,19.5,19.26,12187,24257292.0,1.24,0.93,0.18,0.43
2017-06-27,002186,19.44,19.53,19.63,19.42,13183,26432626.0,1.08,0.15,0.03,0.47
2017-06-28,002186,19.5,19.51,19.6,19.38,9187,18354939.0,1.13,-0.1,-0.02,0.33
2017-06-29,002186,19.54,19.57,19.61,19.41,9656,19357394.0,1.03,0.31,0.06,0.34
2017-06-30,002186,19.55,19.75,19.78,19.5,16347,32918781.0,1.43,0.92,0.18,0.58
2017-07-03,002186,19.76,19.83,19.9,19.62,17599,35711113.0,1.42,0.41,0.08,0.63
2017-07-04,002186,19.84,19.61,19.85,19.56,13434,27101776.0,1.46,-1.11,-0.22,0.48
2017-07-05,002186,19.63,19.67,19.72,19.53,12369,24907611.0,0.97,0.31,0.06,0.44
2017-07-06,002186,19.67,19.6,19.69,19.5,12763,25659809.0,0.97,-0.36,-0.07,0.46
2017-07-07,002186,19.58,19.62,19.64,19.54,9968,20020720.0,0.51,0.1,0.02,0.36
2017-07-10,002186,19.58,19.45,19.6,19.35,14827,29570893.0,1.27,-0.87,-0.17,0.53
2017-07-11,002186,19.45,19.36,19.5,19.33,11116,22117448.0,0.87,-0.46,-0.09,0.4
2017-07-12,002186,19.36,19.12,19.43,18.99,15170,29833435.0,2.27,-1.24,-0.24,0.54
2017-07-13,002186,19.12,19.16,19.23,19.03,8927,17523087.0,1.05,0.21,0.04,0.32
2017-07-14,002186,19.16,19.14,19.24,19.05,7366,14456803.0,0.99,-0.1,-0.02,0.26
2017-07-17,002186,19.1,18.16,19.1,18.01,25921,49087700.0,5.69,-5.12,-0.98,0.85
2017-07-18,002186,18.2,18.3,18.32,18.1,10124,18934410.0,1.21,0.77,0.14,0.33
2017-07-19,002186,18.3,18.42,18.44,18.2,9454,17806122.0,1.31,0.66,0.12,0.31
2017-07-20,002186,18.45,18.42,18.54,18.36,8163,15472494.0,0.98,0.0,0.0,0.27
2017-07-21,002186,18.42,18.1,18.59,18.1,15204,28647179.0,2.66,-1.74,-0.32,0.5
2017-07-24,002186,18.05,18.54,18.55,17.96,21233,39814008.0,3.26,2.43,0.44,0.69
2017-07-25,002186,18.5,18.37,18.53,18.31,10557,19964133.0,1.19,-0.92,-0.17,0.35
2017-07-26,002186,18.42,18.25,18.44,18.2,7949,14950761.0,1.31,-0.65,-0.12,0.26
2017-07-27,002186,18.26,18.57,18.57,18.18,12159,23019755.0,2.14,1.75,0.32,0.4
2017-07-28,002186,18.57,18.6,18.72,18.48,10360,19797376.0,1.29,0.16,0.03,0.34
2017-07-31,002186,18.61,18.65,18.73,18.53,11439,21918311.0,1.08,0.27,0.05,0.37
2017-08-01,002186,18.65,18.63,18.74,18.5,8515,16268570.0,1.29,-0.11,-0.02,0.28
2017-08-02,002186,18.64,18.56,18.76,18.5,10004,19106362.0,1.4,-0.38,-0.07,0.33
2017-08-03,002186,18.6,18.56,18.6,18.45,8631,16425517.0,0.81,0.0,0.0,0.28
2017-08-04,002186,18.58,18.62,18.66,18.52,6405,12224505.0,0.75,0.32,0.06,0.21
2017-08-07,002186,18.62,18.79,18.79,18.55,10516,20127155.0,1.29,0.91,0.17,0.34
2017-08-08,002186,18.75,18.79,18.85,18.65,9961,19187421.0,1.06,0.0,0.0,0.33
2017-08-09,002186,18.71,18.7,18.82,18.62,8291,15911941.0,1.06,-0.48,-0.09,0.27
2017-08-10,002186,18.69,18.62,18.87,18.51,10807,20706315.0,1.93,-0.43,-0.08,0.35
2017-08-11,002186,18.6,18.28,18.62,18.28,10254,19435028.0,1.83,-1.83,-0.34,0.34
2017-08-14,002186,18.3,18.7,18.78,18.3,16871,32109737.0,2.63,2.3,0.42,0.55
2017-08-15,002186,18.75,18.7,18.8,18.63,15942,30619807.0,0.91,0.0,0.0,0.52
2017-08-16,002186,18.74,18.78,18.86,18.6,11594,22291428.0,1.39,0.43,0.08,0.38
2017-08-17,002186,18.79,18.77,18.8,18.64,13360,25683111.0,0.85,-0.05,-0.01,0.44
2017-08-18,002186,18.68,18.7,18.74,18.66,8671,16641171.0,0.43,-0.37,-0.07,0.28
2017-08-21,002186,18.78,18.84,18.86,18.7,11374,21947437.0,0.86,0.75,0.14,0.37
2017-08-22,002186,18.84,18.88,18.88,18.5,12962,24911163.0,2.02,0.21,0.04,0.42
2017-08-23,002186,19.54,19.06,19.54,18.97,37273,73833977.0,3.02,0.95,0.18,1.22
2017-08-24,002186,18.93,18.66,19.01,18.64,17051,32966387.0,1.94,-2.1,-0.4,0.56
2017-08-25,002186,18.66,18.86,18.87,18.6,13705,26413467.0,1.45,1.07,0.2,0.45
2017-08-28,002186,18.99,18.89,18.99,18.82,14484,28078722.0,0.9,0.16,0.03,0.47
2017-08-29,002186,18.9,18.75,18.97,18.75,11755,22755384.0,1.16,-0.74,-0.14,0.38
2017-08-30,002186,18.74,18.77,18.85,18.73,9642,18589191.0,0.64,0.11,0.02,0.32
2017-08-31,002186,18.8,18.86,18.86,18.66,10369,19968922.0,1.07,0.48,0.09,0.34
2017-09-01,002186,18.84,18.81,18.88,18.72,9054,17460846.0,0.85,-0.27,-0.05,0.3
2017-09-04,002186,18.75,18.86,18.87,18.73,10425,20133063.0,0.74,0.27,0.05,0.34
2017-09-05,002186,18.86,19.05,19.11,18.84,20978,40908097.0,1.43,1.01,0.19,0.69
2017-09-06,002186,19.01,19.09,19.24,18.9,19254,37758147.0,1.78,0.21,0.04,0.63
2017-09-07,002186,19.1,18.96,19.18,18.91,11488,22467410.0,1.41,-0.68,-0.13,0.38
2017-09-08,002186,18.94,19.0,19.09,18.87,9868,19199222.0,1.16,0.21,0.04,0.32
2017-09-11,002186,19.02,19.02,19.04,18.83,8291,16145753.0,1.11,0.11,0.02,0.27
2017-09-12,002186,19.03,18.9,19.09,18.89,12596,24540770.0,1.05,-0.63,-0.12,0.41
2017-09-13,002186,18.88,18.92,18.95,18.84,7247,14068028.0,0.58,0.11,0.02,0.24
2017-09-14,002186,18.98,19.1,19.1,18.88,14825,28893896.0,1.16,0.95,0.18,0.48
2017-09-15,002186,19.06,18.98,19.1,18.94,7397,14427932.0,0.84,-0.63,-0.12,0.24
2017-09-18,002186,18.95,19.14,19.14,18.92,13018,25443580.0,1.16,0.84,0.16,0.43
2017-09-19,002186,19.17,19.08,19.17,18.96,11494,22492517.0,1.1,-0.31,-0.06,0.38
2017-09-20,002186,19.02,19.11,19.12,18.96,10925,21369781.0,0.84,0.16,0.03,0.36
2017-09-21,002186,19.12,18.91,19.14,18.9,13449,26232605.0,1.26,-1.05,-0.2,0.44
2017-09-22,002186,18.88,18.98,19.06,18.86,12240,23823218.0,1.06,0.37,0.07,0.4
2017-09-25,002186,19.05,18.79,19.05,18.76,11287,21915906.0,1.53,-1.0,-0.19,0.37
2017-09-26,002186,18.82,18.58,18.89,18.46,11993,22946687.0,2.29,-1.12,-0.21,0.39
2017-09-27,002186,18.58,18.59,18.67,18.51,7736,14778669.0,0.86,0.05,0.01,0.25
2017-09-28,002186,18.64,18.6,18.71,18.57,10412,19945031.0,0.75,0.05,0.01,0.34
2017-09-29,002186,18.68,18.69,18.69,18.59,7564,14477459.0,0.54,0.48,0.09,0.25
2017-10-09,002186,18.82,18.75,18.9,18.53,12510,24055563.0,1.98,0.32,0.06,0.41
2017-10-10,002186,18.69,18.83,18.84,18.68,11426,21988195.0,0.85,0.43,0.08,0.37
2017-10-11,002186,18.83,19.07,19.08,18.78,18232,35511364.0,1.59,1.27,0.24,0.6
2017-10-12,002186,19.09,19.02,19.1,18.92,13013,25414895.0,0.94,-0.26,-0.05,0.43
2017-10-13,002186,19.06,19.07,19.16,18.98,10424,20402367.0,0.95,0.26,0.05,0.34
2017-10-16,002186,19.1,18.77,19.13,18.69,13626,26429938.0,2.31,-1.57,-0.3,0.45
2017-10-17,002186,18.76,18.72,18.82,18.66,8954,17223694.0,0.85,-0.27,-0.05,0.29
2017-10-18,002186,18.68,18.59,18.75,18.55,9721,18632845.0,1.07,-0.69,-0.13,0.32
2017-10-19,002186,18.63,18.44,18.64,18.4,10512,19949420.0,1.29,-0.81,-0.15,0.34
2017-10-20,002186,18.36,18.59,18.72,18.36,9735,18568729.0,1.95,0.81,0.15,0.32
2017-10-23,002186,18.61,18.63,18.65,18.54,7507,14338823.0,0.59,0.22,0.04,0.25
2017-10-24,002186,18.64,18.59,18.67,18.38,7833,14915718.0,1.56,-0.21,-0.04,0.26
2017-10-25,002186,18.65,18.64,18.69,18.57,7097,13570841.0,0.65,0.27,0.05,0.23
2017-10-26,002186,18.64,19.31,19.58,18.64,58303,115160815.0,5.04,3.59,0.67,1.91
2017-10-27,002186,19.35,19.41,19.53,19.18,43069,85551088.0,1.81,0.52,0.1,1.41
2017-10-30,002186,19.33,19.01,19.38,18.98,28272,55408108.0,2.06,-2.06,-0.4,0.92
2017-10-31,002186,19.04,20.03,20.38,18.98,72060,146516410.0,7.36,5.37,1.02,2.36
2017-11-01,002186,19.9,19.96,20.15,19.7,38691,78960545.0,2.25,-0.35,-0.07,1.26
2017-11-02,002186,19.91,19.8,20.03,19.6,32105,65067846.0,2.15,-0.8,-0.16,1.05
2017-11-03,002186,19.66,19.75,20.0,19.49,32674,66082983.0,2.58,-0.25,-0.05,1.07
2017-11-06,002186,19.72,20.28,20.3,19.53,42118,86179175.0,3.9,2.68,0.53,1.38
2017-11-07,002186,20.33,20.37,20.67,20.1,44322,92657111.0,2.81,0.44,0.09,1.45
2017-11-08,002186,20.28,20.32,20.34,20.06,30073,62239834.0,1.37,-0.25,-0.05,0.98
2017-11-09,002186,20.36,20.56,20.58,20.12,35225,73598965.0,2.26,1.18,0.24,1.15
2017-11-10,002186,20.42,20.11,20.44,19.99,39816,82413734.0,2.19,-2.19,-0.45,1.3
2017-11-13,002186,20.1,19.98,20.14,19.83,28531,58351858.0,1.54,-0.65,-0.13,0.93
2017-11-14,002186,19.98,19.73,20.0,19.59,26517,53628159.0,2.05,-1.25,-0.25,0.87
2017-11-15,002186,19.65,19.58,19.8,19.47,19156,38520153.0,1.67,-0.76,-0.15,0.63
2017-11-16,002186,19.55,19.65,19.72,19.45,20615,41420491.0,1.38,0.36,0.07,0.67
2017-11-17,002186,19.65,18.66,19.65,18.63,37544,73739626.0,5.19,-5.04,-0.99,1.23
2017-11-20,002186,18.66,18.75,18.79,18.31,19505,37121788.0,2.57,0.48,0.09,0.64
2017-11-21,002186,18.61,18.5,18.79,18.46,20057,38263220.0,1.76,-1.33,-0.25,0.66
2017-11-22,002186,18.54,18.56,18.68,18.44,16986,32336498.0,1.3,0.32,0.06,0.56
2017-11-23,002186,18.56,17.87,18.57,17.8,28218,52884347.0,4.15,-3.72,-0.69,0.92
2017-11-24,002186,17.81,17.76,17.96,17.74,17097,31361452.0,1.23,-0.62,-0.11,0.56
2017-11-27,002186,17.83,17.61,17.83,17.53,9805,17825697.0,1.69,-0.84,-0.15,0.32
2017-11-28,002186,17.67,17.84,17.87,17.67,9921,18138092.0,1.14,1.31,0.23,0.32
2017-11-29,002186,17.86,17.75,17.86,17.6,6862,12511202.0,1.46,-0.5,-0.09,0.22
2017-11-30,002186,17.76,17.73,17.94,17.68,9881,18090323.0,1.46,-0.11,-0.02,0.32
2017-12-01,002186,17.78,17.81,17.88,17.7,6759,12379668.0,1.02,0.45,0.08,0.22
2017-12-04,002186,17.8,17.72,17.9,17.66,8900,16246931.0,1.35,-0.51,-0.09,0.29
2017-12-05,002186,17.7,17.17,17.78,17.15,22868,40990226.0,3.56,-3.1,-0.55,0.75
2017-12-06,002186,17.17,17.22,17.28,16.95,14672,25831534.0,1.92,0.29,0.05,0.48
2017-12-07,002186,17.15,17.13,17.25,17.05,11060,19508322.0,1.16,-0.52,-0.09,0.36
2017-12-08,002186,17.16,17.28,17.31,17.1,6693,11867489.0,1.23,0.88,0.15,0.22
2017-12-11,002186,17.35,17.54,17.6,17.2,14396,25831087.0,2.31,1.5,0.26,0.47
2017-12-12,002186,17.42,17.2,17.52,17.2,11235,20052987.0,1.82,-1.94,-0.34,0.37
2017-12-13,002186,17.2,17.45,17.45,17.2,7574,13490357.0,1.45,1.45,0.25,0.25
2017-12-14,002186,17.39,17.49,17.53,17.24,7993,14323395.0,1.66,0.23,0.04,0.26
2017-12-15,002186,17.49,17.49,17.6,17.35,9378,16862043.0,1.43,0.0,0.0,0.31
2017-12-18,002186,17.49,17.32,17.54,17.28,6176,11057531.0,1.49,-0.97,-0.17,0.2
2017-12-19,002186,17.35,17.42,17.45,17.26,5654,10114061.0,1.1,0.58,0.1,0.18
2017-12-20,002186,17.43,17.26,17.45,17.21,6123,10914746.0,1.38,-0.92,-0.16,0.2
2017-12-21,002186,17.25,17.26,17.35,17.15,6237,11085440.0,1.16,0.0,0.0,0.2
2017-12-22,002186,17.28,17.26,17.38,17.23,5923,10545478.0,0.87,0.0,0.0,0.19
2017-12-25,002186,17.3,16.92,17.33,16.85,9790,17156129.0,2.78,-1.97,-0.34,0.32
2017-12-26,002186,16.95,17.08,17.11,16.9,5172,9077489.0,1.24,0.95,0.16,0.17
2017-12-27,002186,17.08,17.01,17.11,16.99,4844,8493704.0,0.7,-0.41,-0.07,0.16
2017-12-28,002186,17.01,16.97,17.12,16.95,6863,12026377.0,1.0,-0.24,-0.04,0.22
2017-12-29,002186,16.94,17.1,17.12,16.94,5100,8952171.0,1.06,0.77,0.13,0.17
2018-01-02,002186,17.3,17.19,17.3,17.0,6681,11793132.0,1.75,0.53,0.09,0.22
2018-01-03,002186,17.19,17.55,17.63,17.13,16295,29253192.0,2.91,2.09,0.36,0.53
2018-01-04,002186,17.56,17.43,17.58,17.4,8005,14381486.0,1.03,-0.68,-0.12,0.26
2018-01-05,002186,17.47,17.51,17.55,17.4,7315,13159235.0,0.86,0.46,0.08,0.24
2018-01-08,002186,17.5,17.6,17.6,17.36,11750,21140287.0,1.37,0.51,0.09,0.38
2018-01-09,002186,17.69,17.59,17.87,17.57,12639,23035145.0,1.7,-0.06,-0.01,0.41
2018-01-10,002186,17.63,17.4,17.7,17.32,12278,22053322.0,2.16,-1.08,-0.19,0.4
2018-01-11,002186,17.35,17.4,17.53,17.31,7374,13214920.0,1.26,0.0,0.0,0.24
2018-01-12,002186,17.38,17.41,17.55,17.3,7391,13238982.0,1.44,0.06,0.01,0.24
2018-01-15,002186,17.43,17.49,17.71,17.41,16756,30310949.0,1.72,0.46,0.08,0.55
2018-01-16,002186,17.48,17.94,18.03,17.44,19920,36389886.0,3.37,2.57,0.45,0.65
2018-01-17,002186,17.93,17.81,17.93,17.75,13266,24320025.0,1.0,-0.72,-0.13,0.43
2018-01-18,002186,17.81,17.87,17.91,17.74,9231,16929658.0,0.95,0.34,0.06,0.3
2018-01-19,002186,17.86,17.75,18.02,17.74,9999,18362852.0,1.57,-0.67,-0.12,0.33
2018-01-22,002186,17.73,17.79,17.85,17.56,8544,15586373.0,1.63,0.23,0.04,0.28
2018-01-23,002186,17.79,17.72,17.93,17.7,11144,20401765.0,1.29,-0.39,-0.07,0.36
2018-01-24,002186,17.75,17.86,17.92,17.7,10558,19315717.0,1.24,0.79,0.14,0.35
2018-01-25,002186,17.82,17.86,17.89,17.75,10585,19402600.0,0.78,0.0,0.0,0.35
2018-01-26,002186,17.88,18.0,18.07,17.8,13892,25617402.0,1.51,0.78,0.14,0.45
2018-01-29,002186,18.25,17.63,18.25,17.5,14067,25842046.0,4.17,-2.06,-0.37,0.46
2018-01-30,002186,17.5,17.49,17.62,17.38,11270,20296018.0,1.36,-0.79,-0.14,0.37
2018-01-31,002186,17.41,17.13,17.48,17.06,13852,24563968.0,2.4,-2.06,-0.36,0.45
2018-02-01,002186,16.25,15.58,16.5,15.54,40877,67218181.0,5.6,-9.05,-1.55,1.34
2018-02-02,002186,15.58,15.52,15.69,15.4,15930,25540226.0,1.86,-0.39,-0.06,0.52
2018-02-05,002186,15.49,15.42,15.49,15.3,11754,18655650.0,1.22,-0.64,-0.1,0.38
2018-02-06,002186,15.29,14.81,15.29,14.8,16464,25622037.0,3.18,-3.96,-0.61,0.54
2018-02-07,002186,15.0,14.92,15.19,14.55,15876,24422609.0,4.32,0.74,0.11,0.52
2018-02-08,002186,14.9,15.06,15.14,14.84,7629,11858815.0,2.01,0.94,0.14,0.25
2018-02-09,002186,14.83,14.62,14.83,14.5,11915,18053859.0,2.19,-2.92,-0.44,0.39
2018-02-12,002186,14.73,14.9,15.04,14.6,8548,13110340.0,3.01,1.92,0.28,0.28
2018-02-13,002186,14.9,14.99,15.15,14.9,7087,10997382.0,1.68,0.6,0.09,0.23
2018-02-14,002186,15.04,15.11,15.16,14.94,6611,10247003.0,1.47,0.8,0.12,0.22
2018-02-22,002186,15.16,15.18,15.3,15.05,9440,14796819.0,1.65,0.46,0.07,0.31
2018-02-23,002186,15.12,15.19,15.22,15.06,6191,9677506.0,1.05,0.07,0.01,0.2
2018-02-26,002186,15.2,15.32,15.32,15.13,11602,18278056.0,1.25,0.86,0.13,0.38
2018-02-27,002186,15.31,15.27,15.45,15.2,7154,11298101.0,1.63,-0.33,-0.05,0.23
2018-02-28,002186,15.27,15.58,15.74,15.14,17341,27896009.0,3.93,2.03,0.31,0.57
2018-03-01,002186,15.54,15.57,15.59,15.43,8188,13122519.0,1.03,-0.06,-0.01,0.27
2018-03-02,002186,15.51,15.57,15.65,15.46,5710,9159918.0,1.22,0.0,0.0,0.19
2018-03-05,002186,15.58,15.41,15.58,15.3,7366,11724588.0,1.8,-1.03,-0.16,0.24
2018-03-06,002186,15.45,15.54,15.55,15.34,8029,12805064.0,1.36,0.84,0.13,0.26
2018-03-07,002186,15.51,15.38,15.59,15.33,7758,12383112.0,1.67,-1.03,-0.16,0.25
2018-03-08,002186,15.39,15.26,15.44,15.23,11326,17917164.0,1.37,-0.78,-0.12,0.37
2018-03-09,002186,15.26,15.86,15.9,15.26,22891,36806645.0,4.19,3.93,0.6,0.75
2018-03-12,002186,15.8,15.83,15.88,15.72,12103,19730313.0,1.01,-0.19,-0.03,0.4
2018-03-13,002186,15.89,15.65,15.9,15.62,8345,13542552.0,1.77,-1.14,-0.18,0.27
2018-03-14,002186,15.63,15.55,15.66,15.53,6106,9827171.0,0.83,-0.64,-0.1,0.2
2018-03-15,002186,15.56,15.47,15.57,15.35,8518,13605253.0,1.41,-0.51,-0.08,0.28
2018-03-16,002186,15.5,15.62,15.66,15.39,8350,13393029.0,1.75,0.97,0.15,0.27
2018-03-19,002186,15.68,15.68,15.85,15.5,11111,18024183.0,2.24,0.38,0.06,0.36
2018-03-20,002186,15.58,15.54,15.61,15.37,7549,12076343.0,1.53,-0.89,-0.14,0.25
2018-03-21,002186,15.46,15.48,15.67,15.46,8329,13398146.0,1.35,-0.39,-0.06,0.27
2018-03-22,002186,15.48,15.41,15.6,15.4,10045,16047798.0,1.29,-0.45,-0.07,0.33
2018-03-23,002186,15.2,14.66,15.2,14.43,20279,31124095.0,5.0,-4.87,-0.75,0.66
2018-03-26,002186,14.38,14.65,14.65,14.38,9256,13924429.0,1.84,-0.07,-0.01,0.3
2018-03-27,002186,14.76,14.91,14.95,14.7,10138,15578479.0,1.71,1.77,0.26,0.33
2018-03-28,002186,14.81,14.72,14.86,14.67,7189,10967991.0,1.27,-1.27,-0.19,0.23
2018-03-29,002186,14.6,14.89,14.92,14.6,6556,10035669.0,2.17,1.15,0.17,0.21
2018-03-30,002186,14.94,14.96,15.0,14.85,6275,9673297.0,1.01,0.47,0.07,0.21
2018-04-02,002186,14.92,15.03,15.16,14.86,8079,12535023.0,2.01,0.47,0.07,0.26
2018-04-03,002186,14.88,14.86,14.94,14.7,8406,12848875.0,1.6,-1.13,-0.17,0.27
2018-04-04,002186,14.88,15.18,15.33,14.85,14597,22801773.0,3.23,2.15,0.32,0.48
2018-04-09,002186,15.03,15.03,15.16,14.96,7516,11689840.0,1.32,-0.99,-0.15,0.25
2018-04-10,002186,15.08,15.09,15.17,14.99,8275,12875432.0,1.2,0.4,0.06,0.27
2018-04-11,002186,15.08,15.11,15.17,15.05,6002,9364169.0,0.8,0.13,0.02,0.2
2018-04-12,002186,15.02,15.07,15.13,14.99,6578,10230712.0,0.93,-0.26,-0.04,0.21
2018-04-13,002186,15.15,14.8,15.15,14.77,15650,24107637.0,2.52,-1.79,-0.27,0.51
2018-04-16,002186,14.8,14.56,14.85,14.5,9805,14866726.0,2.36,-1.62,-0.24,0.32
2018-04-17,002186,14.64,14.41,14.72,14.4,12423,18735039.0,2.2,-1.03,-0.15,0.41
2018-04-18,002186,14.5,14.56,14.59,14.31,10686,15973128.0,1.94,1.04,0.15,0.35
2018-04-19,002186,14.57,14.58,14.76,14.47,7347,11104983.0,1.99,0.14,0.02,0.24
2018-04-20,002186,14.62,14.2,14.68,14.18,14048,20924513.0,3.43,-2.61,-0.38,0.46
2018-04-23,002186,14.15,14.18,14.32,14.1,6182,9074098.0,1.55,-0.14,-0.02,0.2
2018-04-24,002186,14.28,14.41,14.43,14.11,6547,9723759.0,2.26,1.62,0.23,0.21
2018-04-25,002186,14.36,14.35,14.4,14.24,7158,10606946.0,1.11,-0.42,-0.06,0.23
2018-04-26,002186,14.34,13.97,14.34,13.95,10824,15818528.0,2.72,-2.65,-0.38,0.35
2018-04-27,002186,14.09,13.97,14.1,13.88,7727,11198611.0,1.57,0.0,0.0,0.25
2018-05-02,002186,14.0,13.93,14.11,13.87,6544,9461365.0,1.72,-0.29,-0.04,0.21
2018-05-03,002186,13.97,14.23,14.26,13.64,16832,24268143.0,4.45,2.15,0.3,0.55
2018-05-04,002186,14.1,14.12,14.18,14.03,7333,10718357.0,1.05,-0.77,-0.11,0.24
2018-05-07,002186,14.25,14.42,14.44,14.12,9747,14421505.0,2.27,2.12,0.3,0.32
2018-05-08,002186,14.4,14.47,14.53,14.4,9912,14838826.0,0.9,0.35,0.05,0.32
2018-05-09,002186,14.38,14.93,15.43,14.33,26880,41582871.0,7.6,3.18,0.46,0.88
2018-05-10,002186,14.89,14.86,14.92,14.7,11525,17663336.0,1.47,-0.47,-0.07,0.38
2018-05-11,002186,14.86,14.71,14.91,14.68,6504,9944197.0,1.55,-1.01,-0.15,0.21
2018-05-14,002186,14.82,14.74,14.82,14.6,6024,9168376.0,1.5,0.2,0.03,0.2
2018-05-15,002186,14.69,15.01,15.15,14.68,12129,18732179.0,3.19,1.83,0.27,0.4
2018-05-16,002186,14.95,15.41,15.8,14.84,34204,54469978.0,6.4,2.66,0.4,1.12
2018-05-17,002186,15.33,15.32,15.64,15.2,16471,26159275.0,2.86,-0.58,-0.09,0.54
2018-05-18,002186,15.25,15.56,15.7,15.19,18086,28842286.0,3.33,1.57,0.24,0.59
2018-05-21,002186,15.53,15.44,15.63,15.4,16670,26664902.0,1.48,-0.77,-0.12,0.54
2018-05-22,002186,15.42,15.29,15.42,15.09,16628,26149035.0,2.14,-0.97,-0.15,0.54
2018-05-23,002186,15.2,15.05,15.33,15.05,11371,17830557.0,1.83,-1.57,-0.24,0.37
2018-05-24,002186,15.06,15.09,15.18,14.96,9427,14670662.0,1.46,0.27,0.04,0.31
2018-05-25,002186,15.06,14.88,15.16,14.85,7055,10934488.0,2.05,-1.39,-0.21,0.23
2018-05-28,002186,14.89,15.25,15.29,14.76,15372,23967025.0,3.56,2.49,0.37,0.5
2018-05-29,002186,15.2,15.0,15.34,15.0,13848,21728423.0,2.23,-1.64,-0.25,0.45
2018-05-30,002186,14.83,14.3,14.83,14.3,18007,27184893.0,3.53,-4.67,-0.7,0.59
2018-05-31,002186,14.39,15.78,15.78,14.38,49488,78912699.0,9.79,10.35,1.48,1.62
2018-06-01,002186,15.87,15.98,16.44,15.75,74947,124181480.0,4.37,1.27,0.2,2.45
2018-06-04,002186,15.76,15.7,15.98,15.61,33896,55060107.0,2.32,-1.75,-0.28,1.11
2018-06-05,002186,15.69,16.16,16.19,15.56,37443,61587814.0,4.01,2.93,0.46,1.22
2018-06-06,002186,16.06,15.89,16.1,15.79,24061,39525536.0,1.92,-1.67,-0.27,0.79
2018-06-07,002186,15.99,15.84,15.99,15.7,16219,26460575.0,1.83,-0.31,-0.05,0.53
2018-06-08,002186,15.93,15.95,16.31,15.78,25737,41821346.0,3.35,0.69,0.11,0.84
2018-06-11,002186,15.93,15.4,15.93,15.37,19353,30599611.0,3.51,-3.45,-0.55,0.63
2018-06-12,002186,15.51,16.05,16.12,15.27,25041,39997043.0,5.52,4.22,0.65,0.82
2018-06-13,002186,15.92,15.84,16.24,15.75,22561,36613062.0,3.05,-1.31,-0.21,0.74
2018-06-14,002186,15.79,15.55,15.99,15.47,17591,28009259.0,3.28,-1.83,-0.29,0.57
2018-06-15,002186,15.71,15.04,15.71,14.97,18803,29071328.0,4.76,-3.28,-0.51,0.61
2018-06-19,002186,14.8,14.06,15.04,13.51,30929,44920325.0,10.17,-6.52,-0.98,1.01
2018-06-20,002186,14.06,14.22,14.42,13.82,15057,21734997.0,4.27,1.14,0.16,0.49
2018-06-21,002186,14.25,13.88,14.34,13.83,11944,17050674.0,3.59,-2.39,-0.34,0.39
2018-06-22,002186,13.76,14.11,14.12,13.66,8234,11695328.0,3.31,1.66,0.23,0.27
2018-06-25,002186,14.16,14.24,14.41,14.07,9897,14364338.0,2.41,0.92,0.13,0.32
2018-06-26,002186,14.01,14.14,14.26,13.94,7903,11337938.0,2.25,-0.7,-0.1,0.26
2018-06-27,002186,14.18,14.03,14.3,14.02,6545,9423608.0,1.98,-0.78,-0.11,0.21
2018-06-28,002186,13.99,13.79,14.12,13.76,9300,13207782.0,2.57,-1.71,-0.24,0.3
2018-06-29,002186,13.84,14.13,14.14,13.84,11015,15702525.0,2.18,2.47,0.34,0.36
2018-07-02,002186,14.04,13.84,14.16,13.74,12790,18133337.0,2.97,-2.05,-0.29,0.42
2018-07-03,002186,13.86,13.94,13.95,13.58,13998,19605489.0,2.67,0.72,0.1,0.46
2018-07-04,002186,13.88,13.66,13.93,13.54,10722,14942406.0,2.8,-2.01,-0.28,0.35
2018-07-05,002186,13.64,13.46,13.76,13.46,9283,12830087.0,2.2,-1.46,-0.2,0.3
2018-07-06,002186,13.55,13.41,13.56,13.2,11552,15757348.0,2.67,-0.37,-0.05,0.38
2018-07-09,002186,13.41,13.61,13.64,13.41,6803,9376433.0,1.72,1.49,0.2,0.22
2018-07-10,002186,13.58,13.63,13.7,13.51,5874,8135729.0,1.4,0.15,0.02,0.19
2018-07-11,002186,13.52,13.28,13.52,13.21,8555,11612333.0,2.27,-2.57,-0.35,0.28
2018-07-12,002186,13.38,13.68,13.73,13.36,9673,13376908.0,2.79,3.01,0.4,0.32
2018-07-13,002186,13.6,13.81,13.87,13.6,8768,12302538.0,1.97,0.95,0.13,0.29
2018-07-16,002186,13.7,13.75,13.82,13.56,7310,10182163.0,1.88,-0.43,-0.06,0.24
2018-07-17,002186,13.73,13.93,14.04,13.65,8667,12186964.0,2.84,1.31,0.18,0.28
2018-07-18,002186,13.93,13.96,14.08,13.83,8341,11842362.0,1.79,0.22,0.03,0.27
2018-07-19,002186,13.84,13.64,14.01,13.61,7924,11084844.0,2.87,-2.29,-0.32,0.26
2018-07-20,002186,13.68,13.97,14.01,13.62,8102,11408764.0,2.86,2.42,0.33,0.26
2018-07-23,002186,13.93,13.98,14.02,13.84,7190,10200981.0,1.29,0.07,0.01,0.23
2018-07-24,002186,13.97,14.09,14.26,13.93,13750,19720731.0,2.36,0.79,0.11,0.45
2018-07-25,002186,14.03,14.15,14.3,14.03,12457,17954064.0,1.92,0.43,0.06,0.41
2018-07-26,002186,14.14,14.11,14.16,13.89,7131,10189080.0,1.91,-0.28,-0.04,0.23
2018-07-27,002186,14.07,14.06,14.2,13.89,6985,9982845.0,2.2,-0.35,-0.05,0.23
2018-07-30,002186,14.06,13.94,14.11,13.91,6595,9378677.0,1.42,-0.85,-0.12,0.22
2018-07-31,002186,13.92,14.1,14.18,13.92,6628,9488533.0,1.87,1.15,0.16,0.22
2018-08-01,002186,14.09,13.81,14.15,13.76,7275,10356182.0,2.77,-2.06,-0.29,0.24
2018-08-02,002186,13.85,13.34,13.85,13.06,11419,15565730.0,5.72,-3.4,-0.47,0.37
2018-08-03,002186,13.35,13.13,13.35,13.11,6789,9140287.0,1.8,-1.57,-0.21,0.22
2018-08-06,002186,13.16,13.07,13.21,13.0,5852,7801048.0,1.6,-0.46,-0.06,0.19
2018-08-07,002186,13.08,13.35,13.38,12.97,7613,10230144.0,3.14,2.14,0.28,0.25
2018-08-08,002186,13.28,12.96,13.38,12.96,6250,8390207.0,3.15,-2.92,-0.39,0.2
2018-08-09,002186,12.97,13.19,13.32,12.96,6724,9009428.0,2.78,1.77,0.23,0.22
2018-08-10,002186,13.21,13.16,13.26,13.11,5669,7611708.0,1.14,-0.23,-0.03,0.19
2018-08-13,002186,13.11,13.17,13.17,12.96,6319,8408768.0,1.6,0.08,0.01,0.21
2018-08-14,002186,13.17,13.17,13.19,13.09,4024,5387055.0,0.76,0.0,0.0,0.13
2018-08-15,002186,13.18,13.0,13.19,12.99,4397,5852896.0,1.52,-1.29,-0.17,0.14
2018-08-16,002186,12.97,12.98,13.02,12.56,5401,7109813.0,3.54,-0.15,-0.02,0.18
2018-08-17,002186,12.98,12.76,13.09,12.75,4652,6103641.0,2.62,-1.69,-0.22,0.15
2018-08-20,002186,12.79,12.78,12.87,12.64,4624,6005812.0,1.8,0.16,0.02,0.15
2018-08-21,002186,12.79,12.88,12.92,12.78,5276,6915057.0,1.1,0.78,0.1,0.17
2018-08-22,002186,12.89,12.8,12.9,12.78,2158,2822796.0,0.93,-0.62,-0.08,0.07
2018-08-23,002186,12.8,12.83,12.89,12.77,3104,4060551.0,0.94,0.23,0.03,0.1
2018-08-24,002186,12.83,12.99,13.01,12.81,4275,5624384.0,1.56,1.25,0.16,0.14
2018-08-27,002186,12.99,13.16,13.2,12.93,5123,6832435.0,2.08,1.31,0.17,0.17
2018-08-28,002186,13.16,13.08,13.18,13.04,3735,4979144.0,1.06,-0.61,-0.08,0.12
2018-08-29,002186,13.11,13.04,13.16,12.96,2385,3165486.0,1.53,-0.31,-0.04,0.08
2018-08-30,002186,13.04,12.87,13.06,12.85,4499,5931041.0,1.61,-1.3,-0.17,0.15
2018-08-31,002186,12.96,12.76,12.96,12.67,5552,7231913.0,2.25,-0.85,-0.11,0.18
2018-09-03,002186,12.76,12.72,12.85,12.68,3481,4515922.0,1.33,-0.31,-0.04,0.11
2018-09-04,002186,12.76,12.89,12.91,12.73,4747,6200683.0,1.42,1.34,0.17,0.15
2018-09-05,002186,12.89,12.98,13.58,12.79,12330,16544577.0,6.13,0.7,0.09,0.4
2018-09-06,002186,13.75,13.2,13.75,13.15,12575,17153686.0,4.62,1.69,0.22,0.41
2018-09-07,002186,13.1,13.16,13.23,12.98,6706,8965707.0,1.89,-0.3,-0.04,0.22
2018-09-10,002186,13.1,12.85,13.15,12.82,4929,6490812.0,2.51,-2.36,-0.31,0.16
2018-09-11,002186,12.86,12.74,12.94,12.72,5443,7110504.0,1.71,-0.86,-0.11,0.18
2018-09-12,002186,12.66,12.69,12.81,12.62,5311,6881432.0,1.49,-0.39,-0.05,0.17
2018-09-13,002186,12.74,12.83,12.84,12.66,5091,6614429.0,1.42,1.1,0.14,0.17
2018-09-14,002186,12.85,12.82,12.87,12.77,4195,5482741.0,0.78,-0.08,-0.01,0.14
2018-09-17,002186,12.76,12.79,12.84,12.7,3458,4501035.0,1.09,-0.23,-0.03,0.11
2018-09-18,002186,12.76,12.91,12.92,12.72,5185,6777453.0,1.56,0.94,0.12,0.17
2018-09-19,002186,12.86,12.98,13.04,12.84,5350,7060335.0,1.55,0.54,0.07,0.17
2018-09-20,002186,12.91,13.13,13.23,12.88,8637,11516333.0,2.7,1.16,0.15,0.28
2018-09-21,002186,13.18,13.31,13.41,13.16,12539,16958634.0,1.9,1.37,0.18,0.41
2018-09-25,002186,13.31,13.08,13.31,12.94,9260,12331075.0,2.78,-1.73,-0.23,0.3
2018-09-26,002186,13.09,13.12,13.19,12.99,8332,11120483.0,1.53,0.31,0.04,0.27
2018-09-27,002186,13.12,12.89,13.15,12.88,5866,7759010.0,2.06,-1.75,-0.23,0.19
2018-09-28,002186,12.91,13.11,13.13,12.91,6517,8657525.0,1.71,1.71,0.22,0.21
2018-10-08,002186,12.96,12.71,13.01,12.69,8072,10532388.0,2.44,-3.05,-0.4,0.26
2018-10-09,002186,12.78,12.8,12.87,12.7,3146,4091254.0,1.34,0.71,0.09,0.1
2018-10-10,002186,12.8,12.8,12.82,12.69,3299,4292206.0,1.02,0.0,0.0,0.11
2018-10-11,002186,12.57,11.79,12.57,11.73,13371,16535659.0,6.56,-7.89,-1.01,0.44
2018-10-12,002186,11.72,11.84,11.96,11.55,6091,7306893.0,3.48,0.42,0.05,0.2
2018-10-15,002186,11.85,11.73,11.99,11.72,4456,5372015.0,2.28,-0.93,-0.11,0.15
2018-10-16,002186,11.68,11.44,11.84,11.39,6492,7692587.0,3.84,-2.47,-0.29,0.21
2018-10-17,002186,11.61,11.49,11.61,11.24,7073,8255230.0,3.23,0.44,0.05,0.23
2018-10-18,002186,11.47,11.17,11.47,11.17,5102,5906014.0,2.61,-2.79,-0.32,0.17
2018-10-19,002186,11.16,11.34,11.42,11.06,6251,7195102.0,3.22,1.52,0.17,0.2
2018-10-22,002186,11.56,11.84,11.96,11.41,11420,13706828.0,4.85,4.41,0.5,0.37
2018-10-23,002186,11.84,11.6,11.84,11.54,9080,10801603.0,2.53,-2.03,-0.24,0.3
2018-10-24,002186,11.56,11.58,11.73,11.56,4398,5221553.0,1.47,-0.17,-0.02,0.14
2018-10-25,002186,11.4,11.59,11.63,11.32,6219,7262775.0,2.68,0.09,0.01,0.2
2018-10-26,002186,11.59,11.6,11.74,11.53,4325,5132216.0,1.81,0.09,0.01,0.14
2018-10-29,002186,11.51,11.41,11.61,11.38,4129,4840937.0,1.98,-1.64,-0.19,0.13
2018-10-30,002186,11.4,11.56,11.64,11.4,6097,7185191.0,2.1,1.31,0.15,0.2
2018-10-31,002186,11.55,11.64,11.75,11.54,6874,8173966.0,1.82,0.69,0.08,0.22
2018-11-01,002186,11.72,11.64,11.8,11.56,6522,7782237.0,2.06,0.0,0.0,0.21
2018-11-02,002186,11.73,11.95,11.95,11.7,11321,13661401.0,2.15,2.66,0.31,0.37
2018-11-05,002186,11.94,11.99,11.99,11.81,8593,10439945.0,1.51,0.33,0.04,0.28
2018-11-06,002186,11.91,11.94,12.0,11.83,4993,6074912.0,1.42,-0.42,-0.05,0.16
2018-11-07,002186,11.86,11.81,11.96,11.79,4237,5138956.0,1.42,-1.09,-0.13,0.14
2018-11-08,002186,11.86,11.77,11.9,11.77,5704,6882118.0,1.1,-0.34,-0.04,0.19
2018-11-09,002186,11.81,11.73,11.84,11.71,3858,4629772.0,1.1,-0.34,-0.04,0.13
2018-11-12,002186,11.72,12.0,12.05,11.72,10183,12392679.0,2.81,2.3,0.27,0.33
2018-11-13,002186,11.91,12.12,12.14,11.87,9876,12123458.0,2.25,1.0,0.12,0.32
2018-11-14,002186,12.11,12.07,12.21,11.99,8033,9897099.0,1.82,-0.41,-0.05,0.26
2018-11-15,002186,12.01,12.18,12.2,11.99,8527,10548896.0,1.74,0.91,0.11,0.28
2018-11-16,002186,12.18,12.33,12.5,12.13,17165,21595772.0,3.04,1.23,0.15,0.56
2018-11-19,002186,12.33,12.39,12.43,12.26,7857,9877939.0,1.38,0.49,0.06,0.26
2018-11-20,002186,12.41,12.17,12.56,12.17,11088,13953642.0,3.15,-1.78,-0.22,0.36
2018-11-21,002186,12.01,12.16,12.24,11.99,6819,8435907.0,2.05,-0.08,-0.01,0.22
2018-11-22,002186,12.18,12.22,12.52,12.16,7196,9008098.0,2.96,0.49,0.06,0.23
2018-11-23,002186,12.06,11.66,12.12,11.57,16280,19544189.0,4.5,-4.58,-0.56,0.53
2018-11-26,002186,11.45,11.55,11.84,11.45,6268,7416253.0,3.34,-0.94,-0.11,0.2
2018-11-27,002186,11.62,11.65,11.69,11.55,4239,5032023.0,1.21,0.87,0.1,0.14
2018-11-28,002186,11.66,11.76,11.76,11.58,6057,7220433.0,1.55,0.94,0.11,0.2
2018-11-29,002186,11.76,11.53,11.8,11.51,5963,7106016.0,2.47,-1.96,-0.23,0.19
2018-11-30,002186,11.56,11.64,11.7,11.48,6563,7753073.0,1.91,0.95,0.11,0.21
2018-12-03,002186,11.79,11.91,11.93,11.74,10930,13218474.0,1.63,2.32,0.27,0.36
2018-12-04,002186,11.89,11.91,11.98,11.82,6157,7474230.0,1.34,0.0,0.0,0.2
2018-12-05,002186,11.77,11.9,12.0,11.76,6001,7278646.0,2.02,-0.08,-0.01,0.2
2018-12-06,002186,11.9,11.84,11.98,11.76,6219,7529694.0,1.85,-0.5,-0.06,0.2
2018-12-07,002186,11.79,12.03,12.36,11.72,13694,16846153.0,5.41,1.6,0.19,0.45
2018-12-10,002186,11.92,11.7,11.92,11.67,9465,11363320.0,2.08,-2.74,-0.33,0.31
2018-12-11,002186,11.71,11.76,11.79,11.7,4330,5185472.0,0.77,0.51,0.06,0.14
2018-12-12,002186,11.79,11.74,11.79,11.69,3072,3679457.0,0.85,-0.17,-0.02,0.1
2018-12-13,002186,11.76,11.81,11.85,11.71,5790,6969441.0,1.19,0.6,0.07,0.19
2018-12-14,002186,11.79,11.58,11.79,11.54,6075,7221179.0,2.12,-1.95,-0.23,0.2
2018-12-17,002186,11.56,11.5,11.6,11.38,5131,6027842.0,1.9,-0.69,-0.08,0.17
2018-12-18,002186,11.5,11.47,11.54,11.39,4289,5020722.0,1.3,-0.26,-0.03,0.14
2018-12-19,002186,11.51,11.46,11.52,11.43,2695,3155510.0,0.78,-0.09,-0.01,0.09
2018-12-20,002186,11.46,11.42,11.48,11.34,4530,5275607.0,1.22,-0.35,-0.04,0.15
2018-12-21,002186,11.41,11.39,11.54,11.33,3359,3913087.0,1.84,-0.26,-0.03,0.11
2018-12-24,002186,11.33,11.43,11.44,11.33,3866,4503004.0,0.97,0.35,0.04,0.13
2018-12-25,002186,11.35,11.27,11.35,11.1,6627,7588312.0,2.19,-1.4,-0.16,0.22
2018-12-26,002186,11.23,11.26,11.34,11.18,2145,2465125.0,1.42,-0.09,-0.01,0.07
2018-12-27,002186,11.4,11.06,11.4,11.06,5358,6150932.0,3.02,-1.78,-0.2,0.17
2018-12-28,002186,11.17,11.14,11.21,11.08,4889,5561430.0,1.18,0.72,0.08,0.16
2019-01-02,002186,11.22,11.08,11.22,11.06,3881,4405991.0,1.44,-0.54,-0.06,0.13
2019-01-03,002186,11.06,11.14,11.21,11.06,4343,4945931.0,1.35,0.54,0.06,0.14
2019-01-04,002186,11.08,11.35,11.35,10.98,6995,7990953.0,3.32,1.89,0.21,0.23
2019-01-07,002186,11.34,11.41,11.44,11.27,7933,9202212.0,1.5,0.53,0.06,0.26
2019-01-08,002186,11.38,11.32,11.38,11.29,4953,5728311.0,0.79,-0.79,-0.09,0.16
2019-01-09,002186,11.34,11.44,11.48,11.32,8629,10068099.0,1.41,1.06,0.12,0.28
2019-01-10,002186,11.39,11.32,11.47,11.32,6936,8064412.0,1.31,-1.05,-0.12,0.23
2019-01-11,002186,11.3,11.47,11.47,11.3,6041,7036322.0,1.5,1.33,0.15,0.2
2019-01-14,002186,11.49,11.39,11.51,11.33,3646,4250983.0,1.57,-0.7,-0.08,0.12
2019-01-15,002186,11.42,11.48,11.49,11.36,5474,6394054.0,1.14,0.79,0.09,0.18
2019-01-16,002186,11.47,11.55,11.74,11.45,9279,10928233.0,2.53,0.61,0.07,0.3
2019-01-17,002186,11.56,11.43,11.58,11.41,5909,6947147.0,1.47,-1.04,-0.12,0.19
2019-01-18,002186,11.45,11.51,11.56,11.41,5537,6484038.0,1.31,0.7,0.08,0.18
2019-01-21,002186,11.56,11.65,11.74,11.53,9548,11351385.0,1.82,1.22,0.14,0.31
2019-01-22,002186,11.65,11.54,11.71,11.51,5441,6433676.0,1.72,-0.94,-0.11,0.18
2019-01-23,002186,11.54,11.49,11.56,11.44,3029,3553998.0,1.04,-0.43,-0.05,0.1
2019-01-24,002186,11.57,11.49,11.59,11.42,4589,5388874.0,1.48,0.0,0.0,0.15
2019-01-25,002186,11.56,11.56,11.59,11.47,4567,5374826.0,1.04,0.61,0.07,0.15
2019-01-28,002186,11.63,11.39,11.65,11.36,8429,9937196.0,2.51,-1.47,-0.17,0.28
2019-01-29,002186,11.39,11.41,11.44,11.12,8870,10256014.0,2.81,0.18,0.02,0.29
2019-01-30,002186,11.36,11.28,11.46,11.24,5062,5886721.0,1.93,-1.14,-0.13,0.17
2019-01-31,002186,11.09,11.06,11.25,11.04,10191,11580007.0,1.86,-1.95,-0.22,0.33
2019-02-01,002186,11.12,11.32,11.55,11.09,8843,10181566.0,4.16,2.35,0.26,0.29
2019-02-11,002186,11.36,11.47,11.51,11.28,8547,9979698.0,2.03,1.33,0.15,0.28
2019-02-12,002186,11.44,11.6,11.63,11.42,9747,11501061.0,1.83,1.13,0.13,0.32
2019-02-13,002186,11.62,11.7,11.72,11.53,15590,18529372.0,1.64,0.86,0.1,0.51
2019-02-14,002186,11.68,11.65,11.77,11.63,9590,11437629.0,1.2,-0.43,-0.05,0.31
2019-02-15,002186,11.64,11.66,11.69,11.59,7624,9065281.0,0.86,0.09,0.01,0.25
2019-02-18,002186,11.73,11.91,11.94,11.66,16823,20247663.0,2.4,2.14,0.25,0.55
2019-02-19,002186,11.91,11.86,12.09,11.76,18657,22697097.0,2.77,-0.42,-0.05,0.61
2019-02-20,002186,11.81,11.83,11.89,11.76,10014,12063853.0,1.1,-0.25,-0.03,0.33
2019-02-21,002186,11.83,11.77,11.89,11.68,11215,13488839.0,1.78,-0.51,-0.06,0.37
2019-02-22,002186,11.76,11.88,11.9,11.67,11682,14055809.0,1.95,0.93,0.11,0.38
2019-02-25,002186,11.89,12.31,12.34,11.82,32015,39598861.0,4.38,3.62,0.43,1.05
2019-02-26,002186,12.34,12.36,12.5,12.19,29445,37104890.0,2.52,0.41,0.05,0.96
2019-02-27,002186,12.36,12.26,12.48,12.17,17898,22562918.0,2.51,-0.81,-0.1,0.58
2019-02-28,002186,12.25,12.51,12.51,12.19,20907,26393462.0,2.61,2.04,0.25,0.68
2019-03-01,002186,12.49,12.44,12.52,12.31,13972,17661008.0,1.68,-0.56,-0.07,0.46
2019-03-04,002186,12.43,12.76,12.77,12.41,33731,43408854.0,2.89,2.57,0.32,1.1
2019-03-05,002186,12.64,12.74,12.75,12.59,16667,21510663.0,1.25,-0.16,-0.02,0.54
2019-03-06,002186,12.76,12.86,12.9,12.69,22509,29357013.0,1.65,0.94,0.12,0.73
2019-03-07,002186,12.86,12.96,13.1,12.74,37654,49412110.0,2.8,0.78,0.1,1.23
2019-03-08,002186,12.77,12.2,12.78,12.18,26500,33836380.0,4.63,-5.86,-0.76,0.87
2019-03-11,002186,12.26,12.57,12.57,12.25,18084,22891837.0,2.62,3.03,0.37,0.59
2019-03-12,002186,12.64,12.73,12.82,12.51,26166,33880607.0,2.47,1.27,0.16,0.85
2019-03-13,002186,12.76,12.74,12.91,12.64,22067,28687061.0,2.12,0.08,0.01,0.72
2019-03-14,002186,12.73,12.53,12.83,12.34,24718,31623882.0,3.85,-1.65,-0.21,0.81
2019-03-15,002186,12.62,12.74,12.94,12.57,31206,40634502.0,2.95,1.68,0.21,1.02
2019-03-18,002186,12.76,13.03,13.32,12.69,51254,67522574.0,4.95,2.28,0.29,1.67
2019-03-19,002186,13.03,12.85,13.04,12.78,29071,38163838.0,2.0,-1.38,-0.18,0.95
2019-03-20,002186,12.85,12.86,12.89,12.65,21338,27806739.0,1.87,0.08,0.01,0.7
2019-03-21,002186,12.81,12.82,12.91,12.77,20564,26930136.0,1.09,-0.31,-0.04,0.67
2019-03-22,002186,12.85,13.11,13.15,12.79,38697,51303275.0,2.81,2.26,0.29,1.26
2019-03-25,002186,12.68,12.73,12.86,12.68,26581,34586682.0,1.37,-2.9,-0.38,0.87
2019-03-26,002186,12.7,12.46,12.81,12.44,23397,30077790.0,2.91,-2.12,-0.27,0.76
2019-03-27,002186,12.51,12.57,12.63,12.27,18150,23037681.0,2.89,0.88,0.11,0.59
2019-03-28,002186,12.52,12.5,12.64,12.38,11115,14170887.0,2.07,-0.56,-0.07,0.36
2019-03-29,002186,12.53,12.8,12.8,12.44,21959,28329289.0,2.88,2.4,0.3,0.72
2019-04-01,002186,12.81,13.22,13.29,12.8,39902,53448535.0,3.83,3.28,0.42,1.3
2019-04-02,002186,13.22,13.11,13.41,13.04,29727,39889540.0,2.8,-0.83,-0.11,0.97
2019-04-03,002186,13.07,13.37,13.41,13.04,29821,40250638.0,2.82,1.98,0.26,0.97
2019-04-04,002186,13.42,13.34,13.47,13.15,22140,29978778.0,2.39,-0.22,-0.03,0.72
2019-04-08,002186,13.32,13.13,13.39,13.04,26395,35434265.0,2.62,-1.57,-0.21,0.86
2019-04-09,002186,13.15,13.29,13.39,13.07,22377,30115476.0,2.44,1.22,0.16,0.73
2019-04-10,002186,13.28,13.27,13.33,13.08,21444,28864793.0,1.88,-0.15,-0.02,0.7
2019-04-11,002186,13.26,13.1,13.52,13.08,27314,37032356.0,3.32,-1.28,-0.17,0.89
2019-04-12,002186,13.12,13.07,13.16,12.96,15283,20313027.0,1.53,-0.23,-0.03,0.5
2019-04-15,002186,13.14,12.99,13.25,12.97,15721,21045418.0,2.14,-0.61,-0.08,0.51
2019-04-16,002186,13.05,13.23,13.23,12.79,21600,28871480.0,3.39,1.85,0.24,0.71
2019-04-17,002186,13.16,13.25,13.29,13.11,21334,28714920.0,1.36,0.15,0.02,0.7
2019-04-18,002186,13.25,13.14,13.4,13.09,19990,26984581.0,2.34,-0.83,-0.11,0.65
2019-04-19,002186,13.17,13.18,13.28,13.04,16996,22734915.0,1.83,0.3,0.04,0.55
2019-04-22,002186,13.25,13.06,13.26,13.01,15193,20330085.0,1.9,-0.91,-0.12,0.5
2019-04-23,002186,13.06,12.82,13.24,12.78,15781,20769964.0,3.52,-1.84,-0.24,0.52
2019-04-24,002186,12.84,12.8,12.86,12.63,15022,19475564.0,1.79,-0.16,-0.02,0.49
2019-04-25,002186,12.71,12.31,12.76,12.3,19475,24874190.0,3.59,-3.83,-0.49,0.64
2019-04-26,002186,12.34,12.26,12.45,12.22,12587,15808215.0,1.87,-0.41,-0.05,0.41
2019-04-29,002186,12.26,12.16,12.44,12.12,14785,18524021.0,2.61,-0.82,-0.1,0.48
2019-04-30,002186,12.14,12.24,12.34,12.07,11552,14358162.0,2.22,0.66,0.08,0.38
2019-05-06,002186,12.09,11.51,12.09,11.28,19168,22913517.0,6.62,-5.96,-0.73,0.63
2019-05-07,002186,11.56,11.62,11.72,11.52,12064,14287620.0,1.74,0.96,0.11,0.39
2019-05-08,002186,11.45,11.36,11.67,11.25,15663,18315860.0,3.61,-2.24,-0.26,0.51
2019-05-09,002186,11.34,11.4,11.45,11.29,7959,9242289.0,1.41,0.35,0.04,0.26
2019-05-10,002186,11.43,11.64,11.66,11.33,13739,16205889.0,2.89,2.11,0.24,0.45
2019-05-13,002186,11.6,11.58,11.7,11.51,8109,9599608.0,1.63,-0.52,-0.06,0.26
2019-05-14,002186,11.45,11.49,11.57,11.45,5630,6620259.0,1.04,-0.78,-0.09,0.18
2019-05-15,002186,11.53,11.67,11.71,11.53,8764,10408953.0,1.57,1.57,0.18,0.29
2019-05-16,002186,11.66,11.67,11.74,11.62,10724,12791245.0,1.03,0.0,0.0,0.35
2019-05-17,002186,11.68,11.46,11.71,11.42,11182,13218780.0,2.49,-1.8,-0.21,0.37
2019-05-20,002186,11.47,11.42,11.53,11.28,7295,8470202.0,2.18,-0.35,-0.04,0.24
2019-05-21,002186,11.39,11.5,11.58,11.33,9327,10906501.0,2.19,0.7,0.08,0.3
2019-05-22,002186,11.5,11.42,11.53,11.26,8959,10448949.0,2.35,-0.7,-0.08,0.29
2019-05-23,002186,11.37,11.19,11.39,11.19,12744,14688818.0,1.75,-2.01,-0.23,0.42
2019-05-24,002186,11.24,11.22,11.29,11.15,5319,6086691.0,1.25,0.27,0.03,0.17
2019-05-27,002186,11.22,11.41,11.42,11.17,9036,10451828.0,2.23,1.69,0.19,0.29
2019-05-28,002186,11.39,11.42,11.48,11.35,7279,8479613.0,1.14,0.09,0.01,0.24
2019-05-29,002186,11.43,11.44,11.46,11.33,7312,8513569.0,1.14,0.18,0.02,0.24
2019-05-30,002186,11.38,11.45,11.49,11.36,6179,7206634.0,1.14,0.09,0.01,0.2
2019-05-31,002186,11.45,11.35,11.58,11.32,5957,6959881.0,2.27,-0.87,-0.1,0.19
2019-06-03,002186,11.36,11.37,11.49,11.31,5504,6405847.0,1.59,0.18,0.02,0.18
2019-06-04,002186,11.4,11.27,11.4,11.2,7307,8406887.0,1.76,-0.88,-0.1,0.24
2019-06-05,002186,11.34,11.3,11.37,11.26,4783,5520224.0,0.98,0.27,0.03,0.16
2019-06-06,002186,11.34,11.24,11.4,11.24,7157,8143080.0,1.42,-0.53,-0.06,0.23
2019-06-10,002186,11.25,11.31,11.39,11.24,4121,4685490.0,1.33,0.62,0.07,0.13
2019-06-11,002186,11.38,11.54,11.6,11.33,9049,10468874.0,2.39,2.03,0.23,0.3
2019-06-12,002186,11.54,11.49,11.59,11.47,4642,5377188.0,1.04,-0.43,-0.05,0.15
2019-06-13,002186,11.48,11.51,11.55,11.46,6448,7455918.0,0.78,0.17,0.02,0.21
2019-06-14,002186,11.53,11.43,11.65,11.43,8412,9760959.0,1.91,-0.7,-0.08,0.27
2019-06-17,002186,11.5,11.39,11.5,11.35,4751,5450024.0,1.31,-0.35,-0.04,0.16
2019-06-18,002186,11.39,11.35,11.41,11.29,3621,4132368.0,1.05,-0.35,-0.04,0.12
2019-06-19,002186,11.53,11.4,11.58,11.38,8817,10164761.0,1.76,0.44,0.05,0.29
2019-06-20,002186,11.44,11.52,11.54,11.32,10784,12415167.0,1.93,1.05,0.12,0.35
2019-06-21,002186,11.51,11.6,11.64,11.5,16478,19160148.0,1.22,0.69,0.08,0.54
2019-06-24,002186,11.6,11.55,11.64,11.51,6664,7743045.0,1.12,-0.43,-0.05,0.22
2019-06-25,002186,11.54,11.48,11.6,11.42,8185,9442540.0,1.56,-0.61,-0.07,0.27
2019-06-26,002186,11.45,11.52,11.55,11.43,6143,7090837.0,1.05,0.35,0.04,0.2
2019-06-27,002186,11.52,11.56,11.59,11.48,9301,10799144.0,0.95,0.35,0.04,0.3
2019-06-28,002186,11.54,11.57,11.67,11.52,11127,12974538.0,1.3,0.09,0.01,0.36
2019-07-01,002186,11.66,11.77,11.78,11.62,15178,17869094.0,1.38,1.73,0.2,0.5
2019-07-02,002186,11.75,11.65,11.78,11.58,14420,16904366.0,1.7,-1.02,-0.12,0.47
2019-07-03,002186,11.6,11.82,12.0,11.55,28300,33553081.0,3.86,1.46,0.17,0.93
2019-07-04,002186,11.77,11.68,11.82,11.6,12097,14205087.0,1.86,-1.18,-0.14,0.4
2019-07-05,002186,11.67,11.67,11.71,11.62,5867,6876139.0,0.77,-0.09,-0.01,0.19
2019-07-08,002186,11.64,11.35,11.66,11.33,11281,12950023.0,2.83,-2.74,-0.32,0.37
2019-07-09,002186,11.34,11.34,11.38,11.24,8313,9450561.0,1.23,-0.09,-0.01,0.27
2019-07-10,002186,11.34,11.3,11.37,11.3,3650,4155027.0,0.62,-0.35,-0.04,0.12
2019-07-11,002186,11.33,11.39,11.39,11.29,5332,6073070.0,0.88,0.8,0.09,0.17
2019-07-12,002186,11.34,11.37,11.43,11.3,6691,7655766.0,1.14,-0.18,-0.02,0.22
2019-07-15,002186,11.35,11.4,11.42,11.27,5031,5742576.0,1.32,0.26,0.03,0.16
2019-07-16,002186,11.4,11.39,11.49,11.36,4385,5029663.0,1.14,-0.09,-0.01,0.14
2019-07-17,002186,11.38,11.42,11.44,11.33,3931,4497813.0,0.97,0.26,0.03,0.13
2019-07-18,002186,11.4,11.25,11.4,11.24,4978,5651287.0,1.4,-1.49,-0.17,0.16
2019-07-19,002186,11.29,11.3,11.33,11.24,7658,8688178.0,0.8,0.44,0.05,0.25
2019-07-22,002186,11.31,11.07,11.32,11.06,8372,9379499.0,2.3,-2.04,-0.23,0.27
2019-07-23,002186,11.08,11.13,11.16,11.08,4046,4524760.0,0.72,0.54,0.06,0.13
2019-07-24,002186,11.16,11.2,11.29,11.15,6467,7291697.0,1.26,0.63,0.07,0.21
2019-07-25,002186,11.2,11.19,11.28,11.16,5251,5918221.0,1.07,-0.09,-0.01,0.17
2019-07-26,002186,11.18,11.21,11.25,11.14,3809,4287992.0,0.98,0.18,0.02,0.12
2019-07-29,002186,11.19,11.4,11.74,11.11,13255,15230629.0,5.62,1.69,0.19,0.43
2019-07-30,002186,11.33,11.24,11.39,11.21,11676,13245330.0,1.58,-1.4,-0.16,0.38
2019-07-31,002186,11.22,11.32,11.35,11.17,9865,11186161.0,1.6,0.71,0.08,0.32
2019-08-01,002186,11.31,11.21,11.33,11.19,4985,5634671.0,1.24,-0.97,-0.11,0.16
2019-08-02,002186,11.12,11.08,11.13,11.03,8094,9006700.0,0.89,-1.16,-0.13,0.26
2019-08-05,002186,11.06,10.87,11.12,10.87,8420,9305141.0,2.26,-1.9,-0.21,0.28
2019-08-06,002186,10.78,10.48,10.78,10.39,12849,13613126.0,3.59,-3.59,-0.39,0.42
2019-08-07,002186,10.53,10.52,10.57,10.45,7041,7450532.0,1.15,0.38,0.04,0.23
2019-08-08,002186,10.55,10.51,10.59,10.47,3774,3994590.0,1.14,-0.1,-0.01,0.12
2019-08-09,002186,10.54,10.39,10.55,10.35,9040,9489603.0,1.9,-1.14,-0.12,0.3
2019-08-12,002186,10.4,10.41,10.42,10.17,9833,10177577.0,2.41,0.19,0.02,0.32
2019-08-13,002186,10.34,10.31,10.34,10.28,10063,10437420.0,0.58,-0.96,-0.1,0.33
2019-08-14,002186,10.4,10.35,10.42,10.34,6182,6450820.0,0.78,0.39,0.04,0.2
2019-08-15,002186,10.21,10.26,10.31,10.07,6537,6692122.0,2.32,-0.87,-0.09,0.21
2019-08-16,002186,10.29,10.28,10.34,10.21,5241,5423660.0,1.27,0.19,0.02,0.17
2019-08-19,002186,10.34,10.5,10.5,10.28,10761,11239694.0,2.14,2.14,0.22,0.35
2019-08-20,002186,10.42,10.51,10.53,10.42,9982,10517912.0,1.05,0.1,0.01,0.33
2019-08-21,002186,10.51,10.52,10.55,10.41,6815,7198070.0,1.33,0.1,0.01,0.22
2019-08-22,002186,10.55,10.61,10.66,10.5,9554,10189502.0,1.52,0.86,0.09,0.31
2019-08-23,002186,10.69,10.56,10.69,10.56,10458,11168019.0,1.23,-0.47,-0.05,0.34
2019-08-26,002186,10.36,10.58,10.58,10.32,10266,10746303.0,2.46,0.19,0.02,0.34
2019-08-27,002186,10.57,10.76,11.24,10.53,23515,25580779.0,6.71,1.7,0.18,0.77
2019-08-28,002186,10.77,10.61,10.77,10.14,17298,18486266.0,5.86,-1.39,-0.15,0.57
2019-08-29,002186,10.62,10.51,10.64,10.48,10367,11003795.0,1.51,-0.94,-0.1,0.34
2019-08-30,002186,10.56,10.5,10.63,10.47,13119,13943484.0,1.52,-0.1,-0.01,0.43
2019-09-02,002186,10.59,10.65,10.65,10.51,10692,11388062.0,1.33,1.43,0.15,0.35
2019-09-03,002186,10.66,10.65,10.71,10.6,9005,9642022.0,1.03,0.0,0.0,0.29
2019-09-04,002186,10.62,10.72,10.72,10.59,12366,13237109.0,1.22,0.66,0.07,0.4
2019-09-05,002186,10.72,10.8,10.9,10.69,18799,20464330.0,1.96,0.75,0.08,0.61
2019-09-06,002186,10.85,10.93,10.93,10.8,13337,14563034.0,1.2,1.2,0.13,0.44
2019-09-09,002186,10.93,11.02,11.06,10.91,13525,14934174.0,1.37,0.82,0.09,0.44
2019-09-10,002186,11.06,10.97,11.06,10.92,7305,8060736.0,1.27,-0.45,-0.05,0.24
2019-09-11,002186,11.0,10.89,11.01,10.83,10078,11074901.0,1.64,-0.73,-0.08,0.33
2019-09-12,002186,10.94,11.32,11.38,9.96,39052,43605017.0,13.04,3.95,0.43,1.28
2019-09-16,002186,11.21,11.11,11.28,11.07,21395,23973821.0,1.86,-1.86,-0.21,0.7
2019-09-17,002186,11.07,10.78,11.09,10.75,14063,15393150.0,3.06,-2.97,-0.33,0.46
2019-09-18,002186,10.78,10.98,11.06,10.77,13479,14863663.0,2.69,1.86,0.2,0.44
2019-09-19,002186,10.93,11.3,11.43,10.92,45676,51723883.0,4.64,2.91,0.32,1.49
2019-09-20,002186,11.27,11.25,11.35,11.15,18453,20856511.0,1.77,-0.44,-0.05,0.6
2019-09-23,002186,11.24,11.14,11.34,11.09,18907,21337533.0,2.22,-0.98,-0.11,0.62
2019-09-24,002186,11.22,11.1,11.3,11.01,17441,19595229.0,2.6,-0.36,-0.04,0.57
2019-09-25,002186,11.09,10.84,11.09,10.84,13874,15284653.0,2.25,-2.34,-0.26,0.45
2019-09-26,002186,10.86,10.62,11.05,10.54,15696,17075343.0,4.7,-2.03,-0.22,0.51
2019-09-27,002186,10.52,10.78,10.83,10.52,12096,13042172.0,2.92,1.51,0.16,0.4
2019-09-30,002186,10.76,10.67,10.87,10.64,6848,7400281.0,2.13,-1.02,-0.11,0.22
2019-10-08,002186,10.69,10.52,10.77,10.5,9582,10241001.0,2.53,-1.41,-0.15,0.31
2019-10-09,002186,10.51,10.54,10.59,10.44,10081,10649363.0,1.43,0.19,0.02,0.33
2019-10-10,002186,10.54,10.58,10.6,10.49,8994,9536394.0,1.04,0.38,0.04,0.29
2019-10-11,002186,10.58,10.55,10.58,10.42,11370,12002444.0,1.51,-0.28,-0.03,0.37
2019-10-14,002186,10.58,10.64,10.67,10.55,12276,13101661.0,1.14,0.85,0.09,0.4
2019-10-15,002186,10.62,10.52,10.62,10.48,8398,8897886.0,1.32,-1.13,-0.12,0.27
2019-10-16,002186,10.57,10.61,10.61,10.49,10228,10865880.0,1.14,0.86,0.09,0.33
2019-10-17,002186,10.57,10.46,10.6,10.43,9223,9734338.0,1.6,-1.41,-0.15,0.3
2019-10-18,002186,10.45,10.36,10.49,10.31,10406,10862070.0,1.72,-0.96,-0.1,0.34
2019-10-21,002186,10.33,10.31,10.38,10.25,6180,6403528.0,1.25,-0.48,-0.05,0.2
2019-10-22,002186,10.27,10.37,10.39,10.24,4785,4973597.0,1.45,0.58,0.06,0.16
2019-10-23,002186,10.37,10.33,10.37,10.27,4915,5104267.0,0.96,-0.39,-0.04,0.16
2019-10-24,002186,10.29,10.31,10.37,10.26,7015,7273760.0,1.06,-0.19,-0.02,0.23
2019-10-25,002186,10.36,10.44,10.49,10.31,8476,8873182.0,1.75,1.26,0.13,0.28
2019-10-28,002186,10.4,10.47,10.51,10.29,8755,9163325.0,2.11,0.29,0.03,0.29
2019-10-29,002186,10.48,10.41,10.48,10.37,7616,7981211.0,1.05,-0.57,-0.06,0.25
2019-10-30,002186,10.37,10.18,10.42,10.18,9305,9619637.0,2.31,-2.21,-0.23,0.3
2019-10-31,002186,10.24,10.13,10.26,10.09,10720,10953095.0,1.67,-0.49,-0.05,0.35
2019-11-01,002186,10.17,10.21,10.21,10.1,5920,6054165.0,1.09,0.79,0.08,0.19
2019-11-04,002186,10.17,10.2,10.26,10.17,6950,7142816.0,0.88,-0.1,-0.01,0.23
2019-11-05,002186,10.23,10.27,10.42,10.18,7623,7874464.0,2.35,0.69,0.07,0.25
2019-11-06,002186,10.29,10.27,10.33,10.24,5292,5471820.0,0.88,0.0,0.0,0.17
2019-11-07,002186,10.28,10.25,10.33,10.25,6714,6944885.0,0.78,-0.19,-0.02,0.22
2019-11-08,002186,10.29,10.23,10.31,10.23,6355,6567627.0,0.78,-0.2,-0.02,0.21
2019-11-11,002186,10.15,10.0,10.21,9.96,9582,9683400.0,2.44,-2.25,-0.23,0.31
2019-11-12,002186,10.05,10.0,10.05,9.84,6101,6105463.0,2.1,0.0,0.0,0.2
2019-11-13,002186,9.94,9.87,9.98,9.85,5716,5700037.0,1.3,-1.3,-0.13,0.19
2019-11-14,002186,9.9,9.83,9.93,9.8,8138,8076431.0,1.32,-0.41,-0.04,0.27
2019-11-15,002186,9.84,9.74,9.84,9.69,7412,7287052.0,1.53,-0.92,-0.09,0.24
2019-11-18,002186,9.76,9.78,9.81,9.69,5790,5683504.0,1.23,0.41,0.04,0.19
2019-11-19,002186,9.79,9.86,9.88,9.74,6075,6008848.0,1.43,0.82,0.08,0.2
2019-11-20,002186,9.84,9.84,9.87,9.8,4295,4249479.0,0.71,-0.2,-0.02,0.14
2019-11-21,002186,9.8,9.76,9.85,9.72,8351,8217822.0,1.32,-0.81,-0.08,0.27
2019-11-22,002186,9.77,9.79,9.88,9.71,7918,7803831.0,1.74,0.31,0.03,0.26
2019-11-25,002186,9.79,9.88,9.88,9.67,9133,8978111.0,2.15,0.92,0.09,0.3
2019-11-26,002186,9.84,9.9,10.02,9.79,10809,10780652.0,2.33,0.2,0.02,0.35
2019-11-27,002186,9.93,9.91,9.96,9.83,6165,6143503.0,1.31,0.1,0.01,0.2
2019-11-28,002186,9.91,9.83,10.02,9.83,6609,6597665.0,1.92,-0.81,-0.08,0.22
2019-11-29,002186,9.88,9.88,9.9,9.82,4488,4447831.0,0.81,0.51,0.05,0.15
2019-12-02,002186,9.9,10.09,10.25,9.88,17123,17374013.0,3.74,2.13,0.21,0.56
2019-12-03,002186,10.04,10.04,10.09,9.93,9394,9451870.0,1.59,-0.5,-0.05,0.31
2019-12-04,002186,10.0,10.05,10.11,9.97,8360,8456277.0,1.39,0.1,0.01,0.27
2019-12-05,002186,10.04,10.08,10.1,10.0,6223,6299277.0,1.0,0.3,0.03,0.2
2019-12-06,002186,10.08,10.1,10.29,10.06,13857,14117643.0,2.28,0.2,0.02,0.45
2019-12-09,002186,10.1,10.04,10.13,10.01,9476,9573971.0,1.19,-0.59,-0.06,0.31
2019-12-10,002186,10.08,9.97,10.08,9.96,9510,9569945.0,1.2,-0.7,-0.07,0.31
2019-12-11,002186,9.98,9.95,10.04,9.92,9797,9825042.0,1.2,-0.2,-0.02,0.32
2019-12-12,002186,9.94,9.98,10.05,9.91,9520,9558080.0,1.41,0.3,0.03,0.31
2019-12-13,002186,10.02,10.05,10.09,9.96,15142,15276911.0,1.3,0.7,0.07,0.5
2019-12-16,002186,10.05,10.08,10.09,9.99,15864,16027405.0,1.0,0.3,0.03,0.52
2019-12-17,002186,10.12,10.19,10.21,10.06,23115,23582228.0,1.49,1.09,0.11,0.76
2019-12-18,002186,10.17,10.31,10.39,10.17,25198,26130088.0,2.16,1.18,0.12,0.82
2019-12-19,002186,10.31,10.36,10.37,10.24,14296,14821183.0,1.26,0.48,0.05,0.47
2019-12-20,002186,10.37,10.27,10.39,10.26,10768,11176683.0,1.25,-0.87,-0.09,0.35
2019-12-23,002186,10.3,10.08,10.3,10.07,12173,12452801.0,2.24,-1.85,-0.19,0.4
2019-12-24,002186,10.1,10.13,10.14,10.02,13335,13517933.0,1.19,0.5,0.05,0.44
2019-12-25,002186,10.12,10.09,10.15,10.06,8373,8519904.0,0.89,-0.39,-0.04,0.27
2019-12-26,002186,10.09,10.14,10.14,10.05,8255,8383825.0,0.89,0.5,0.05,0.27
2019-12-27,002186,10.14,10.11,10.2,10.1,11346,11583489.0,0.99,-0.3,-0.03,0.37
2019-12-30,002186,10.07,10.14,10.17,9.97,14340,14520260.0,1.98,0.3,0.03,0.47
2019-12-31,002186,10.13,10.25,10.26,10.11,12213,12520588.0,1.48,1.08,0.11,0.4
2020-01-02,002186,10.27,10.3,10.34,10.23,15849,16417852.0,1.07,0.49,0.05,0.51
2020-01-03,002186,10.32,10.32,10.38,10.25,13342,13842031.0,1.26,0.19,0.02,0.43
2020-01-06,002186,10.3,10.32,10.35,10.26,17577,18223872.0,0.87,0.0,0.0,0.57
2020-01-07,002186,10.32,10.44,10.47,10.32,24707,25838148.0,1.45,1.16,0.12,0.8
2020-01-08,002186,10.4,10.25,10.45,10.23,18279,19000715.0,2.11,-1.82,-0.19,0.59
2020-01-09,002186,10.31,10.31,10.38,10.3,12884,13389537.0,0.78,0.59,0.06,0.42
2020-01-10,002186,10.35,10.55,10.76,10.35,53776,57318594.0,3.98,2.33,0.24,1.75
2020-01-13,002186,10.56,10.57,10.6,10.44,20034,21236592.0,1.52,0.19,0.02,0.65
2020-01-14,002186,10.57,10.6,10.64,10.52,18910,20117466.0,1.14,0.28,0.03,0.61
2020-01-15,002186,10.55,10.49,10.59,10.41,15437,16262362.0,1.7,-1.04,-0.11,0.5
2020-01-16,002186,10.49,10.45,10.51,10.36,13550,14227721.0,1.43,-0.38,-0.04,0.44
2020-01-17,002186,10.46,10.34,10.47,10.34,10445,10930672.0,1.24,-1.05,-0.11,0.34
2020-01-20,002186,10.36,10.49,10.55,10.28,13562,14164926.0,2.61,1.45,0.15,0.44
2020-01-21,002186,10.48,10.16,10.48,10.14,24768,25526652.0,3.24,-3.15,-0.33,0.8
2020-01-22,002186,10.12,10.2,10.32,10.05,18294,18737017.0,2.66,0.39,0.04,0.59
2020-01-23,002186,10.13,9.98,10.16,9.91,19113,19260717.0,2.45,-2.16,-0.22,0.62
2020-02-03,002186,8.98,8.98,8.98,8.98,5311,4801144.0,0.0,-10.02,-1.0,0.17
2020-02-04,002186,8.1,8.35,8.54,8.1,61249,51058271.0,4.9,-7.02,-0.63,1.99
2020-02-05,002186,8.34,8.39,8.6,8.3,34017,28841371.0,3.59,0.48,0.04,1.1
2020-02-06,002186,8.39,8.53,8.58,8.33,36954,31568873.0,2.98,1.67,0.14,1.2
2020-02-07,002186,8.49,8.8,8.86,8.49,49067,43029319.0,4.34,3.17,0.27,1.59
2020-02-10,002186,8.82,8.73,8.83,8.54,38669,33847713.0,3.3,-0.8,-0.07,1.26
2020-02-11,002186,9.0,9.12,9.54,8.95,67751,62739487.0,6.76,4.47,0.39,2.2
2020-02-12,002186,8.96,9.11,9.22,8.89,42541,38628638.0,3.62,-0.11,-0.01,1.38
2020-02-13,002186,9.01,8.9,9.09,8.89,42555,38541854.0,2.2,-2.31,-0.21,1.38
2020-02-14,002186,8.89,8.88,8.93,8.8,22595,20172266.0,1.46,-0.22,-0.02,0.73
2020-02-17,002186,8.9,9.13,9.13,8.88,35800,32472830.0,2.82,2.82,0.25,1.16
2020-02-18,002186,9.1,9.29,9.3,9.08,41630,38611705.0,2.41,1.75,0.16,1.35
2020-02-19,002186,9.38,9.52,9.88,9.31,66618,64540505.0,6.14,2.48,0.23,2.16
2020-02-20,002186,9.59,9.75,9.79,9.54,58238,56723741.0,2.63,2.42,0.23,1.89
2020-02-21,002186,9.75,9.59,9.75,9.53,45691,44008041.0,2.26,-1.64,-0.16,1.48
2020-02-24,002186,9.56,9.45,9.56,9.34,35424,33523553.0,2.29,-1.46,-0.14,1.15
2020-02-25,002186,9.29,9.28,9.29,9.03,46352,42839356.0,2.75,-1.8,-0.17,1.5
2020-02-26,002186,9.13,9.26,9.39,9.1,29006,27046307.0,3.13,-0.22,-0.02,0.94
2020-02-27,002186,9.44,9.87,10.19,9.44,112306,112335581.0,8.1,6.59,0.61,3.65
2020-02-28,002186,9.29,9.37,9.64,9.18,69946,65800899.0,4.66,-5.07,-0.5,2.27
2020-03-02,002186,9.34,9.54,9.66,9.23,45897,43814996.0,4.59,1.81,0.17,1.49
2020-03-03,002186,9.59,9.39,9.59,9.35,44487,42370525.0,2.52,-1.57,-0.15,1.44
2020-03-04,002186,9.37,9.49,9.54,9.29,30837,29118992.0,2.66,1.06,0.1,1.0
2020-03-05,002186,9.54,9.6,9.64,9.47,42346,40778097.0,1.79,1.16,0.11,1.37
2020-03-06,002186,9.52,9.58,9.58,9.42,28252,27011333.0,1.67,-0.21,-0.02,0.92
2020-03-09,002186,9.47,9.59,9.86,9.46,48207,46751141.0,4.18,0.1,0.01,1.56
2020-03-10,002186,9.39,9.69,9.73,9.33,38746,37204515.0,4.17,1.04,0.1,1.26
2020-03-11,002186,9.7,9.86,10.14,9.62,60552,60117106.0,5.37,1.75,0.17,1.97
2020-03-12,002186,9.76,9.61,9.79,9.47,39598,38331777.0,3.25,-2.54,-0.25,1.29
2020-03-13,002186,9.15,9.4,9.49,9.05,36545,34075847.0,4.58,-2.19,-0.21,1.19
2020-03-16,002186,9.44,9.46,9.98,9.4,64392,62503613.0,6.17,0.64,0.06,2.09
2020-03-17,002186,9.44,9.28,9.64,9.04,47473,44285387.0,6.34,-1.9,-0.18,1.54
2020-03-18,002186,9.36,9.31,9.73,9.3,48792,46664244.0,4.63,0.32,0.03,1.58
2020-03-19,002186,9.44,9.89,9.89,9.43,89054,86595771.0,4.94,6.23,0.58,2.89
2020-03-20,002186,9.84,10.31,10.59,9.58,104138,104169700.0,10.21,4.25,0.42,3.38
2020-03-23,002186,9.97,9.78,10.13,9.74,75155,74924638.0,3.78,-5.14,-0.53,2.44
2020-03-24,002186,9.85,9.79,10.01,9.54,50229,49436771.0,4.81,0.1,0.01,1.63
2020-03-25,002186,9.93,10.31,10.41,9.74,97425,99064372.0,6.84,5.31,0.52,3.16
2020-03-26,002186,10.19,10.13,10.47,10.1,55090,56744971.0,3.59,-1.75,-0.18,1.79
2020-03-27,002186,10.23,10.2,10.39,10.04,57433,58999895.0,3.46,0.69,0.07,1.86
2020-03-30,002186,10.05,9.56,10.05,9.45,54315,53057639.0,5.88,-6.27,-0.64,1.76
2020-03-31,002186,9.59,9.36,9.69,9.33,31758,30357657.0,3.77,-2.09,-0.2,1.03
2020-04-01,002186,9.3,9.18,9.39,9.16,30471,28489592.0,2.46,-1.92,-0.18,0.99
2020-04-02,002186,9.14,9.3,9.31,9.05,20221,18704190.0,2.83,1.31,0.12,0.66
2020-04-03,002186,9.27,9.28,9.33,9.24,14620,13663229.0,0.97,-0.22,-0.02,0.47
2020-04-07,002186,9.37,9.4,9.43,9.33,28743,27164936.0,1.08,1.29,0.12,0.93
2020-04-08,002186,9.37,9.67,9.92,9.35,50236,48896500.0,6.06,2.87,0.27,1.63
2020-04-09,002186,9.67,9.69,9.79,9.56,31958,31117921.0,2.38,0.21,0.02,1.04
2020-04-10,002186,9.7,9.4,9.74,9.38,22942,21916171.0,3.72,-2.99,-0.29,0.74
2020-04-13,002186,9.37,9.25,9.37,9.17,18278,17044380.0,2.13,-1.6,-0.15,0.59
2020-04-14,002186,9.21,9.23,9.25,9.07,46273,42668176.0,1.95,-0.22,-0.02,1.5
2020-04-15,002186,9.17,9.08,9.19,9.08,26679,24525570.0,1.19,-1.63,-0.15,0.87
2020-04-16,002186,9.04,9.03,9.06,8.9,27220,24578640.0,1.76,-0.55,-0.05,0.88
2020-04-17,002186,9.04,9.17,9.22,9.01,27197,25031286.0,2.33,1.55,0.14,0.88
2020-04-20,002186,9.11,9.04,9.14,8.99,22350,20350145.0,1.64,-1.42,-0.13,0.73
2020-04-21,002186,9.06,9.02,9.06,8.93,17619,15939888.0,1.44,-0.22,-0.02,0.57
2020-04-22,002186,8.95,9.04,9.07,8.92,17213,15618577.0,1.66,0.22,0.02,0.56
2020-04-23,002186,9.09,9.04,9.11,9.0,16317,14869803.0,1.22,0.0,0.0,0.53
2020-04-24,002186,9.06,8.96,9.07,8.93,17441,15787454.0,1.55,-0.88,-0.08,0.57
2020-04-27,002186,8.95,8.92,9.06,8.9,14887,13407933.0,1.79,-0.45,-0.04,0.48
2020-04-28,002186,8.93,8.82,8.97,8.53,18527,16348999.0,4.93,-1.12,-0.1,0.6
2020-04-29,002186,8.78,8.98,9.07,8.75,15746,14193750.0,3.63,1.81,0.16,0.51
2020-04-30,002186,9.05,9.21,9.27,9.03,33325,30717959.0,2.67,2.56,0.23,1.08
2020-05-06,002186,9.14,9.14,9.15,8.9,23101,21035879.0,2.71,-0.76,-0.07,0.75
2020-05-07,002186,9.08,9.11,9.15,9.05,11168,10224514.0,1.09,-0.33,-0.03,0.36
2020-05-08,002186,9.11,9.09,9.17,9.06,15703,14384852.0,1.21,-0.22,-0.02,0.51
2020-05-11,002186,9.09,9.08,9.14,9.04,9899,9062440.0,1.1,-0.11,-0.01,0.32
2020-05-12,002186,9.08,9.19,9.29,9.05,24603,22743119.0,2.64,1.21,0.11,0.8
2020-05-13,002186,9.18,9.28,9.29,9.09,21636,20098162.0,2.18,0.98,0.09,0.7
2020-05-14,002186,9.3,9.22,9.3,9.16,17951,16652308.0,1.51,-0.65,-0.06,0.58
2020-05-15,002186,9.25,9.32,9.38,9.2,22545,21057072.0,1.95,1.08,0.1,0.73
2020-05-18,002186,9.31,9.33,9.39,9.24,20795,19513608.0,1.61,0.11,0.01,0.68
2020-05-19,002186,9.42,9.42,9.48,9.3,16501,15583627.0,1.93,0.96,0.09,0.54
2020-05-20,002186,9.42,9.35,9.44,9.27,24033,22586457.0,1.8,-0.74,-0.07,0.78
2020-05-21,002186,9.33,9.73,10.15,9.33,85126,83829487.0,8.77,4.06,0.38,2.76
2020-05-22,002186,9.74,9.79,9.94,9.61,54402,53485525.0,3.39,0.62,0.06,1.77
2020-05-25,002186,9.79,9.75,10.06,9.65,45410,44978329.0,4.19,-0.41,-0.04,1.47
2020-05-26,002186,9.84,9.89,10.06,9.76,42439,42338920.0,3.08,1.44,0.14,1.38
2020-05-27,002186,9.9,10.68,10.79,9.87,112537,117843867.0,9.3,7.99,0.79,3.65
2020-05-28,002186,10.67,10.76,10.84,10.46,75802,81329032.0,3.56,0.75,0.08,2.46
2020-05-29,002186,10.71,11.14,11.23,10.64,95684,106062966.0,5.48,3.53,0.38,3.11
2020-06-01,002186,11.2,11.07,11.38,11.05,93955,105328906.0,2.96,-0.63,-0.07,3.05
2020-06-02,002186,11.1,10.47,11.24,10.43,123796,133439625.0,7.32,-5.42,-0.6,4.02
2020-06-03,002186,10.44,10.48,10.72,10.41,57016,60704377.0,2.96,0.1,0.01,1.85
2020-06-04,002186,10.48,10.66,10.99,10.48,59964,64809025.0,4.87,1.72,0.18,1.95
2020-06-05,002186,10.49,10.48,10.63,10.36,40664,42889630.0,2.53,-1.69,-0.18,1.32
2020-06-08,002186,10.54,10.33,10.69,10.3,38034,40067688.0,3.72,-1.43,-0.15,1.23
2020-06-09,002186,10.33,10.5,10.6,10.32,42203,44537867.0,2.71,1.65,0.17,1.37
2020-06-10,002186,10.49,11.16,11.39,10.25,109681,120147032.0,10.86,6.29,0.66,3.56
2020-06-11,002186,11.03,10.67,11.19,10.54,83306,91042264.0,5.82,-4.39,-0.49,2.7
2020-06-12,002186,10.22,11.74,11.74,10.22,103918,119679953.0,14.25,10.03,1.07,3.37
2020-06-15,002186,11.79,11.58,12.39,11.3,181491,215969954.0,9.28,-1.36,-0.16,5.89
2020-06-16,002186,11.82,11.72,12.23,11.55,99301,117963619.0,5.87,1.21,0.14,3.22
2020-06-17,002186,11.75,11.24,11.91,11.14,93890,108005835.0,6.57,-4.1,-0.48,3.05
2020-06-18,002186,11.35,10.89,11.38,10.85,63415,70442730.0,4.72,-3.11,-0.35,2.06
2020-06-19,002186,10.91,10.8,11.12,10.8,47420,52256068.0,2.94,-0.83,-0.09,1.54
2020-06-22,002186,10.85,11.0,11.19,10.63,55898,61287715.0,5.19,1.85,0.2,1.81
2020-06-23,002186,10.95,10.9,11.13,10.78,44473,48938129.0,3.18,-0.91,-0.1,1.44
2020-06-24,002186,10.95,10.61,11.06,10.58,34260,36815265.0,4.4,-2.66,-0.29,1.11
2020-06-29,002186,10.6,10.66,10.75,10.51,24023,25469006.0,2.26,0.47,0.05,0.78
2020-06-30,002186,10.7,10.94,11.07,10.66,45995,50375214.0,3.85,2.63,0.28,1.49
2020-07-01,002186,10.93,10.87,11.05,10.8,33914,36970505.0,2.29,-0.64,-0.07,1.1
2020-07-02,002186,10.94,11.15,11.15,10.77,43223,47470041.0,3.5,2.58,0.28,1.4
2020-07-03,002186,11.13,11.41,11.61,11.02,59264,67038315.0,5.29,2.33,0.26,1.92
2020-07-06,002186,11.47,11.52,11.6,11.34,87021,99914792.0,2.28,0.96,0.11,2.82
2020-07-07,002186,11.51,11.45,11.7,11.43,73647,84967732.0,2.34,-0.61,-0.07,2.39
2020-07-08,002186,11.3,11.35,11.48,11.3,55025,62523611.0,1.57,-0.87,-0.1,1.79
2020-07-09,002186,11.35,12.19,12.2,11.31,100581,119895090.0,7.84,7.4,0.84,3.27
2020-07-10,002186,12.0,12.9,13.29,11.92,118661,150766920.0,11.24,5.82,0.71,3.85
2020-07-13,002186,12.8,12.91,13.15,12.5,83050,105897830.0,5.04,0.08,0.01,2.7
2020-07-14,002186,12.88,12.54,12.9,12.29,69391,87047534.0,4.73,-2.87,-0.37,2.25
2020-07-15,002186,12.72,12.8,13.75,12.72,121176,159733809.0,8.21,2.07,0.26,3.93
2020-07-16,002186,12.5,11.74,12.58,11.66,83547,101779713.0,7.19,-8.28,-1.06,2.71
2020-07-17,002186,11.75,11.77,12.08,11.52,48809,57645178.0,4.77,0.26,0.03,1.58
2020-07-20,002186,11.83,12.3,12.33,11.71,51450,61708822.0,5.27,4.5,0.53,1.67
2020-07-21,002186,12.24,12.38,12.8,12.24,49861,62322721.0,4.55,0.65,0.08,1.62
2020-07-22,002186,12.35,12.64,12.75,11.9,58973,73707524.0,6.87,2.1,0.26,1.91
2020-07-23,002186,12.58,12.75,12.95,12.45,55773,70634944.0,3.96,0.87,0.11,1.81
2020-07-24,002186,12.69,11.86,12.85,11.81,61428,75196654.0,8.16,-6.98,-0.89,1.99
2020-07-27,002186,12.17,11.97,12.66,11.89,46062,56398447.0,6.49,0.93,0.11,1.5
2020-07-28,002186,12.05,11.94,12.15,11.8,34409,41108474.0,2.92,-0.25,-0.03,1.12
2020-07-29,002186,11.94,12.27,12.28,11.74,29293,35373568.0,4.52,2.76,0.33,0.95
2020-07-30,002186,12.25,12.16,12.37,12.1,24142,29477842.0,2.2,-0.9,-0.11,0.78
2020-07-31,002186,12.16,12.15,12.37,12.01,26751,32561077.0,2.96,-0.08,-0.01,0.87
2020-08-03,002186,12.15,12.49,12.51,12.12,37006,45727361.0,3.21,2.8,0.34,1.2
2020-08-04,002186,12.54,12.63,12.81,12.4,49110,61898324.0,3.28,1.12,0.14,1.59
2020-08-05,002186,12.63,13.02,13.09,12.44,66345,85546242.0,5.15,3.09,0.39,2.15
2020-08-06,002186,13.05,12.7,13.08,12.65,44701,57295583.0,3.3,-2.46,-0.32,1.45
2020-08-07,002186,12.75,12.67,13.2,12.51,52988,68201168.0,5.43,-0.24,-0.03,1.72
2020-08-10,002186,12.67,12.68,12.93,12.52,34754,44198157.0,3.24,0.08,0.01,1.13
2020-08-11,002186,12.69,12.71,13.2,12.65,53092,68712932.0,4.34,0.24,0.03,1.72
2020-08-12,002186,12.65,12.68,12.95,12.0,59617,73783555.0,7.47,-0.24,-0.03,1.94
2020-08-13,002186,12.54,12.35,12.77,12.34,36873,46290426.0,3.39,-2.6,-0.33,1.2
2020-08-14,002186,12.35,12.16,12.39,12.06,27288,33230850.0,2.67,-1.54,-0.19,0.89
2020-08-17,002186,12.17,12.28,12.4,12.09,27374,33529707.0,2.55,0.99,0.12,0.89
2020-08-18,002186,12.28,12.42,12.51,12.25,23538,29185471.0,2.12,1.14,0.14,0.76
2020-08-19,002186,12.35,12.1,12.45,12.09,25810,31598871.0,2.9,-2.58,-0.32,0.84
2020-08-20,002186,12.01,11.95,12.18,11.88,23715,28443243.0,2.48,-1.24,-0.15,0.77
2020-08-21,002186,11.98,11.77,12.1,11.74,29767,35453065.0,3.01,-1.51,-0.18,0.97
2020-08-24,002186,11.84,11.79,11.84,11.63,19305,22717630.0,1.78,0.17,0.02,0.63
2020-08-25,002186,11.82,11.77,11.95,11.76,18096,21422374.0,1.61,-0.17,-0.02,0.59
2020-08-26,002186,11.7,11.3,11.82,11.25,31436,36093624.0,4.84,-3.99,-0.47,1.02
2020-08-27,002186,11.33,11.4,11.42,11.15,24205,27373057.0,2.39,0.88,0.1,0.79
2020-08-28,002186,11.4,11.6,11.6,11.35,18751,21558573.0,2.19,1.75,0.2,0.61
2020-08-31,002186,11.61,11.6,11.8,11.57,16696,19508536.0,1.98,0.0,0.0,0.54
2020-09-01,002186,11.57,11.58,11.68,11.47,11928,13791001.0,1.81,-0.17,-0.02,0.39
2020-09-02,002186,11.71,11.28,11.72,11.26,31264,35712575.0,3.97,-2.59,-0.3,1.01
2020-09-03,002186,11.29,11.13,11.36,11.05,27493,30788438.0,2.75,-1.33,-0.15,0.89
2020-09-04,002186,11.03,11.24,11.26,10.8,24435,26937777.0,4.13,0.99,0.11,0.79
2020-09-07,002186,11.25,11.05,11.49,10.92,20801,23355467.0,5.07,-1.69,-0.19,0.68
2020-09-08,002186,11.16,11.17,11.22,11.0,15349,17060612.0,1.99,1.09,0.12,0.5
2020-09-09,002186,11.09,10.99,11.15,10.84,23065,25383896.0,2.78,-1.61,-0.18,0.75
2020-09-10,002186,11.05,10.8,11.44,10.74,33643,37409909.0,6.37,-1.73,-0.19,1.09
2020-09-11,002186,10.83,11.09,11.1,10.45,22014,23990278.0,6.02,2.69,0.29,0.71
2020-09-14,002186,11.08,11.03,11.4,10.92,22022,24468629.0,4.33,-0.54,-0.06,0.71
2020-09-15,002186,11.12,11.38,11.45,10.98,31044,35033822.0,4.26,3.17,0.35,1.01
2020-09-16,002186,11.36,11.29,11.54,11.21,17544,19902906.0,2.9,-0.79,-0.09,0.57
2020-09-17,002186,11.23,11.3,11.35,11.13,13541,15241245.0,1.95,0.09,0.01,0.44
2020-09-18,002186,11.31,11.46,11.5,11.24,19281,21990000.0,2.3,1.42,0.16,0.63
2020-09-21,002186,11.43,11.3,11.53,11.24,17855,20264386.0,2.53,-1.4,-0.16,0.58
2020-09-22,002186,11.23,11.07,11.28,11.01,15261,17038345.0,2.39,-2.04,-0.23,0.5
2020-09-23,002186,11.15,11.18,11.2,11.08,7878,8774558.0,1.08,0.99,0.11,0.26
2020-09-24,002186,11.15,10.77,11.15,10.73,21502,23356186.0,3.76,-3.67,-0.41,0.7
2020-09-25,002186,10.9,10.9,10.95,10.79,13535,14724092.0,1.49,1.21,0.13,0.44
2020-09-28,002186,10.89,10.65,11.12,10.63,16878,18290984.0,4.5,-2.29,-0.25,0.55
2020-09-29,002186,10.68,10.76,10.84,10.6,10816,11582681.0,2.25,1.03,0.11,0.35
2020-09-30,002186,10.77,10.5,10.8,10.46,14346,15214422.0,3.16,-2.42,-0.26,0.47
2020-10-09,002186,10.6,10.69,10.78,10.58,11540,12322910.0,1.9,1.81,0.19,0.37
2020-10-12,002186,10.68,10.94,10.95,10.58,15434,16737396.0,3.46,2.34,0.25,0.5
2020-10-13,002186,10.92,10.89,10.99,10.85,10979,11976459.0,1.28,-0.46,-0.05,0.36
2020-10-14,002186,10.86,10.71,10.88,10.67,11054,11905181.0,1.93,-1.65,-0.18,0.36
2020-10-15,002186,10.65,10.46,10.74,10.42,19071,20163964.0,2.99,-2.33,-0.25,0.62
2020-10-16,002186,10.5,10.48,10.63,10.48,12468,13121536.0,1.43,0.19,0.02,0.4
2020-10-19,002186,10.51,10.57,10.81,10.48,17219,18276722.0,3.15,0.86,0.09,0.56
2020-10-20,002186,10.58,10.61,10.64,10.38,12875,13537971.0,2.46,0.38,0.04,0.42
2020-10-21,002186,10.56,10.58,10.68,10.51,11607,12296566.0,1.6,-0.28,-0.03,0.38
2020-10-22,002186,10.67,10.55,10.67,10.47,7684,8090838.0,1.89,-0.28,-0.03,0.25
2020-10-23,002186,10.53,10.51,10.62,10.48,10512,11090578.0,1.33,-0.38,-0.04,0.34
2020-10-26,002186,10.5,10.2,10.51,10.17,14252,14623347.0,3.24,-2.95,-0.31,0.46
2020-10-27,002186,10.16,10.11,10.25,10.11,8604,8746579.0,1.37,-0.88,-0.09,0.28
2020-10-28,002186,10.1,10.09,10.15,9.74,24201,24078030.0,4.06,-0.2,-0.02,0.79
2020-10-29,002186,10.0,10.12,10.18,9.95,13215,13302683.0,2.28,0.3,0.03,0.43
2020-10-30,002186,10.1,9.88,10.26,9.88,17112,17263420.0,3.75,-2.37,-0.24,0.56
2020-11-02,002186,9.81,9.57,9.87,9.56,20006,19344715.0,3.14,-3.14,-0.31,0.65
2020-11-03,002186,9.65,10.25,10.25,9.61,30515,30596117.0,6.69,7.11,0.68,0.99
2020-11-04,002186,10.19,9.91,10.3,9.89,20137,20152805.0,4.0,-3.32,-0.34,0.65
2020-11-05,002186,9.94,10.43,10.48,9.94,25366,26087068.0,5.45,5.25,0.52,0.82
2020-11-06,002186,10.42,10.43,10.55,10.3,15343,15967648.0,2.4,0.0,0.0,0.5
2020-11-09,002186,10.49,10.44,10.55,10.33,20133,21022385.0,2.11,0.1,0.01,0.65
2020-11-10,002186,10.6,10.45,10.96,10.41,30364,32155292.0,5.27,0.1,0.01,0.99
2020-11-11,002186,10.39,10.23,10.5,10.17,17912,18447642.0,3.16,-2.11,-0.22,0.58
2020-11-12,002186,10.18,10.74,10.94,10.18,45269,48321812.0,7.43,4.99,0.51,1.47
2020-11-13,002186,10.63,10.89,11.15,10.58,40156,43786867.0,5.31,1.4,0.15,1.3
2020-11-16,002186,10.93,11.2,11.47,10.87,40011,44888878.0,5.51,2.85,0.31,1.3
2020-11-17,002186,11.22,11.5,11.77,11.21,52615,60678951.0,5.0,2.68,0.3,1.71
2020-11-18,002186,11.5,11.45,11.58,11.31,34037,38830588.0,2.35,-0.43,-0.05,1.1
2020-11-19,002186,11.38,11.34,11.63,11.26,29746,33941392.0,3.23,-0.96,-0.11,0.97
2020-11-20,002186,11.36,11.29,11.48,11.22,22612,25574669.0,2.29,-0.44,-0.05,0.73
2020-11-23,002186,11.25,11.03,11.3,10.9,32784,36185802.0,3.54,-2.3,-0.26,1.06
2020-11-24,002186,11.08,10.96,11.19,10.89,25958,28614756.0,2.72,-0.63,-0.07,0.84
2020-11-25,002186,11.06,10.8,11.19,10.77,24267,26545761.0,3.83,-1.46,-0.16,0.79
2020-11-26,002186,10.82,10.83,11.14,10.76,20186,22070138.0,3.52,0.28,0.03,0.66
2020-11-27,002186,10.83,11.52,11.62,10.75,51724,58174383.0,8.03,6.37,0.69,1.68
2020-11-30,002186,11.47,11.24,11.47,11.22,34192,38724691.0,2.17,-2.43,-0.28,1.11
2020-12-01,002186,11.25,11.16,11.34,11.09,23431,26191186.0,2.22,-0.71,-0.08,0.76
2020-12-02,002186,11.12,11.49,11.57,11.09,39209,44647776.0,4.3,2.96,0.33,1.27
2020-12-03,002186,11.41,11.3,11.6,11.26,26038,29716839.0,2.96,-1.65,-0.19,0.85
2020-12-04,002186,11.29,11.35,11.5,11.26,17648,20076201.0,2.12,0.44,0.05,0.57
2020-12-07,002186,11.29,11.27,11.44,11.24,11705,13237244.0,1.76,-0.7,-0.08,0.38
2020-12-08,002186,11.28,11.03,11.29,10.98,19567,21714813.0,2.75,-2.13,-0.24,0.64
2020-12-09,002186,11.0,10.8,11.13,10.71,19983,21854060.0,3.81,-2.09,-0.23,0.65
2020-12-10,002186,10.81,10.8,10.99,10.75,12678,13763322.0,2.22,0.0,0.0,0.41
2020-12-11,002186,10.81,10.51,10.81,10.36,22105,23251735.0,4.17,-2.69,-0.29,0.72
2020-12-14,002186,10.49,10.65,10.76,10.31,24557,25927147.0,4.28,1.33,0.14,0.8
2020-12-15,002186,10.54,10.51,10.73,10.37,21628,22726547.0,3.38,-1.31,-0.14,0.7
2020-12-16,002186,10.52,10.63,10.78,10.39,29051,30849221.0,3.71,1.14,0.12,0.94
2020-12-17,002186,10.55,10.67,10.9,10.2,24960,26610325.0,6.59,0.38,0.04,0.81
2020-12-18,002186,10.65,10.59,10.69,10.55,11316,11984914.0,1.31,-0.75,-0.08,0.37
2020-12-21,002186,10.53,10.49,10.66,10.28,18621,19432879.0,3.59,-0.94,-0.1,0.6
2020-12-22,002186,10.47,10.17,10.51,10.12,25181,26016299.0,3.72,-3.05,-0.32,0.82
2020-12-23,002186,10.15,10.3,10.45,10.15,18105,18661175.0,2.95,1.28,0.13,0.59
2020-12-24,002186,10.39,10.03,10.4,10.01,18585,18884961.0,3.79,-2.62,-0.27,0.6
2020-12-25,002186,10.0,10.1,10.23,9.92,10069,10152844.0,3.09,0.7,0.07,0.33
2020-12-28,002186,9.95,9.85,9.95,9.58,26082,25401904.0,3.66,-2.48,-0.25,0.85
2020-12-29,002186,9.76,9.78,9.96,9.67,15023,14743158.0,2.94,-0.71,-0.07,0.49
2020-12-30,002186,9.86,9.71,9.86,9.66,13894,13510331.0,2.04,-0.72,-0.07,0.45
2020-12-31,002186,9.72,10.08,10.12,9.71,17498,17406629.0,4.22,3.81,0.37,0.57
2021-01-04,002186,10.07,9.96,10.07,9.85,21896,21754275.0,2.18,-1.19,-0.12,0.71
2021-01-05,002186,9.96,9.83,9.98,9.63,26694,26092243.0,3.51,-1.31,-0.13,0.87
2021-01-06,002186,9.88,10.04,10.16,9.66,33063,32831966.0,5.09,2.14,0.21,1.07
2021-01-07,002186,9.96,9.77,9.98,9.74,21169,20858294.0,2.39,-2.69,-0.27,0.69
2021-01-08,002186,9.78,9.74,9.85,9.59,13199,12830227.0,2.66,-0.31,-0.03,0.43
2021-01-11,002186,9.74,9.32,9.74,9.21,29603,27906143.0,5.44,-4.31,-0.42,0.96
2021-01-12,002186,9.31,9.37,9.45,9.18,11367,10608711.0,2.9,0.54,0.05,0.37
2021-01-13,002186,9.38,9.51,9.58,9.13,21969,20544758.0,4.8,1.49,0.14,0.71
2021-01-14,002186,9.4,9.3,9.42,9.23,17137,15944228.0,2.0,-2.21,-0.21,0.56
2021-01-15,002186,9.23,9.34,9.39,9.23,9400,8770046.0,1.72,0.43,0.04,0.31
2021-01-18,002186,9.34,9.54,9.63,9.3,14419,13693999.0,3.53,2.14,0.2,0.47
2021-01-19,002186,9.61,9.89,9.9,9.5,19774,19258194.0,4.19,3.67,0.35,0.64
2021-01-20,002186,9.8,9.82,9.9,9.68,14032,13747674.0,2.22,-0.71,-0.07,0.46
2021-01-21,002186,9.82,9.8,9.83,9.69,10585,10346508.0,1.43,-0.2,-0.02,0.34
2021-01-22,002186,9.78,9.5,9.79,9.45,13793,13183936.0,3.47,-3.06,-0.3,0.45
2021-01-25,002186,9.48,9.38,9.5,9.25,14318,13378462.0,2.63,-1.26,-0.12,0.46
2021-01-26,002186,9.3,9.35,9.45,9.22,8928,8362169.0,2.45,-0.32,-0.03,0.29
2021-01-27,002186,9.4,9.41,9.52,9.28,10714,10068597.0,2.57,0.64,0.06,0.35
2021-01-28,002186,9.32,9.55,9.67,9.31,17260,16509876.0,3.83,1.49,0.14,0.56
2021-01-29,002186,9.48,9.84,9.84,9.31,28986,27874652.0,5.55,3.04,0.29,0.94
2021-02-01,002186,9.86,9.73,10.19,9.61,20199,19823259.0,5.89,-1.12,-0.11,0.66
2021-02-02,002186,9.71,9.47,9.81,9.47,27477,26366179.0,3.49,-2.67,-0.26,0.89
2021-02-03,002186,9.47,9.84,10.23,9.4,36960,36224759.0,8.76,3.91,0.37,1.2
2021-02-04,002186,9.8,9.56,9.83,9.39,23594,22539248.0,4.47,-2.85,-0.28,0.77
2021-02-05,002186,9.55,9.55,9.67,9.47,12134,11598873.0,2.09,-0.1,-0.01,0.39
2021-02-08,002186,9.49,9.83,9.95,9.44,22711,22159532.0,5.34,2.93,0.28,0.74
2021-02-09,002186,9.78,9.82,9.95,9.7,20221,19869149.0,2.54,-0.1,-0.01,0.66
2021-02-10,002186,9.88,9.83,9.93,9.78,14402,14172116.0,1.53,0.1,0.01,0.47
2021-02-18,002186,9.99,9.96,10.16,9.94,28660,28743397.0,2.24,1.32,0.13,0.93
2021-02-19,002186,9.92,10.17,10.17,9.9,20052,20189501.0,2.71,2.11,0.21,0.65
2021-02-22,002186,10.18,10.18,10.38,10.08,30138,30802242.0,2.95,0.1,0.01,0.98
2021-02-23,002186,10.12,10.4,10.42,10.06,27451,28221620.0,3.54,2.16,0.22,0.89
2021-02-24,002186,10.4,10.7,10.83,10.32,43361,45974786.0,4.9,2.88,0.3,1.41
2021-02-25,002186,10.7,10.5,10.7,10.44,22263,23474248.0,2.43,-1.87,-0.2,0.72
2021-02-26,002186,10.34,10.3,10.42,10.14,18956,19494484.0,2.67,-1.9,-0.2,0.62
2021-03-01,002186,10.25,10.44,10.5,10.25,13403,13954620.0,2.43,1.36,0.14,0.44
2021-03-02,002186,10.48,10.42,10.68,10.36,19116,20097798.0,3.07,-0.19,-0.02,0.62
2021-03-03,002186,10.48,10.4,10.48,10.29,15079,15647173.0,1.82,-0.19,-0.02,0.49
2021-03-04,002186,10.35,10.21,10.45,10.2,17085,17601558.0,2.4,-1.83,-0.19,0.55
2021-03-05,002186,10.14,10.28,10.46,10.11,13540,13932517.0,3.43,0.69,0.07,0.44
2021-03-08,002186,10.3,10.12,10.36,10.12,13993,14350743.0,2.33,-1.56,-0.16,0.45
2021-03-09,002186,10.13,10.12,10.4,9.86,22615,22870326.0,5.34,0.0,0.0,0.73
2021-03-10,002186,10.17,9.89,10.25,9.88,16881,16890416.0,3.66,-2.27,-0.23,0.55
2021-03-11,002186,9.9,10.0,10.02,9.87,13888,13840007.0,1.52,1.11,0.11,0.45
2021-03-12,002186,9.98,10.07,10.17,9.93,14861,14938175.0,2.4,0.7,0.07,0.48
2021-03-15,002186,10.09,10.49,10.66,10.07,52954,55344962.0,5.86,4.17,0.42,1.72
2021-03-16,002186,10.51,10.82,10.88,10.46,55918,59875152.0,4.0,3.15,0.33,1.82
2021-03-17,002186,10.8,10.8,11.08,10.66,52924,57433943.0,3.88,-0.18,-0.02,1.72
2021-03-18,002186,10.77,10.66,11.0,10.57,46373,49747880.0,3.98,-1.3,-0.14,1.51
2021-03-19,002186,10.57,10.6,10.83,10.53,30307,32362040.0,2.81,-0.56,-0.06,0.98
2021-03-22,002186,10.58,10.7,10.77,10.56,26772,28554139.0,1.98,0.94,0.1,0.87
2021-03-23,002186,10.68,10.47,10.72,10.43,22267,23444896.0,2.71,-2.15,-0.23,0.72
2021-03-24,002186,10.47,10.33,10.6,10.3,18304,19109735.0,2.87,-1.34,-0.14,0.59
2021-03-25,002186,10.4,10.35,10.51,10.28,16633,17289690.0,2.23,0.19,0.02,0.54
2021-03-26,002186,10.42,10.64,10.64,10.32,24175,25451686.0,3.09,2.8,0.29,0.78
2021-03-29,002186,10.54,10.72,10.75,10.54,33527,35748025.0,1.97,0.75,0.08,1.09
2021-03-30,002186,10.61,10.36,10.71,10.31,29020,30363312.0,3.73,-3.36,-0.36,0.94
2021-03-31,002186,10.33,10.35,10.46,10.23,14564,15121459.0,2.22,-0.1,-0.01,0.47
2021-04-01,002186,10.36,10.66,10.86,10.13,46095,48434432.0,7.05,3.0,0.31,1.5
2021-04-02,002186,10.66,11.39,11.57,10.57,93535,103984667.0,9.38,6.85,0.73,3.04
2021-04-06,002186,11.36,11.14,11.54,11.04,65925,74126416.0,4.39,-2.19,-0.25,2.14
2021-04-07,002186,11.15,11.09,11.31,11.01,42773,47722542.0,2.69,-0.45,-0.05,1.39
2021-04-08,002186,11.09,10.9,11.16,10.8,42181,46198928.0,3.25,-1.71,-0.19,1.37
2021-04-09,002186,10.84,11.05,11.2,10.8,39291,43364461.0,3.67,1.38,0.15,1.28
2021-04-12,002186,11.15,11.07,11.7,10.98,66149,74719222.0,6.52,0.18,0.02,2.15
2021-04-13,002186,10.91,10.71,11.26,10.7,49565,54327415.0,5.06,-3.25,-0.36,1.61
2021-04-14,002186,10.65,11.12,11.25,10.62,52989,58660546.0,5.88,3.83,0.41,1.72
2021-04-15,002186,11.0,10.93,11.06,10.83,27216,29781638.0,2.07,-1.71,-0.19,0.88
2021-04-16,002186,10.93,11.16,11.29,10.88,34291,38274636.0,3.75,2.1,0.23,1.11
2021-04-19,002186,11.17,10.97,11.3,10.95,50257,55846117.0,3.14,-1.7,-0.19,1.63
2021-04-20,002186,10.9,10.98,11.28,10.82,46128,51143181.0,4.19,0.09,0.01,1.5
2021-04-21,002186,10.9,10.87,10.96,10.75,27316,29690114.0,1.91,-1.0,-0.11,0.89
2021-04-22,002186,10.87,10.73,10.96,10.71,27812,30047470.0,2.3,-1.29,-0.14,0.9
2021-04-23,002186,10.84,10.52,10.84,10.4,26371,27825511.0,4.1,-1.96,-0.21,0.86
2021-04-26,002186,10.53,10.51,10.67,10.47,22829,24141073.0,1.9,-0.1,-0.01,0.74
2021-04-27,002186,10.65,10.38,10.65,10.32,19938,20780433.0,3.14,-1.24,-0.13,0.65
2021-04-28,002186,10.39,10.43,10.51,10.26,16102,16775345.0,2.41,0.48,0.05,0.52
2021-04-29,002186,10.56,10.91,11.04,10.56,65638,71224998.0,4.6,4.6,0.48,2.13
2021-04-30,002186,10.86,10.86,10.86,10.65,27917,29995140.0,1.92,-0.46,-0.05,0.91
2021-05-06,002186,10.8,10.48,10.81,10.38,32404,34151034.0,3.96,-3.5,-0.38,1.05
2021-05-07,002186,10.44,10.37,10.48,10.31,18701,19448582.0,1.62,-1.05,-0.11,0.61
2021-05-10,002186,10.35,10.41,10.43,10.23,22204,22961961.0,1.93,0.39,0.04,0.72
2021-05-11,002186,10.36,10.37,10.44,10.3,17269,17926855.0,1.34,-0.38,-0.04,0.56
2021-05-12,002186,10.39,10.4,10.46,10.3,15502,16071664.0,1.54,0.29,0.03,0.5
2021-05-13,002186,10.34,10.43,10.61,10.21,22555,23620105.0,3.85,0.29,0.03,0.73
2021-05-14,002186,10.6,10.69,10.75,10.47,28620,30341725.0,2.68,2.49,0.26,0.93
2021-05-17,002186,10.58,10.66,10.69,10.4,32204,33925328.0,2.71,-0.28,-0.03,1.05
2021-05-18,002186,10.58,10.87,10.97,10.5,35474,38076904.0,4.41,1.97,0.21,1.15
2021-05-19,002186,10.81,10.87,11.04,10.79,52195,56992203.0,2.3,0.0,0.0,1.69
2021-05-20,002186,10.78,10.88,10.98,10.74,40352,43775676.0,2.21,0.09,0.01,1.31
2021-05-21,002186,10.88,10.94,11.05,10.7,50319,54902163.0,3.22,0.55,0.06,1.63
2021-05-24,002186,10.91,11.23,11.39,10.87,67303,74961753.0,4.75,2.65,0.29,2.18
2021-05-25,002186,11.19,11.22,11.41,11.05,53650,60067944.0,3.21,-0.09,-0.01,1.74
2021-05-26,002186,11.21,11.56,11.65,11.14,63959,73278086.0,4.55,3.03,0.34,2.08
2021-05-27,002186,11.6,11.95,11.99,11.44,71425,84223524.0,4.76,3.37,0.39,2.32
2021-05-28,002186,11.92,12.05,12.52,11.92,98925,120152352.0,5.02,0.84,0.1,3.21
2021-05-31,002186,12.05,12.07,12.1,11.85,54386,65220844.0,2.07,0.17,0.02,1.77
2021-06-01,002186,12.04,12.12,12.25,11.8,44618,53878899.0,3.73,0.41,0.05,1.45
2021-06-02,002186,12.07,12.03,12.32,11.92,47785,57896097.0,3.3,-0.74,-0.09,1.55
2021-06-03,002186,12.03,12.22,12.32,11.99,37779,46107548.0,2.74,1.58,0.19,1.23
2021-06-04,002186,12.19,12.18,12.5,12.03,49198,60174778.0,3.85,-0.33,-0.04,1.6
2021-06-07,002186,12.13,11.86,12.2,11.83,54883,65577472.0,3.04,-2.63,-0.32,1.78
2021-06-08,002186,11.96,11.84,12.03,11.69,36585,43296748.0,2.87,-0.17,-0.02,1.19
2021-06-09,002186,11.86,11.62,11.96,11.57,35982,42156589.0,3.29,-1.86,-0.22,1.17
2021-06-10,002186,11.62,11.42,11.68,11.4,41355,47649492.0,2.41,-1.72,-0.2,1.34
2021-06-11,002186,11.48,11.16,11.56,11.13,47417,53578553.0,3.77,-2.28,-0.26,1.54
2021-06-15,002186,11.17,11.05,11.26,11.02,31543,35151081.0,2.15,-0.99,-0.11,1.02
2021-06-16,002186,11.01,10.82,11.1,10.79,30495,33288358.0,2.81,-2.08,-0.23,0.99
2021-06-17,002186,10.76,10.62,10.88,10.6,33600,36010478.0,2.59,-1.85,-0.2,1.09
2021-06-18,002186,10.66,10.78,10.82,10.59,30044,32237192.0,2.17,1.51,0.16,0.98
2021-06-21,002186,10.73,10.63,10.81,10.52,37501,39993945.0,2.69,-1.39,-0.15,1.22
2021-06-22,002186,10.66,10.63,10.84,10.54,35836,38225415.0,2.82,0.0,0.0,1.16
2021-06-23,002186,10.68,10.7,11.04,10.66,60613,65569214.0,3.57,0.66,0.07,1.97
2021-06-24,002186,10.69,10.23,10.7,10.21,59415,61716851.0,4.58,-4.39,-0.47,1.93
2021-06-25,002186,10.25,10.28,10.33,10.23,24689,25379848.0,0.98,0.49,0.05,0.8
2021-06-28,002186,10.3,10.34,10.39,10.16,28537,29339433.0,2.24,0.58,0.06,0.93
2021-06-29,002186,10.36,10.49,10.65,10.27,46231,48367423.0,3.68,1.45,0.15,1.5
2021-06-30,002186,10.42,10.46,10.49,10.28,24231,25157632.0,2.0,-0.29,-0.03,0.79
2021-07-01,002186,10.5,10.46,10.67,10.4,35478,37457400.0,2.58,0.0,0.0,1.15
2021-07-02,002186,10.62,10.33,10.69,10.3,35170,36894583.0,3.73,-1.24,-0.13,1.14
2021-07-05,002186,10.29,10.4,10.47,10.23,20269,20981051.0,2.32,0.68,0.07,0.66
2021-07-06,002186,10.35,10.34,10.42,10.26,22075,22806148.0,1.54,-0.58,-0.06,0.72
2021-07-07,002186,10.28,10.36,10.4,10.25,15855,16393080.0,1.45,0.19,0.02,0.51
2021-07-08,002186,10.36,10.49,10.53,10.22,38552,40106624.0,2.99,1.25,0.13,1.25
2021-07-09,002186,10.4,10.31,10.42,10.17,32428,33354628.0,2.38,-1.72,-0.18,1.05
2021-07-12,002186,10.29,10.14,10.3,10.12,36570,37224264.0,1.75,-1.65,-0.17,1.19
2021-07-13,002186,10.12,10.11,10.24,10.09,21296,21627223.0,1.48,-0.3,-0.03,0.69
2021-07-14,002186,10.05,10.05,10.27,9.99,30690,30971733.0,2.77,-0.59,-0.06,1.0
2021-07-15,002186,10.19,10.19,10.27,10.11,28189,28740349.0,1.59,1.39,0.14,0.92
2021-07-16,002186,10.19,10.36,10.4,10.15,23592,24318148.0,2.45,1.67,0.17,0.77
2021-07-19,002186,10.31,10.49,10.55,10.22,36718,38271188.0,3.19,1.25,0.13,1.19
2021-07-20,002186,10.46,10.51,10.56,10.36,23715,24823093.0,1.91,0.19,0.02,0.77
2021-07-21,002186,10.54,10.42,10.54,10.38,23698,24705468.0,1.52,-0.86,-0.09,0.77
2021-07-22,002186,10.38,10.3,10.52,10.24,30659,31744509.0,2.69,-1.15,-0.12,1.0
2021-07-23,002186,10.26,10.1,10.33,10.05,28457,28871321.0,2.72,-1.94,-0.2,0.92
2021-07-26,002186,10.08,9.69,10.1,9.68,32038,31541131.0,4.16,-4.06,-0.41,1.04
2021-07-27,002186,9.68,9.63,9.79,9.61,17406,16868376.0,1.86,-0.62,-0.06,0.57
2021-07-28,002186,9.67,9.26,9.68,9.23,20944,19655957.0,4.67,-3.84,-0.37,0.68
2021-07-29,002186,9.31,9.16,9.37,9.11,34649,31833613.0,2.81,-1.08,-0.1,1.12
2021-07-30,002186,9.17,9.07,9.21,8.95,34522,31161831.0,2.84,-0.98,-0.09,1.12
2021-08-02,002186,8.99,9.05,9.13,8.84,26875,24128423.0,3.2,-0.22,-0.02,0.87
2021-08-03,002186,9.03,9.12,9.23,8.98,21766,19895240.0,2.76,0.77,0.07,0.71
2021-08-04,002186,9.11,9.1,9.2,9.02,14321,13035699.0,1.97,-0.22,-0.02,0.46
2021-08-05,002186,9.06,9.05,9.15,9.04,15444,14017472.0,1.21,-0.55,-0.05,0.5
2021-08-06,002186,9.06,8.94,9.06,8.91,18987,16987744.0,1.66,-1.22,-0.11,0.62
2021-08-09,002186,8.94,9.16,9.18,8.94,21664,19721853.0,2.68,2.46,0.22,0.7
2021-08-10,002186,9.16,9.15,9.18,9.08,16133,14714341.0,1.09,-0.11,-0.01,0.52
2021-08-11,002186,9.15,9.17,9.23,9.1,17059,15661791.0,1.42,0.22,0.02,0.55
2021-08-12,002186,9.2,9.14,9.23,9.12,12504,11448399.0,1.2,-0.33,-0.03,0.41
2021-08-13,002186,9.14,9.07,9.16,9.03,13652,12395299.0,1.42,-0.77,-0.07,0.44
2021-08-16,002186,9.11,9.17,9.26,9.09,19099,17527441.0,1.87,1.1,0.1,0.62
2021-08-17,002186,9.35,9.03,9.35,9.02,25676,23514546.0,3.6,-1.53,-0.14,0.83
2021-08-18,002186,9.03,9.31,9.31,8.99,32283,29724768.0,3.54,3.1,0.28,1.05
2021-08-19,002186,9.31,9.27,9.42,9.21,22607,21018502.0,2.26,-0.43,-0.04,0.73
2021-08-20,002186,9.35,9.38,9.42,9.22,20751,19343665.0,2.16,1.19,0.11,0.67
2021-08-23,002186,9.38,9.43,9.47,9.3,26389,24798262.0,1.81,0.53,0.05,0.86
2021-08-24,002186,9.4,9.95,10.28,9.36,56639,54935734.0,9.76,5.51,0.52,1.84
2021-08-25,002186,9.83,9.62,9.83,9.58,49399,47766159.0,2.51,-3.32,-0.33,1.6
2021-08-26,002186,9.69,9.68,9.76,9.58,26130,25265751.0,1.87,0.62,0.06,0.85
2021-08-27,002186,9.7,9.61,9.7,9.5,20052,19243084.0,2.07,-0.72,-0.07,0.65
2021-08-30,002186,9.65,9.66,9.74,9.59,24069,23244563.0,1.56,0.52,0.05,0.78
2021-08-31,002186,9.77,9.66,9.93,9.6,29295,28537235.0,3.42,0.0,0.0,0.95
2021-09-01,002186,9.69,9.85,9.88,9.61,35578,34822688.0,2.8,1.97,0.19,1.15
2021-09-02,002186,9.9,10.02,10.12,9.85,46287,46430090.0,2.74,1.73,0.17,1.5
2021-09-03,002186,10.0,10.18,10.26,9.97,43079,43672704.0,2.89,1.6,0.16,1.4
2021-09-06,002186,10.14,10.18,10.31,10.06,34506,35159476.0,2.46,0.0,0.0,1.12
2021-09-07,002186,10.22,10.17,10.29,10.08,26580,27076914.0,2.06,-0.1,-0.01,0.86
2021-09-08,002186,10.2,10.26,10.34,10.12,32024,32882224.0,2.16,0.88,0.09,1.04
2021-09-09,002186,10.23,10.24,10.35,10.15,24327,24954815.0,1.95,-0.19,-0.02,0.79
2021-09-10,002186,10.27,10.27,10.47,10.19,41821,43204813.0,2.73,0.29,0.03,1.36
2021-09-13,002186,10.08,10.06,10.1,9.9,50256,50185779.0,1.95,-2.04,-0.21,1.63
2021-09-14,002186,10.06,9.95,10.16,9.85,30912,30858636.0,3.08,-1.09,-0.11,1.0
2021-09-15,002186,9.95,9.96,10.05,9.61,25427,25127417.0,4.42,0.1,0.01,0.83
2021-09-16,002186,10.0,10.03,10.11,9.88,26794,26806114.0,2.31,0.7,0.07,0.87
2021-09-17,002186,9.95,9.94,10.02,9.82,29724,29433305.0,1.99,-0.9,-0.09,0.96
2021-09-22,002186,9.8,9.73,9.89,9.69,27405,26744554.0,2.01,-2.11,-0.21,0.89
2021-09-23,002186,9.74,9.85,9.9,9.74,18637,18345284.0,1.64,1.23,0.12,0.6
2021-09-24,002186,9.85,9.79,10.04,9.77,37632,37069148.0,2.74,-0.61,-0.06,1.22
2021-09-27,002186,9.81,9.53,9.88,9.53,30278,29289805.0,3.58,-2.66,-0.26,0.98
2021-09-28,002186,9.54,9.56,9.61,9.44,16134,15361837.0,1.78,0.31,0.03,0.52
2021-09-29,002186,9.56,9.35,9.56,9.35,17019,16029217.0,2.2,-2.2,-0.21,0.55
2021-09-30,002186,9.4,9.52,9.58,9.36,14625,13848270.0,2.35,1.82,0.17,0.47
2021-10-08,002186,9.52,9.74,9.86,9.51,31182,30406774.0,3.68,2.31,0.22,1.01
2021-10-11,002186,9.73,9.72,9.85,9.58,21644,20950490.0,2.77,-0.21,-0.02,0.7
2021-10-12,002186,9.72,9.55,9.75,9.52,15616,15039204.0,2.37,-1.75,-0.17,0.51
2021-10-13,002186,9.52,9.63,9.71,9.5,15442,14856429.0,2.2,0.84,0.08,0.5
2021-10-14,002186,9.63,9.77,9.87,9.56,32070,31302934.0,3.22,1.45,0.14,1.04
2021-10-15,002186,9.61,9.62,9.83,9.56,29424,28495680.0,2.76,-1.54,-0.15,0.96
2021-10-18,002186,9.51,9.55,9.63,9.51,14242,13647560.0,1.25,-0.73,-0.07,0.46
2021-10-19,002186,9.55,9.39,9.6,9.37,31285,29554900.0,2.41,-1.68,-0.16,1.02
2021-10-20,002186,9.39,9.21,9.45,9.17,26237,24311318.0,2.98,-1.92,-0.18,0.85
2021-10-21,002186,9.21,9.14,9.26,9.11,12998,11940744.0,1.63,-0.76,-0.07,0.42
2021-10-22,002186,9.13,9.15,9.19,9.11,14327,13111474.0,0.88,0.11,0.01,0.47
2021-10-25,002186,9.13,9.2,9.26,9.04,11607,10651672.0,2.4,0.55,0.05,0.38
2021-10-26,002186,9.19,9.22,9.28,9.18,12007,11075150.0,1.09,0.22,0.02,0.39
2021-10-27,002186,9.2,8.95,9.21,8.89,23610,21233039.0,3.47,-2.93,-0.27,0.77
2021-10-28,002186,8.96,8.91,8.97,8.86,11904,10607459.0,1.23,-0.45,-0.04,0.39
2021-10-29,002186,8.91,8.95,9.03,8.88,11521,10328442.0,1.68,0.45,0.04,0.37
2021-11-01,002186,8.96,8.89,8.96,8.75,17487,15523470.0,2.35,-0.67,-0.06,0.57
2021-11-02,002186,8.89,8.72,8.95,8.66,15677,13796265.0,3.26,-1.91,-0.17,0.51
2021-11-03,002186,8.72,8.8,8.82,8.61,12979,11330612.0,2.41,0.92,0.08,0.42
2021-11-04,002186,8.81,8.86,8.88,8.76,9464,8359769.0,1.36,0.68,0.06,0.31
2021-11-05,002186,8.85,8.86,9.07,8.78,17493,15508141.0,3.27,0.0,0.0,0.57
2021-11-08,002186,8.89,9.01,9.17,8.89,26958,24463103.0,3.16,1.69,0.15,0.88
2021-11-09,002186,8.99,9.14,9.18,8.95,20545,18722258.0,2.55,1.44,0.13,0.67
2021-11-10,002186,9.14,9.11,9.16,9.0,20682,18776287.0,1.75,-0.33,-0.03,0.67
2021-11-11,002186,9.11,9.11,9.2,9.08,20037,18309164.0,1.32,0.0,0.0,0.65
2021-11-12,002186,9.12,9.1,9.14,9.04,11872,10793101.0,1.1,-0.11,-0.01,0.39
2021-11-15,002186,9.04,9.19,9.24,9.04,14905,13641342.0,2.2,0.99,0.09,0.48
2021-11-16,002186,9.19,9.03,9.23,9.02,17982,16366155.0,2.29,-1.74,-0.16,0.58
2021-11-17,002186,9.05,9.07,9.14,9.01,17270,15664527.0,1.44,0.44,0.04,0.56
2021-11-18,002186,9.07,8.99,9.13,8.98,12451,11243733.0,1.65,-0.88,-0.08,0.4
2021-11-19,002186,9.0,9.03,9.04,8.95,11701,10528182.0,1.0,0.44,0.04,0.38
2021-11-22,002186,9.05,9.02,9.07,9.0,13748,12415661.0,0.78,-0.11,-0.01,0.45
2021-11-23,002186,9.02,8.99,9.04,8.96,14283,12838495.0,0.89,-0.33,-0.03,0.46
2021-11-24,002186,8.96,8.95,9.0,8.86,14227,12700123.0,1.56,-0.44,-0.04,0.46
2021-11-25,002186,8.96,8.97,9.0,8.94,10600,9505418.0,0.67,0.22,0.02,0.34
2021-11-26,002186,8.9,8.89,8.98,8.87,14210,12643099.0,1.23,-0.89,-0.08,0.46
2021-11-29,002186,8.84,8.83,8.85,8.7,17429,15280565.0,1.69,-0.67,-0.06,0.57
2021-11-30,002186,8.86,8.88,8.95,8.83,14505,12878388.0,1.36,0.57,0.05,0.47
2021-12-01,002186,8.9,8.95,8.96,8.81,12174,10833244.0,1.69,0.79,0.07,0.4
2021-12-02,002186,8.94,8.93,8.98,8.88,12724,11356192.0,1.12,-0.22,-0.02,0.41
2021-12-03,002186,8.94,8.95,8.96,8.9,8798,7861600.0,0.67,0.22,0.02,0.29
2021-12-06,002186,8.95,8.97,9.02,8.88,18367,16440275.0,1.56,0.22,0.02,0.6
2021-12-07,002186,8.99,8.94,9.06,8.9,22581,20304355.0,1.78,-0.33,-0.03,0.73
2021-12-08,002186,8.92,8.91,8.99,8.9,13377,11943644.0,1.01,-0.34,-0.03,0.43
2021-12-09,002186,8.91,9.0,9.04,8.9,17786,15968233.0,1.57,1.01,0.09,0.58
2021-12-10,002186,9.0,9.06,9.07,8.98,27091,24446918.0,1.0,0.67,0.06,0.88
2021-12-13,002186,9.06,9.06,9.09,9.01,19673,17780553.0,0.88,0.0,0.0,0.64
2021-12-14,002186,9.05,9.11,9.22,8.98,22881,20794153.0,2.65,0.55,0.05,0.74
2021-12-15,002186,9.11,9.12,9.22,9.03,22146,20208229.0,2.09,0.11,0.01,0.72
2021-12-16,002186,9.1,9.13,9.14,9.01,20060,18235720.0,1.43,0.11,0.01,0.65
2021-12-17,002186,9.1,9.07,9.12,9.03,19391,17578619.0,0.99,-0.66,-0.06,0.63
2021-12-20,002186,9.03,9.04,9.16,8.97,32454,29440425.0,2.09,-0.33,-0.03,1.05
2021-12-21,002186,9.01,9.32,9.34,9.01,74030,67947361.0,3.65,3.1,0.28,2.4
2021-12-22,002186,9.26,9.22,9.37,9.18,30103,27881332.0,2.04,-1.07,-0.1,0.98
2021-12-23,002186,9.23,9.28,9.51,9.17,59194,55360789.0,3.69,0.65,0.06,1.92
2021-12-24,002186,9.34,9.38,9.42,9.27,35401,33129244.0,1.62,1.08,0.1,1.15
2021-12-27,002186,9.37,9.45,9.59,9.36,45995,43654248.0,2.45,0.75,0.07,1.49
2021-12-28,002186,9.49,9.66,9.79,9.34,50441,48175684.0,4.76,2.22,0.21,1.64
2021-12-29,002186,9.62,9.63,9.8,9.58,45325,43928696.0,2.28,-0.31,-0.03,1.47
2021-12-30,002186,9.63,9.62,9.7,9.51,39388,37755620.0,1.97,-0.1,-0.01,1.28
2021-12-31,002186,9.63,9.69,9.76,9.49,41446,39949802.0,2.81,0.73,0.07,1.35
2022-01-04,002186,9.66,10.04,10.09,9.66,68272,67630065.0,4.44,3.61,0.35,2.22
2022-01-05,002186,10.19,10.11,11.04,10.08,149722,155660522.0,9.56,0.7,0.07,4.86
2022-01-06,002186,10.0,10.41,10.91,9.99,118829,123488884.0,9.1,2.97,0.3,3.86
2022-01-07,002186,10.41,10.46,10.81,10.35,117334,123844500.0,4.42,0.48,0.05,3.81
2022-01-10,002186,10.3,10.4,10.48,10.13,70235,72674634.0,3.35,-0.57,-0.06,2.28
2022-01-11,002186,10.37,10.4,10.63,10.3,69691,72749608.0,3.17,0.0,0.0,2.26
2022-01-12,002186,10.45,11.18,11.34,10.33,177041,192605192.0,9.71,7.5,0.78,5.75
2022-01-13,002186,11.11,12.3,12.3,10.95,335932,397573744.0,12.08,10.02,1.12,10.9
2022-01-14,002186,12.35,11.86,13.07,11.7,377218,465841792.0,11.14,-3.58,-0.44,12.25
2022-01-17,002186,11.48,11.42,11.74,11.05,239535,271504528.0,5.82,-3.71,-0.44,7.78
2022-01-18,002186,11.2,10.5,11.24,10.46,199973,214172960.0,6.83,-8.06,-0.92,6.49
2022-01-19,002186,10.45,10.6,10.68,10.44,110331,116681145.0,2.29,0.95,0.1,3.58
2022-01-20,002186,10.66,10.21,10.8,10.18,99908,104162952.0,5.85,-3.68,-0.39,3.24
2022-01-21,002186,10.22,10.16,10.6,10.16,99249,103289037.0,4.31,-0.49,-0.05,3.22
2022-01-24,002186,10.22,10.33,10.45,10.04,72347,74530004.0,4.04,1.67,0.17,2.35
2022-01-25,002186,10.25,9.81,10.3,9.81,83534,83809461.0,4.74,-5.03,-0.52,2.71
2022-01-26,002186,9.85,9.83,10.14,9.61,68225,67166464.0,5.4,0.2,0.02,2.21
2022-01-27,002186,9.86,9.4,9.86,9.33,62951,59956344.0,5.39,-4.37,-0.43,2.04
2022-01-28,002186,9.4,10.08,10.2,9.4,103872,102687421.0,8.51,7.23,0.68,3.37
2022-02-07,002186,9.99,9.7,9.99,9.53,66818,64878527.0,4.56,-3.77,-0.38,2.17
2022-02-08,002186,9.74,10.01,10.19,9.74,64047,63926019.0,4.64,3.2,0.31,2.08
2022-02-09,002186,10.1,10.05,10.16,9.94,45418,45580859.0,2.2,0.4,0.04,1.47
2022-02-10,002186,10.08,10.12,10.12,9.97,53147,53404944.0,1.49,0.7,0.07,1.73
2022-02-11,002186,9.95,9.99,10.25,9.91,82873,83387305.0,3.36,-1.28,-0.13,2.69
2022-02-14,002186,9.9,10.33,10.4,9.89,121703,125009067.0,5.11,3.4,0.34,3.95
2022-02-15,002186,10.19,9.98,10.25,9.86,78469,78518385.0,3.78,-3.39,-0.35,2.55
2022-02-16,002186,10.01,9.98,10.11,9.87,45106,45013738.0,2.4,0.0,0.0,1.46
2022-02-17,002186,9.89,9.75,9.92,9.71,48687,47612035.0,2.1,-2.3,-0.23,1.58
2022-02-18,002186,9.71,9.75,9.8,9.66,31768,30960008.0,1.44,0.0,0.0,1.03
2022-02-21,002186,9.77,9.7,9.82,9.63,52339,50741957.0,1.95,-0.51,-0.05,1.7
2022-02-22,002186,9.7,9.44,9.71,9.39,53189,50560663.0,3.3,-2.68,-0.26,1.73
2022-02-23,002186,9.44,9.41,9.54,9.39,39282,37098131.0,1.59,-0.32,-0.03,1.28
2022-02-24,002186,9.41,9.03,9.46,8.91,75965,69829842.0,5.84,-4.04,-0.38,2.47
2022-02-25,002186,9.07,9.0,9.14,8.98,41335,37414300.0,1.77,-0.33,-0.03,1.34
2022-02-28,002186,9.05,8.95,9.05,8.82,34503,30741393.0,2.56,-0.56,-0.05,1.12
2022-03-01,002186,8.95,9.1,9.15,8.94,51367,46628030.0,2.35,1.68,0.15,1.67
2022-03-02,002186,9.05,9.1,9.22,9.05,40240,36762151.0,1.87,0.0,0.0,1.31
2022-03-03,002186,9.18,9.19,9.28,9.13,48765,44893975.0,1.65,0.99,0.09,1.58
2022-03-04,002186,9.1,9.08,9.24,9.06,33111,30235626.0,1.96,-1.2,-0.11,1.07
2022-03-07,002186,9.02,8.96,9.12,8.93,29554,26594537.0,2.09,-1.32,-0.12,0.96
2022-03-08,002186,9.09,8.81,9.09,8.77,38684,34295592.0,3.57,-1.67,-0.15,1.26
2022-03-09,002186,8.72,8.63,8.86,8.36,38888,33598472.0,5.68,-2.04,-0.18,1.26
2022-03-10,002186,8.75,8.77,8.87,8.71,35970,31660156.0,1.85,1.62,0.14,1.17
2022-03-11,002186,8.67,8.92,9.0,8.55,31283,27363066.0,5.13,1.71,0.15,1.02
2022-03-14,002186,8.8,8.67,8.95,8.67,27360,24087613.0,3.14,-2.8,-0.25,0.89
2022-03-15,002186,8.63,8.23,8.67,8.23,39771,33674151.0,5.07,-5.07,-0.44,1.29
2022-03-16,002186,8.39,8.71,8.74,8.31,56496,48251710.0,5.22,5.83,0.48,1.83
2022-03-17,002186,8.73,8.75,8.86,8.68,48571,42610455.0,2.07,0.46,0.04,1.58
2022-03-18,002186,8.7,8.77,8.91,8.66,40549,35768273.0,2.86,0.23,0.02,1.32
2022-03-21,002186,8.74,8.94,9.0,8.74,38446,34123772.0,2.96,1.94,0.17,1.25
2022-03-22,002186,8.89,8.9,8.95,8.81,28968,25720178.0,1.57,-0.45,-0.04,0.94
2022-03-23,002186,8.9,8.89,8.95,8.81,22126,19648157.0,1.57,-0.11,-0.01,0.72
2022-03-24,002186,8.85,8.8,8.86,8.74,22009,19337173.0,1.35,-1.01,-0.09,0.71
2022-03-25,002186,8.8,8.86,8.98,8.76,25495,22627494.0,2.5,0.68,0.06,0.83
2022-03-28,002186,8.79,8.88,8.92,8.76,24989,22107841.0,1.81,0.23,0.02,0.81
2022-03-29,002186,8.88,8.95,9.16,8.87,42699,38553141.0,3.27,0.79,0.07,1.39
2022-03-30,002186,8.91,9.0,9.0,8.85,27012,24117351.0,1.68,0.56,0.05,0.88
2022-03-31,002186,8.93,9.09,9.15,8.91,35483,32189376.0,2.67,1.0,0.09,1.15
2022-04-01,002186,9.07,9.34,9.49,9.06,71282,66287474.0,4.73,2.75,0.25,2.31
2022-04-06,002186,9.2,9.34,9.42,9.15,57103,53285776.0,2.89,0.0,0.0,1.85
2022-04-07,002186,9.42,9.09,9.42,9.09,43009,39627312.0,3.53,-2.68,-0.25,1.4
2022-04-08,002186,9.16,9.06,9.16,8.8,50803,45453094.0,3.96,-0.33,-0.03,1.65
2022-04-11,002186,9.09,9.01,9.3,8.94,47806,43640713.0,3.97,-0.55,-0.05,1.55
2022-04-12,002186,8.93,9.8,9.81,8.93,106439,99896553.0,9.77,8.77,0.79,3.46
2022-04-13,002186,9.64,9.42,9.7,9.31,106647,101206312.0,3.98,-3.88,-0.38,3.46
2022-04-14,002186,9.42,9.6,9.73,9.24,84298,80214706.0,5.2,1.91,0.18,2.74
2022-04-15,002186,9.5,9.18,9.63,9.11,69853,65364106.0,5.42,-4.38,-0.42,2.27
2022-04-18,002186,9.18,9.32,9.39,8.99,56385,52069230.0,4.36,1.53,0.14,1.83
2022-04-19,002186,9.29,9.4,9.45,9.18,48891,45703750.0,2.9,0.86,0.08,1.59
2022-04-20,002186,9.4,9.66,9.75,9.36,87167,83664253.0,4.15,2.77,0.26,2.83
2022-04-21,002186,9.63,9.09,9.65,9.03,81889,75866284.0,6.42,-5.9,-0.57,2.66
2022-04-22,002186,8.95,8.6,9.0,8.55,71978,62422495.0,4.95,-5.39,-0.49,2.34
2022-04-25,002186,8.5,7.96,8.5,7.94,70138,57528417.0,6.51,-7.44,-0.64,2.28
2022-04-26,002186,8.0,7.65,8.05,7.61,47466,37217068.0,5.53,-3.89,-0.31,1.54
2022-04-27,002186,7.52,7.58,7.61,7.15,61163,45194571.0,6.01,-0.92,-0.07,1.99
2022-04-28,002186,7.48,7.23,7.61,7.11,47453,34768167.0,6.6,-4.62,-0.35,1.54
2022-04-29,002186,7.27,7.63,7.67,7.26,46620,34963090.0,5.67,5.53,0.4,1.51
2022-05-05,002186,7.59,7.66,7.82,7.4,33529,25649402.0,5.5,0.39,0.03,1.09
2022-05-06,002186,7.44,7.47,7.63,7.37,29963,22384787.0,3.39,-2.48,-0.19,0.97
2022-05-09,002186,7.46,7.59,7.72,7.44,33646,25606745.0,3.75,1.61,0.12,1.09
2022-05-10,002186,7.57,7.7,7.79,7.45,32940,25135956.0,4.48,1.45,0.11,1.07
2022-05-11,002186,7.68,7.69,7.95,7.64,41720,32610736.0,4.03,-0.13,-0.01,1.35
2022-05-12,002186,7.67,7.81,7.86,7.66,29168,22668619.0,2.6,1.56,0.12,0.95
2022-05-13,002186,7.82,7.9,7.92,7.76,30610,24051063.0,2.05,1.15,0.09,0.99
2022-05-16,002186,7.92,8.04,8.17,7.9,33076,26573493.0,3.42,1.77,0.14,1.07
2022-05-17,002186,8.05,7.98,8.13,7.83,23105,18335387.0,3.73,-0.75,-0.06,0.75
2022-05-18,002186,7.9,8.11,8.19,7.9,26787,21682053.0,3.63,1.63,0.13,0.87
2022-05-19,002186,7.99,8.26,8.3,7.99,28514,23423261.0,3.82,1.85,0.15,0.93
2022-05-20,002186,8.29,8.25,8.36,8.18,22069,18200735.0,2.18,-0.12,-0.01,0.72
2022-05-23,002186,8.2,8.27,8.32,8.2,25945,21460807.0,1.45,0.24,0.02,0.84
2022-05-24,002186,8.31,7.97,8.33,7.97,24045,19529569.0,4.35,-3.63,-0.3,0.78
2022-05-25,002186,7.97,8.14,8.21,7.92,22508,18234053.0,3.64,2.13,0.17,0.73
2022-05-26,002186,8.21,8.18,8.21,8.0,16391,13304192.0,2.58,0.49,0.04,0.53
2022-05-27,002186,8.13,8.31,8.36,8.13,30155,24951185.0,2.81,1.59,0.13,0.98
2022-05-30,002186,8.38,8.58,8.62,8.36,44291,37735676.0,3.13,3.25,0.27,1.44
2022-05-31,002186,8.57,8.59,8.76,8.45,36341,31373486.0,3.61,0.12,0.01,1.18
2022-06-01,002186,8.59,8.55,8.74,8.45,21931,18876387.0,3.38,-0.47,-0.04,0.71
2022-06-02,002186,8.54,8.43,8.69,8.37,22838,19287252.0,3.74,-1.4,-0.12,0.74
2022-06-06,002186,8.49,8.42,8.55,8.36,35507,29892384.0,2.25,-0.12,-0.01,1.15
2022-06-07,002186,8.45,8.31,8.47,8.27,31110,25960373.0,2.38,-1.31,-0.11,1.01
2022-06-08,002186,8.36,8.3,8.41,8.11,30339,25065019.0,3.61,-0.12,-0.01,0.98
2022-06-09,002186,8.35,8.03,8.35,7.97,32074,25935324.0,4.58,-3.25,-0.27,1.04
2022-06-10,002186,8.03,8.1,8.19,8.01,22180,17990139.0,2.24,0.87,0.07,0.72
2022-06-13,002186,8.03,7.99,8.13,7.92,31535,25197889.0,2.59,-1.36,-0.11,1.02
2022-06-14,002186,7.91,7.97,7.97,7.77,29164,22935360.0,2.5,-0.25,-0.02,0.95
2022-06-15,002186,7.97,8.04,8.11,7.94,26044,20943583.0,2.13,0.88,0.07,0.85
2022-06-16,002186,8.02,8.08,8.13,8.01,22866,18473825.0,1.49,0.5,0.04,0.74
2022-06-17,002186,8.07,8.01,8.11,7.93,20142,16131508.0,2.23,-0.87,-0.07,0.65
2022-06-20,002186,8.01,8.2,8.2,8.0,29980,24350534.0,2.5,2.37,0.19,0.97
2022-06-21,002186,8.16,8.14,8.25,8.03,25521,20784875.0,2.68,-0.73,-0.06,0.83
2022-06-22,002186,8.21,8.02,8.3,8.01,23469,19099855.0,3.56,-1.47,-0.12,0.76
2022-06-23,002186,8.02,8.09,8.11,8.0,16573,13357128.0,1.37,0.87,0.07,0.54
2022-06-24,002186,8.17,8.33,8.42,8.09,58781,48596270.0,4.08,2.97,0.24,1.91
2022-06-27,002186,8.4,8.52,8.63,8.4,64526,55046131.0,2.76,2.28,0.19,2.09
2022-06-28,002186,8.52,8.9,9.0,8.45,92795,81227481.0,6.46,4.46,0.38,3.01
2022-06-29,002186,8.99,8.85,9.1,8.81,83213,74308302.0,3.26,-0.56,-0.05,2.7
2022-06-30,002186,9.12,9.58,9.7,9.0,169635,159784772.0,7.91,8.25,0.73,5.51
2022-07-01,002186,9.22,8.82,9.45,8.79,107921,97095984.0,6.89,-7.93,-0.76,3.5
2022-07-04,002186,8.75,8.78,9.1,8.72,60295,53492509.0,4.31,-0.45,-0.04,1.96
2022-07-05,002186,8.74,8.63,8.9,8.58,55174,47890024.0,3.64,-1.71,-0.15,1.79
2022-07-06,002186,8.65,8.44,8.65,8.38,39088,33051291.0,3.13,-2.2,-0.19,1.27
2022-07-07,002186,8.44,8.31,8.47,8.28,35953,30126042.0,2.25,-1.54,-0.13,1.17
2022-07-08,002186,8.41,8.38,8.63,8.36,47991,40470239.0,3.25,0.84,0.07,1.56
2022-07-11,002186,8.29,8.41,8.45,8.29,33572,28118086.0,1.91,0.36,0.03,1.09
2022-07-12,002186,8.4,8.25,8.42,8.22,31588,26304731.0,2.38,-1.9,-0.16,1.03
2022-07-13,002186,8.28,8.35,8.42,8.25,22864,19110584.64,2.06,1.21,0.1,0.74
2022-07-14,002186,8.33,8.22,8.34,8.16,38671,31831141.0,2.16,-1.56,-0.13,1.26
2022-07-15,002186,8.22,8.09,8.27,8.08,29870,24307424.0,2.31,-1.58,-0.13,0.97
2022-07-18,002186,8.15,8.25,8.27,8.12,30595,25154351.0,1.85,1.98,0.16,0.99
2022-07-19,002186,8.35,8.3,8.39,8.24,29734,24696478.0,1.82,0.61,0.05,0.97
2022-07-20,002186,8.23,8.32,8.43,8.22,30572,25464080.0,2.53,0.24,0.02,0.99
2022-07-21,002186,8.32,8.21,8.38,8.21,21225,17563216.0,2.04,-1.32,-0.11,0.69
2022-07-22,002186,8.25,8.24,8.35,8.14,19496,16058937.0,2.56,0.37,0.03,0.63
2022-07-25,002186,8.22,8.16,8.27,8.13,16349,13390398.0,1.7,-0.97,-0.08,0.53
2022-07-26,002186,8.25,8.32,8.34,8.22,30599,25383456.96,1.47,1.96,0.16,0.99
2022-07-27,002186,8.25,8.28,8.34,8.22,20358,16855248.0,1.44,-0.48,-0.04,0.66
2022-07-28,002186,8.29,8.3,8.36,8.26,19761,16434804.0,1.21,0.24,0.02,0.64
2022-07-29,002186,8.31,8.16,8.34,8.15,21674,17781491.4,2.29,-1.69,-0.14,0.7
2022-08-01,002186,8.16,8.14,8.19,8.08,19204,15615015.88,1.35,-0.25,-0.02,0.62
2022-08-02,002186,8.11,7.79,8.11,7.64,47833,37324074.0,5.77,-4.3,-0.35,1.55
2022-08-03,002186,7.79,7.7,7.9,7.68,22130,17264762.0,2.82,-1.16,-0.09,0.72
2022-08-04,002186,7.79,7.87,7.87,7.72,15791,12326726.65,1.95,2.21,0.17,0.51
2022-08-05,002186,7.88,7.93,7.96,7.82,13271,10479928.0,1.78,0.76,0.06,0.43
2022-08-08,002186,7.87,7.93,7.97,7.82,9632,7626205.0,1.89,0.0,0.0,0.31
2022-08-09,002186,7.93,7.93,7.97,7.87,8621,6819766.0,1.26,0.0,0.0,0.28
2022-08-10,002186,7.9,7.92,7.95,7.87,8652,6842376.0,1.01,-0.13,-0.01,0.28
2022-08-11,002186,7.95,8.05,8.06,7.92,15420,12361117.0,1.77,1.64,0.13,0.5
2022-08-12,002186,8.01,8.06,8.1,8.0,13346,10752563.25,1.24,0.12,0.01,0.43
2022-08-15,002186,8.09,8.02,8.09,7.94,15956,12756506.0,1.86,-0.5,-0.04,0.52
2022-08-16,002186,8.03,8.06,8.08,7.99,11654,9362498.0,1.12,0.5,0.04,0.38
2022-08-17,002186,8.07,8.12,8.13,8.01,14958,12099286.0,1.49,0.74,0.06,0.49
2022-08-18,002186,8.13,8.02,8.14,7.98,14821,11897958.0,1.97,-1.23,-0.1,0.48
2022-08-19,002186,8.07,8.03,8.11,8.01,13375,10787207.08,1.25,0.12,0.01,0.43
2022-08-22,002186,8.01,8.08,8.1,7.95,13138,10576469.0,1.87,0.62,0.05,0.43
2022-08-23,002186,8.04,8.16,8.16,8.03,16340,13262172.92,1.61,0.99,0.08,0.53
2022-08-24,002186,8.16,8.04,8.2,8.03,21884,17737250.04,2.08,-1.47,-0.12,0.71
2022-08-25,002186,8.05,8.15,8.23,8.02,24315,19750835.2,2.61,1.37,0.11,0.79
2022-08-26,002186,8.15,8.26,8.33,8.1,31304,25865483.18,2.82,1.35,0.11,1.02
2022-08-29,002186,8.16,8.39,8.39,8.11,35939,29767777.0,3.39,1.57,0.13,1.17
2022-08-30,002186,8.39,8.36,8.42,8.31,32963,27605881.58,1.31,-0.36,-0.03,1.07
2022-08-31,002186,8.36,8.39,8.46,8.28,41520,34836302.78,2.15,0.36,0.03,1.35
2022-09-01,002186,8.43,8.49,8.56,8.3,47765,40287345.44,3.1,1.19,0.1,1.55
2022-09-02,002186,8.36,9.01,9.34,8.27,154802,138268979.33,12.6,6.12,0.52,5.03
2022-09-05,002186,8.8,8.6,8.93,8.44,127927,109899619.69,5.44,-4.55,-0.41,4.15
2022-09-06,002186,8.49,8.53,8.64,8.45,61312,52263526.0,2.21,-0.81,-0.07,1.99
2022-09-07,002186,8.59,8.42,8.59,8.41,46969,39921225.32,2.11,-1.29,-0.11,1.52
2022-09-08,002186,8.41,8.56,8.67,8.41,54651,46743405.0,3.09,1.66,0.14,1.77
2022-09-09,002186,8.43,8.46,8.5,8.33,31688,26668861.72,1.99,-1.17,-0.1,1.03
2022-09-13,002186,8.48,8.64,8.66,8.48,41278,35523932.27,2.13,2.13,0.18,1.34
2022-09-14,002186,8.55,8.63,8.67,8.5,23724,20393689.0,1.97,-0.12,-0.01,0.77
2022-09-15,002186,8.65,8.61,8.7,8.5,28088,24159273.0,2.32,-0.23,-0.02,0.91
2022-09-16,002186,8.6,8.47,8.8,8.46,38262,33102635.42,3.95,-1.63,-0.14,1.24
2022-09-19,002186,8.42,8.71,8.72,8.38,49452,42524044.02,4.01,2.83,0.24,1.61
2022-09-20,002186,8.64,8.9,8.9,8.51,52925,45910604.8,4.48,2.18,0.19,1.72
2022-09-21,002186,8.88,8.78,9.03,8.64,69542,61128857.8,4.38,-1.35,-0.12,2.26
2022-09-22,002186,8.74,8.59,8.81,8.55,44534,38531254.6,2.96,-2.16,-0.19,1.45
2022-09-23,002186,8.61,8.3,8.7,8.3,38145,32343177.0,4.66,-3.38,-0.29,1.24
2022-09-26,002186,8.31,8.38,8.62,8.21,43049,36610880.08,4.94,0.96,0.08,1.4
2022-09-27,002186,8.38,8.89,8.9,8.33,69448,60473236.0,6.8,6.09,0.51,2.25
2022-09-28,002186,8.98,8.65,9.0,8.65,45502,40157702.0,3.94,-2.7,-0.24,1.48
2022-09-29,002186,8.79,8.41,8.82,8.37,35861,30653942.72,5.2,-2.77,-0.24,1.16
2022-09-30,002186,8.36,8.44,8.97,8.31,73833,63075001.08,7.85,0.36,0.03,2.4
2022-10-10,002186,8.27,7.86,8.27,7.84,59254,47460775.66,5.09,-6.87,-0.58,1.92
2022-10-11,002186,7.98,7.78,7.98,7.64,31529,24366481.88,4.33,-1.02,-0.08,1.02
2022-10-12,002186,7.77,7.81,7.84,7.58,27310,21000565.44,3.34,0.39,0.03,0.89
2022-10-13,002186,7.75,7.81,7.9,7.71,21493,16774934.51,2.43,0.0,0.0,0.7
2022-10-14,002186,7.86,7.92,7.96,7.83,20614,16292664.66,1.66,1.41,0.11,0.67
2022-10-17,002186,7.94,7.99,8.01,7.83,17442,13839040.0,2.27,0.88,0.07,0.57
2022-10-18,002186,8.05,8.0,8.2,7.98,31315,25312410.0,2.75,0.13,0.01,1.02
2022-10-19,002186,7.95,8.01,8.22,7.93,29484,23762223.0,3.63,0.13,0.01,0.96
2022-10-20,002186,8.0,8.14,8.26,7.88,30916,25011381.04,4.74,1.62,0.13,1.0
2022-10-21,002186,8.08,8.02,8.13,8.0,19067,15369220.16,1.6,-1.47,-0.12,0.62
2022-10-24,002186,8.24,7.85,8.24,7.83,29222,23302837.9,5.11,-2.12,-0.17,0.95
2022-10-25,002186,7.81,7.94,8.02,7.81,23178,18373903.88,2.68,1.15,0.09,0.75
2022-10-26,002186,8.02,8.12,8.21,7.98,33248,26991281.2,2.9,2.27,0.18,1.08
2022-10-27,002186,8.12,8.25,8.42,8.12,33050,27368776.0,3.69,1.6,0.13,1.07
2022-10-28,002186,8.22,8.21,8.48,8.17,39951,33230603.95,3.76,-0.48,-0.04,1.3
2022-10-31,002186,8.08,8.12,8.38,8.07,34458,28213267.99,3.78,-1.1,-0.09,1.12
2022-11-01,002186,8.08,8.54,8.55,8.08,51720,43438319.6,5.79,5.17,0.42,1.68
2022-11-02,002186,8.46,8.82,8.92,8.45,70935,62189252.0,5.5,3.28,0.28,2.3
2022-11-03,002186,8.77,9.1,9.15,8.77,62678,56557293.08,4.31,3.17,0.28,2.03
2022-11-04,002186,9.1,9.25,9.43,9.1,77792,72209944.22,3.63,1.65,0.15,2.53
2022-11-07,002186,9.2,9.35,9.43,9.01,58094,54188306.24,4.54,1.08,0.1,1.89
2022-11-08,002186,9.4,9.26,9.45,9.21,45071,41896607.0,2.57,-0.96,-0.09,1.46
2022-11-09,002186,9.27,9.48,9.58,9.27,53072,50235739.08,3.35,2.38,0.22,1.72
2022-11-10,002186,9.44,9.75,9.84,9.38,67394,65179421.88,4.85,2.85,0.27,2.19
2022-11-11,002186,9.75,9.55,9.91,9.33,94319,90781020.61,5.95,-2.05,-0.2,3.06
2022-11-14,002186,9.37,9.5,9.64,9.36,48087,45633676.69,2.93,-0.52,-0.05,1.56
2022-11-15,002186,9.62,9.54,9.77,9.46,55753,53616012.56,3.26,0.42,0.04,1.81
2022-11-16,002186,9.68,9.57,9.74,9.48,38797,37249834.2,2.73,0.31,0.03,1.26
2022-11-17,002186,9.52,9.63,9.72,9.45,36032,34680860.0,2.82,0.63,0.06,1.17
2022-11-18,002186,9.73,9.42,9.75,9.4,36633,34831447.6,3.63,-2.18,-0.21,1.19
2022-11-21,002186,9.4,9.31,9.44,9.26,32675,30471492.36,1.91,-1.17,-0.11,1.06
2022-11-22,002186,9.31,9.08,9.4,9.05,27093,24946564.45,3.76,-2.47,-0.23,0.88
2022-11-23,002186,9.1,8.92,9.14,8.88,21192,19004578.4,2.86,-1.76,-0.16,0.69
2022-11-24,002186,8.96,8.79,9.03,8.76,21920,19365798.0,3.03,-1.46,-0.13,0.71
2022-11-25,002186,8.8,8.79,8.85,8.69,24168,21228033.0,1.82,0.0,0.0,0.78
2022-11-28,002186,8.66,9.04,9.05,8.56,46275,41270536.0,5.57,2.84,0.25,1.5
2022-11-29,002186,9.0,9.81,9.93,8.98,99200,94415162.8,10.51,8.52,0.77,3.22
2022-11-30,002186,9.85,9.88,9.96,9.58,87968,85741065.75,3.87,0.71,0.07,2.86
2022-12-01,002186,10.27,10.32,10.57,9.88,140503,142925994.73,6.98,4.45,0.44,4.56
2022-12-02,002186,10.2,10.89,10.89,10.2,147205,156607184.78,6.69,5.52,0.57,4.78
2022-12-05,002186,10.85,10.46,10.89,10.36,115904,122151080.0,4.87,-3.95,-0.43,3.76
2022-12-06,002186,10.4,10.5,10.63,10.35,75378,79003948.0,2.68,0.38,0.04,2.45
2022-12-07,002186,10.35,10.6,10.75,10.28,73881,77848283.8,4.48,0.95,0.1,2.4
2022-12-08,002186,10.58,10.74,10.8,10.48,60955,64832242.3,3.02,1.32,0.14,1.98
2022-12-09,002186,10.62,10.48,10.65,10.35,47728,50082482.0,2.79,-2.42,-0.26,1.55
2022-12-12,002186,10.49,10.39,10.56,10.31,53535,55878780.06,2.39,-0.86,-0.09,1.74
2022-12-13,002186,10.26,10.75,10.94,10.26,104361,112212148.69,6.54,3.46,0.36,3.39
2022-12-14,002186,10.88,11.83,11.83,10.8,170746,197029080.74,9.58,10.05,1.08,5.54
2022-12-15,002186,12.37,11.07,12.61,10.96,276884,316067454.0,13.95,-6.42,-0.76,8.99
2022-12-16,002186,10.91,12.18,12.18,10.9,179742,204823983.88,11.56,10.03,1.11,5.83
2022-12-19,002186,13.24,13.4,13.4,12.68,124919,164771149.8,5.91,10.02,1.22,4.06
2022-12-20,002186,14.49,14.74,14.74,14.03,342082,499831792.66,5.3,10.0,1.34,11.1
2022-12-21,002186,15.22,16.21,16.21,15.21,131444,207795038.49,6.78,9.97,1.47,4.27
2022-12-22,002186,17.83,17.83,17.83,17.83,41428,73865285.99,0.0,9.99,1.62,1.34
2022-12-23,002186,18.8,19.0,19.61,17.6,889420,1675758291.48,11.27,6.56,1.17,28.87
2022-12-26,002186,18.82,19.51,20.69,18.1,803354,1571551928.78,13.63,2.68,0.51,26.08
2022-12-27,002186,19.61,19.82,20.3,18.49,828458,1607269854.31,9.28,1.59,0.31,26.89
2022-12-28,002186,18.11,19.01,19.54,17.84,729948,1357679665.31,8.58,-4.09,-0.81,23.7
2022-12-29,002186,19.19,20.91,20.91,18.8,708899,1441413987.23,11.1,9.99,1.9,23.01
2022-12-30,002186,20.79,22.83,22.92,19.9,882035,1894211244.23,14.44,9.18,1.92,28.63
2023-01-10,002186,20.55,20.55,21.48,20.55,625053,1294666229.74,4.07,-9.99,-2.28,20.29
2023-01-11,002186,20.65,20.79,21.46,20.08,640960,1337610038.16,6.72,1.17,0.24,20.81
2023-01-12,002186,20.01,18.71,20.68,18.71,655424,1281351595.54,9.48,-10.0,-2.08,21.28
2023-01-13,002186,17.81,16.84,18.16,16.84,597184,1031412946.05,7.06,-9.99,-1.87,19.39
2023-01-16,002186,16.69,16.16,16.77,16.05,418226,679834702.4,4.28,-4.04,-0.68,13.58
2023-01-17,002186,16.29,16.64,16.65,15.73,467108,756420216.12,5.69,2.97,0.48,15.16
2023-01-18,002186,16.3,15.49,16.3,15.46,352456,559138574.44,5.05,-6.91,-1.15,11.44
2023-01-19,002186,15.31,15.09,15.67,15.07,251113,383547569.13,3.87,-2.58,-0.4,8.15
2023-01-20,002186,15.17,15.11,15.39,15.06,184134,279788566.45,2.19,0.13,0.02,5.98
2023-01-30,002186,15.36,15.28,15.47,15.13,200633,307282807.77,2.25,1.13,0.17,6.51
2023-01-31,002186,15.28,15.33,15.5,15.09,158175,241704988.79,2.68,0.33,0.05,5.13
2023-02-01,002186,15.39,15.37,15.44,15.12,180991,276567661.36,2.09,0.26,0.04,5.88
2023-02-02,002186,15.25,15.6,15.66,15.22,265060,410542242.9,2.86,1.5,0.23,8.6
2023-02-03,002186,15.66,15.17,15.68,15.14,200972,307747986.09,3.46,-2.76,-0.43,6.52
2023-02-06,002186,15.0,14.96,15.29,14.8,168203,253346621.09,3.23,-1.38,-0.21,5.46
2023-02-07,002186,15.13,14.89,15.14,14.8,137307,205174707.32,2.27,-0.47,-0.07,4.46
2023-02-08,002186,14.95,14.77,15.04,14.75,109716,163273400.6,1.95,-0.81,-0.12,3.56
2023-02-09,002186,14.75,14.84,14.91,14.67,98528,146053906.28,1.62,0.47,0.07,3.2
2023-02-10,002186,14.93,15.12,15.29,14.81,243922,367929138.08,3.23,1.89,0.28,7.92
2023-02-13,002186,15.08,15.4,15.54,14.96,240599,367157720.0,3.84,1.85,0.28,7.81
2023-02-14,002186,15.4,15.43,15.6,15.13,259046,397921559.4,3.05,0.19,0.03,8.41
2023-02-15,002186,15.41,15.22,15.41,15.18,129621,197623672.68,1.49,-1.36,-0.21,4.21
2023-02-16,002186,15.21,14.6,15.3,14.59,188806,283045398.12,4.66,-4.07,-0.62,6.13
2023-02-17,002186,14.6,15.16,15.27,14.55,227412,342021609.3,4.93,3.84,0.56,7.38
2023-02-20,002186,15.09,15.47,15.72,14.9,246497,379334406.92,5.41,2.04,0.31,8.0
2023-02-21,002186,15.5,15.56,15.7,15.28,224350,347330305.91,2.71,0.58,0.09,7.28
2023-02-22,002186,15.66,15.8,16.28,15.6,354370,563654886.87,4.37,1.54,0.24,11.5
2023-02-23,002186,15.71,15.35,15.82,15.31,219883,341143122.4,3.23,-2.85,-0.45,7.14
2023-02-24,002186,15.3,15.01,15.35,14.95,138986,209638287.0,2.61,-2.21,-0.34,4.51
2023-02-27,002186,14.94,14.98,15.17,14.8,122835,184348754.0,2.47,-0.2,-0.03,3.99
2023-02-28,002186,14.82,15.17,15.18,14.82,109089,164319180.0,2.4,1.27,0.19,3.54
2023-03-01,002186,15.22,15.5,15.5,15.06,165836,254351518.2,2.9,2.18,0.33,5.38
2023-03-02,002186,15.58,15.72,15.94,15.2,272835,424879256.84,4.77,1.42,0.22,8.86
2023-03-03,002186,15.56,16.33,16.86,15.48,450849,728570079.86,8.78,3.88,0.61,14.64
2023-03-06,002186,16.29,17.11,17.76,16.1,577556,971175227.54,10.17,4.78,0.78,18.75
2023-03-07,002186,16.64,16.44,17.0,16.26,379078,628630749.41,4.32,-3.92,-0.67,12.31
2023-03-08,002186,16.0,15.88,16.25,15.72,226840,360828984.56,3.22,-3.41,-0.56,7.36
2023-03-09,002186,16.01,15.35,16.08,15.34,179400,279618458.1,4.66,-3.34,-0.53,5.82
2023-03-10,002186,15.25,14.33,15.48,14.31,215171,321219684.98,7.62,-6.64,-1.02,6.98
2023-03-13,002186,14.34,14.18,14.58,14.03,163636,233299894.85,3.84,-1.05,-0.15,5.31
2023-03-14,002186,14.19,13.53,14.23,13.36,196487,268833897.58,6.14,-4.58,-0.65,6.38
2023-03-15,002186,13.69,13.51,13.71,13.44,95504,129381196.0,2.0,-0.15,-0.02,3.1
2023-03-16,002186,13.56,13.36,13.56,13.16,123908,164815341.04,2.96,-1.11,-0.15,4.02
2023-03-17,002186,13.37,13.39,13.59,13.34,98057,131682413.0,1.87,0.22,0.03,3.18
2023-03-20,002186,13.31,13.41,13.52,13.24,97323,130181421.0,2.09,0.15,0.02,3.16
2023-03-21,002186,13.39,13.73,13.78,13.26,126424,172208768.32,3.88,2.39,0.32,4.1
2023-03-22,002186,13.76,13.9,14.05,13.65,134319,185952315.05,2.91,1.24,0.17,4.36
2023-03-23,002186,13.8,13.64,13.8,13.46,103048,140392519.0,2.45,-1.87,-0.26,3.35
2023-03-24,002186,13.64,13.73,13.95,13.59,119617,165263499.78,2.64,0.66,0.09,3.88
2023-03-27,002186,13.7,13.76,13.9,13.61,93099,128142585.5,2.11,0.22,0.03,3.02
2023-03-28,002186,13.76,13.53,13.84,13.47,85266,116044812.0,2.69,-1.67,-0.23,2.77
2023-03-29,002186,13.46,13.49,13.84,13.4,103121,140568386.42,3.25,-0.3,-0.04,3.35
2023-03-30,002186,13.45,14.84,14.84,13.4,284245,403392944.2,10.67,10.01,1.35,9.23
2023-03-31,002186,15.13,14.99,15.66,14.91,448708,683381647.27,5.05,1.01,0.15,14.57
2023-04-03,002186,14.84,15.08,15.33,14.58,263362,393256883.07,5.0,0.6,0.09,8.55
2023-04-04,002186,15.02,14.8,15.48,14.8,249054,377179889.64,4.51,-1.86,-0.28,8.08
2023-04-06,002186,14.68,14.41,14.76,14.32,184193,266805211.86,2.97,-2.64,-0.39,5.98
2023-04-07,002186,14.41,14.55,14.97,14.32,158478,232706273.56,4.51,0.97,0.14,5.14
2023-04-10,002186,14.35,14.97,14.98,14.3,244683,360409319.1,4.67,2.89,0.42,7.94
2023-04-11,002186,14.98,14.97,15.61,14.62,300428,457725887.38,6.61,0.0,0.0,9.75
2023-04-12,002186,14.9,14.52,14.99,14.34,222750,324085253.17,4.34,-3.01,-0.45,7.23
2023-04-13,002186,14.42,15.41,15.72,14.2,356920,534797236.85,10.47,6.13,0.89,11.59
2023-04-14,002186,15.28,15.08,15.37,14.87,219145,330298742.26,3.24,-2.14,-0.33,7.11
2023-04-17,002186,15.3,15.31,16.28,15.19,324603,510296202.35,7.23,1.53,0.23,10.54
2023-04-18,002186,15.51,15.58,15.83,14.96,268220,413849245.83,5.68,1.76,0.27,8.71
2023-04-19,002186,15.48,16.24,16.31,15.24,407172,644308260.19,6.87,4.24,0.66,13.22
2023-04-20,002186,15.8,15.6,16.08,15.6,271981,429424322.17,2.96,-3.94,-0.64,8.83
2023-04-21,002186,15.59,14.72,15.87,14.7,233720,359659542.48,7.5,-5.64,-0.88,7.59
2023-04-24,002186,14.5,13.28,14.52,13.25,264313,358838482.01,8.63,-9.78,-1.44,8.58
2023-04-25,002186,13.08,12.31,13.1,12.11,229519,285663556.68,7.45,-7.3,-0.97,7.45
2023-04-26,002186,12.32,12.44,12.7,12.3,146897,183894009.41,3.25,1.06,0.13,4.77
2023-04-27,002186,12.4,12.66,12.83,12.17,147950,186483145.0,5.31,1.77,0.22,4.8
2023-04-28,002186,12.7,12.91,12.97,12.5,136247,174433422.22,3.71,1.97,0.25,4.42
2023-05-04,002186,12.9,12.48,12.96,12.33,155899,195107053.12,4.88,-3.33,-0.43,5.06
2023-05-05,002186,12.48,12.29,12.68,12.29,105348,130800425.42,3.13,-1.52,-0.19,3.42
2023-05-08,002186,12.33,12.39,12.43,12.12,97504,119413680.1,2.52,0.81,0.1,3.17
2023-05-09,002186,12.35,11.99,12.35,11.99,114004,138410297.2,2.91,-3.23,-0.4,3.7
2023-05-10,002186,11.98,11.97,12.03,11.77,73076,87001880.0,2.17,-0.17,-0.02,2.37
2023-05-11,002186,11.91,11.97,12.12,11.88,52018,62422549.38,2.01,0.0,0.0,1.69
2023-05-12,002186,11.98,11.98,12.32,11.81,105627,127489603.42,4.26,0.08,0.01,3.43
2023-05-15,002186,12.02,12.11,12.11,11.76,79689,95369671.08,2.92,1.09,0.13,2.59
2023-05-16,002186,12.15,11.81,12.17,11.78,68727,81605970.6,3.22,-2.48,-0.3,2.23
2023-05-17,002186,11.75,11.93,12.02,11.71,46813,55770710.94,2.62,1.02,0.12,1.52
2023-05-18,002186,11.9,11.97,12.03,11.87,39928,47688652.09,1.34,0.34,0.04,1.3
2023-05-19,002186,11.93,12.07,12.16,11.78,60128,72028537.07,3.17,0.84,0.1,1.95
2023-05-22,002186,12.0,12.31,12.35,11.92,80625,98521928.0,3.56,1.99,0.24,2.62
2023-05-23,002186,12.4,12.25,12.8,12.22,169232,211960016.4,4.71,-0.49,-0.06,5.49
2023-05-24,002186,12.16,11.99,12.29,11.95,89424,107903404.98,2.78,-2.12,-0.26,2.9
2023-05-25,002186,11.82,11.79,12.03,11.56,78144,91849726.39,3.92,-1.67,-0.2,2.54
2023-05-26,002186,11.71,11.74,11.82,11.59,44611,52200260.0,1.95,-0.42,-0.05,1.45
2023-05-29,002186,11.79,11.56,11.79,11.54,52045,60446600.2,2.13,-1.53,-0.18,1.69
2023-05-30,002186,11.53,11.73,11.74,11.47,51146,59368247.0,2.34,1.47,0.17,1.66
2023-05-31,002186,11.73,11.93,12.06,11.69,72066,86114241.28,3.15,1.71,0.2,2.34
2023-06-01,002186,11.87,12.19,12.3,11.81,84976,103331734.0,4.11,2.18,0.26,2.76
2023-06-02,002186,12.15,12.22,12.33,12.08,58368,71311529.46,2.05,0.25,0.03,1.89
2023-06-05,002186,12.15,12.34,12.56,12.15,72939,90320484.6,3.36,0.98,0.12,2.37
2023-06-06,002186,12.28,12.13,12.44,12.1,67654,82968267.2,2.76,-1.7,-0.21,2.2
2023-06-07,002186,12.1,12.67,12.92,12.06,196262,247894645.12,7.09,4.45,0.54,6.37
2023-06-08,002186,12.69,12.71,12.86,12.49,155977,197779819.06,2.92,0.32,0.04,5.06
2023-06-09,002186,12.6,12.63,12.95,12.5,118576,150667728.48,3.54,-0.63,-0.08,3.85
2023-06-12,002186,12.62,12.59,12.75,12.4,82392,103463294.55,2.77,-0.32,-0.04,2.67
2023-06-13,002186,12.55,12.6,12.8,12.52,63898,80919179.69,2.22,0.08,0.01,2.07
2023-06-14,002186,12.6,12.85,13.09,12.6,148695,191535022.64,3.89,1.98,0.25,4.83
2023-06-15,002186,12.78,12.86,12.93,12.6,104040,132976927.22,2.57,0.08,0.01,3.38
2023-06-16,002186,12.8,12.92,12.97,12.75,89558,115277502.0,1.71,0.47,0.06,2.91
2023-06-19,002186,12.85,12.7,12.94,12.66,68606,87564659.85,2.17,-1.7,-0.22,2.23
2023-06-20,002186,12.7,12.41,12.7,12.4,72911,91095308.5,2.36,-2.28,-0.29,2.37
2023-06-21,002186,12.49,12.2,12.69,12.19,67307,83267120.0,4.03,-1.69,-0.21,2.18
2023-06-26,002186,12.17,11.93,12.38,11.93,56605,68386139.0,3.69,-2.21,-0.27,1.84
2023-06-27,002186,12.04,12.38,12.86,12.03,111638,139601237.96,6.96,3.77,0.45,3.62
2023-06-28,002186,12.57,12.18,12.59,12.13,63396,77512944.53,3.72,-1.62,-0.2,2.06
2023-06-29,002186,12.13,12.05,12.35,12.03,47688,57899585.0,2.63,-1.07,-0.13,1.55
2023-06-30,002186,12.09,12.18,12.23,12.02,38048,46176501.18,1.74,1.08,0.13,1.24
2023-07-03,002186,12.13,12.79,12.86,12.13,125825,159033699.91,5.99,5.01,0.61,4.08
2023-07-04,002186,12.7,12.96,12.97,12.57,97043,124690315.0,3.13,1.33,0.17,3.15
2023-07-05,002186,12.99,12.65,13.05,12.63,64377,82477959.0,3.24,-2.39,-0.31,2.09
2023-07-06,002186,12.74,12.5,13.0,12.44,71227,90084332.0,4.43,-1.19,-0.15,2.31
2023-07-07,002186,12.53,12.66,13.25,12.5,178994,230955459.0,6.0,1.28,0.16,5.81
2023-07-10,002186,12.78,12.72,12.97,12.61,121628,155805174.44,2.84,0.47,0.06,3.95
2023-07-11,002186,12.73,12.72,12.85,12.54,61325,77524169.0,2.44,0.0,0.0,1.99
2023-07-12,002186,12.65,12.8,13.0,12.65,94275,121168876.0,2.75,0.63,0.08,3.06
2023-07-13,002186,12.81,12.9,12.98,12.8,65094,83777433.84,1.41,0.78,0.1,2.11
2023-07-14,002186,12.95,12.64,12.95,12.59,78009,99077060.0,2.79,-2.02,-0.26,2.53
2023-07-17,002186,12.6,12.63,12.67,12.21,47154,59110175.0,3.64,-0.08,-0.01,1.53
2023-07-18,002186,12.6,12.57,12.74,12.51,44570,56251525.0,1.82,-0.48,-0.06,1.45
2023-07-19,002186,12.54,12.72,12.79,12.52,46003,58297369.0,2.15,1.19,0.15,1.49
2023-07-20,002186,12.67,13.21,13.27,12.65,273522,357815488.0,4.87,3.85,0.49,8.88
2023-07-21,002186,13.01,14.0,14.53,12.73,436190,601209156.09,13.63,5.98,0.79,14.16
2023-07-24,002186,13.5,14.06,14.49,13.41,375151,521707206.74,7.71,0.43,0.06,12.18
2023-07-25,002186,13.86,13.8,14.14,13.68,261425,362206994.42,3.27,-1.85,-0.26,8.49
2023-07-26,002186,13.7,13.87,13.99,13.39,237160,325300203.19,4.35,0.51,0.07,7.7
2023-07-27,002186,13.6,13.47,14.0,13.47,158540,217281950.4,3.82,-2.88,-0.4,5.15
2023-07-28,002186,13.4,13.8,14.25,13.38,189721,260195988.7,6.46,2.45,0.33,6.16
2023-07-31,002186,14.0,14.72,14.85,13.89,366921,529864943.13,6.96,6.67,0.92,11.91
2023-08-01,002186,14.7,14.17,14.86,14.08,274770,396837098.56,5.3,-3.74,-0.55,8.92
2023-08-02,002186,14.03,13.64,14.09,13.57,185276,255540888.47,3.67,-3.74,-0.53,6.01
2023-08-03,002186,13.76,13.73,13.86,13.48,147857,202444274.6,2.79,0.66,0.09,4.8
2023-08-04,002186,13.73,13.5,13.85,13.4,147885,201211645.85,3.28,-1.68,-0.23,4.8
2023-08-07,002186,13.44,13.29,13.44,13.15,80336,106634818.0,2.15,-1.56,-0.21,2.61
2023-08-08,002186,13.36,13.52,13.52,13.03,116504,155488325.18,3.69,1.73,0.23,3.78
2023-08-09,002186,13.41,13.18,13.54,13.15,79586,105595250.0,2.88,-2.51,-0.34,2.58
2023-08-10,002186,13.12,13.23,13.34,13.12,51365,67935988.38,1.67,0.38,0.05,1.67
2023-08-11,002186,13.16,13.05,13.4,13.05,71809,94796789.11,2.65,-1.36,-0.18,2.33
2023-08-14,002186,12.9,13.29,13.31,12.83,80506,106173241.0,3.68,1.84,0.24,2.61
2023-08-15,002186,13.32,13.02,13.35,12.9,67607,88549012.77,3.39,-2.03,-0.27,2.19
2023-08-16,002186,12.97,12.91,13.11,12.84,45296,58704198.0,2.07,-0.84,-0.11,1.47
2023-08-17,002186,12.91,13.03,13.03,12.76,49194,63627648.0,2.09,0.93,0.12,1.6
2023-08-18,002186,12.95,12.39,13.04,12.39,97127,123350636.0,4.99,-4.91,-0.64,3.15
2023-08-21,002186,12.44,12.43,12.7,12.39,51514,64622409.2,2.5,0.32,0.04,1.67
2023-08-22,002186,12.46,12.41,12.55,12.08,82931,101730055.0,3.78,-0.16,-0.02,2.69
2023-08-23,002186,12.35,12.28,12.39,12.11,50916,62327798.0,2.26,-1.05,-0.13,1.65
2023-08-24,002186,12.31,12.38,12.5,12.15,44302,54726244.96,2.85,0.81,0.1,1.44
2023-08-25,002186,12.31,12.14,12.52,12.05,61125,74817867.04,3.8,-1.94,-0.24,1.98
2023-08-28,002186,12.69,12.15,12.7,12.08,64724,80233744.55,5.11,0.08,0.01,2.1
2023-08-29,002186,12.11,12.47,12.56,12.02,70893,87712309.97,4.44,2.63,0.32,2.3
2023-08-30,002186,12.37,12.41,12.51,12.29,45802,56702714.92,1.76,-0.48,-0.06,1.49
2023-08-31,002186,12.34,12.24,12.41,12.21,42177,51839084.0,1.61,-1.37,-0.17,1.37
2023-09-01,002186,12.35,12.37,12.54,12.3,79411,98796353.44,1.96,1.06,0.13,2.58
2023-09-04,002186,12.37,12.74,12.74,12.31,92866,117314958.0,3.48,2.99,0.37,3.01
2023-09-05,002186,12.66,12.65,12.84,12.57,50229,63806076.0,2.12,-0.71,-0.09,1.63
2023-09-06,002186,12.66,12.57,12.71,12.52,43132,54305066.0,1.5,-0.63,-0.08,1.4
2023-09-07,002186,12.58,12.56,12.82,12.53,81456,103148412.5,2.31,-0.08,-0.01,2.64
2023-09-08,002186,12.48,12.44,12.59,12.26,55261,68521517.4,2.63,-0.96,-0.12,1.79
2023-09-11,002186,12.35,12.76,12.79,12.34,85122,107797809.01,3.62,2.57,0.32,2.76
2023-09-12,002186,12.7,12.73,12.82,12.67,43523,55479578.14,1.18,-0.24,-0.03,1.41
2023-09-13,002186,12.68,12.78,12.92,12.63,74589,95312451.0,2.28,0.39,0.05,2.42
2023-09-14,002186,12.76,12.32,12.84,12.3,75024,93546954.0,4.23,-3.6,-0.46,2.44
2023-09-15,002186,12.36,12.4,12.6,12.31,57653,71831637.01,2.35,0.65,0.08,1.87
2023-09-18,002186,12.43,13.16,13.46,12.43,225952,294256871.18,8.31,6.13,0.76,7.33
2023-09-19,002186,13.01,12.8,13.1,12.72,130686,167995306.23,2.89,-2.74,-0.36,4.24
2023-09-20,002186,12.74,12.26,12.75,12.25,118083,146204270.0,3.91,-4.22,-0.54,3.83
2023-09-21,002186,12.23,11.88,12.26,11.81,85729,102736286.38,3.67,-3.1,-0.38,2.78
2023-09-22,002186,11.8,12.0,12.0,11.7,57359,68173929.78,2.53,1.01,0.12,1.86
2023-09-25,002186,11.9,11.94,12.03,11.81,40773,48627337.98,1.83,-0.5,-0.06,1.32
2023-09-26,002186,11.88,11.98,12.18,11.87,57035,68606264.0,2.6,0.34,0.04,1.85
2023-09-27,002186,12.0,11.8,12.03,11.8,56920,67681755.52,1.92,-1.5,-0.18,1.85
2023-09-28,002186,11.9,12.0,12.05,11.85,50981,60976407.19,1.69,1.69,0.2,1.65
2023-10-09,002186,11.9,11.41,11.91,11.32,84773,97254360.02,4.92,-4.92,-0.59,2.75
2023-10-10,002186,11.4,11.38,11.52,11.33,41656,47447419.0,1.67,-0.26,-0.03,1.35
2023-10-11,002186,11.39,11.22,11.44,11.18,50104,56372915.46,2.28,-1.41,-0.16,1.63
2023-10-12,002186,11.31,11.3,11.32,11.21,30856,34772444.0,0.98,0.71,0.08,1.0
2023-10-13,002186,11.26,11.11,11.28,11.05,48273,53722193.0,2.04,-1.68,-0.19,1.57
2023-10-16,002186,11.13,11.0,11.15,10.94,35042,38621668.0,1.89,-0.99,-0.11,1.14
2023-10-17,002186,11.0,11.08,11.13,10.95,30376,33516807.0,1.64,0.73,0.08,0.99
2023-10-18,002186,11.3,11.12,11.33,11.1,61802,69087875.0,2.08,0.36,0.04,2.01
2023-10-19,002186,11.1,10.99,11.24,10.92,51566,57313072.81,2.88,-1.17,-0.13,1.67
2023-10-20,002186,10.98,10.91,11.07,10.88,31293,34276096.9,1.73,-0.73,-0.08,1.02
2023-10-23,002186,10.97,11.02,11.17,10.91,58811,64905992.93,2.38,1.01,0.11,1.91
2023-10-24,002186,11.05,11.17,11.23,11.01,53583,59721474.99,2.0,1.36,0.15,1.74
2023-10-25,002186,11.16,11.34,11.4,11.16,66190,74903561.29,2.15,1.52,0.17,2.15
2023-10-26,002186,11.32,11.19,11.34,11.08,45542,50955801.0,2.29,-1.32,-0.15,1.48
2023-10-27,002186,11.19,11.39,11.39,11.15,49102,55537729.75,2.14,1.79,0.2,1.59
2023-10-30,002186,11.28,11.46,11.48,11.28,40611,46334343.91,1.76,0.61,0.07,1.32
2023-10-31,002186,11.46,11.45,11.55,11.35,28598,32651552.0,1.75,-0.09,-0.01,0.93
2023-11-01,002186,11.53,11.45,11.56,11.39,27569,31575016.96,1.48,0.0,0.0,0.89
2023-11-02,002186,11.43,11.32,11.48,11.28,29616,33628693.0,1.75,-1.14,-0.13,0.96
2023-11-03,002186,11.33,11.38,11.47,11.33,27426,31251133.7,1.24,0.53,0.06,0.89
2023-11-06,002186,11.38,11.52,11.55,11.37,40414,46423197.5,1.58,1.23,0.14,1.31
2023-11-07,002186,11.51,11.49,11.52,11.29,40882,46619382.0,2.0,-0.26,-0.03,1.33
2023-11-08,002186,11.45,11.5,11.58,11.43,42874,49349480.0,1.31,0.09,0.01,1.39
2023-11-09,002186,11.55,11.45,11.55,11.42,27349,31376861.0,1.13,-0.43,-0.05,0.89
2023-11-10,002186,11.45,11.41,11.45,11.32,23837,27156454.49,1.14,-0.35,-0.04,0.77
2023-11-13,002186,11.46,11.55,11.6,11.42,30920,35636614.04,1.58,1.23,0.14,1.0
2023-11-14,002186,11.57,11.54,11.62,11.47,31673,36509616.6,1.3,-0.09,-0.01,1.03
2023-11-15,002186,11.58,11.62,11.68,11.55,36227,42062476.2,1.13,0.69,0.08,1.18
2023-11-16,002186,11.6,11.55,11.65,11.48,31365,36245633.56,1.46,-0.6,-0.07,1.02
2023-11-17,002186,11.48,11.55,11.59,11.48,24104,27799953.02,0.95,0.0,0.0,0.78
2023-11-20,002186,11.56,11.74,11.75,11.56,49353,57600681.1,1.65,1.65,0.19,1.6
2023-11-21,002186,11.71,11.94,11.99,11.69,86785,103103111.0,2.56,1.7,0.2,2.82
2023-11-22,002186,11.9,11.96,12.38,11.89,154070,187146975.35,4.1,0.17,0.02,5.0
2023-11-23,002186,11.9,11.89,12.02,11.8,94731,112465640.12,1.84,-0.59,-0.07,3.08
2023-11-24,002186,11.85,12.28,12.51,11.85,187771,229973246.28,5.55,3.28,0.39,6.1
2023-11-27,002186,12.2,11.94,12.26,11.85,144250,173274786.48,3.34,-2.77,-0.34,4.68
2023-11-28,002186,11.9,12.01,12.04,11.68,79448,94341670.84,3.02,0.59,0.07,2.58
2023-11-29,002186,12.0,12.11,12.25,11.9,95278,115475362.5,2.91,0.83,0.1,3.09
2023-11-30,002186,11.97,12.3,12.42,11.91,148182,181287732.32,4.21,1.57,0.19,4.81
2023-12-01,002186,12.25,12.42,12.68,12.2,179880,223843425.46,3.9,0.98,0.12,5.84
2023-12-04,002186,12.42,12.6,12.65,12.26,145057,181518670.42,3.14,1.45,0.18,4.71
2023-12-05,002186,12.56,12.49,12.86,12.43,161727,204734479.9,3.41,-0.87,-0.11,5.25
2023-12-06,002186,12.33,12.33,12.51,12.23,122424,150949200.58,2.24,-1.28,-0.16,3.97
2023-12-07,002186,12.25,12.2,12.4,12.1,78933,96260846.6,2.43,-1.05,-0.13,2.56
2023-12-08,002186,12.19,12.06,12.25,12.05,77730,94366197.84,1.64,-1.15,-0.14,2.52
2023-12-11,002186,12.09,12.07,12.11,11.9,58004,69634880.9,1.74,0.08,0.01,1.88
2023-12-12,002186,12.07,12.29,12.31,12.02,60896,74410498.0,2.4,1.82,0.22,1.98
2023-12-13,002186,12.3,12.16,12.42,12.15,55900,68497442.0,2.2,-1.06,-0.13,1.81
2023-12-14,002186,12.19,12.17,12.38,12.17,45217,55469091.0,1.73,0.08,0.01,1.47
2023-12-15,002186,12.23,12.19,12.35,12.05,48419,59089071.86,2.47,0.16,0.02,1.57
2023-12-18,002186,12.19,11.8,12.2,11.76,59156,70686128.01,3.61,-3.2,-0.39,1.92
2023-12-19,002186,11.88,12.08,12.19,11.82,61797,74440225.0,3.14,2.37,0.28,2.01
2023-12-20,002186,12.09,11.74,12.15,11.72,43350,51449683.0,3.56,-2.81,-0.34,1.41
2023-12-21,002186,11.67,11.89,11.9,11.6,39125,46196117.0,2.56,1.28,0.15,1.27
2023-12-22,002186,11.9,11.62,12.04,11.54,47856,56201458.0,4.21,-2.27,-0.27,1.55
2023-12-25,002186,11.55,11.37,11.59,11.35,34896,39855448.0,2.07,-2.15,-0.25,1.13
2023-12-26,002186,11.4,11.21,11.48,11.2,28677,32397281.0,2.46,-1.41,-0.16,0.93
2023-12-27,002186,11.2,11.37,11.39,11.18,32895,37164751.0,1.87,1.43,0.16,1.07
2023-12-28,002186,11.31,11.52,11.6,11.2,37187,42588907.98,3.52,1.32,0.15,1.21
2023-12-29,002186,11.53,11.66,11.75,11.52,39132,45546650.0,2.0,1.22,0.14,1.27
2024-01-02,002186,11.67,11.82,11.91,11.61,46154,54339640.0,2.57,1.37,0.16,1.5
2024-01-03,002186,11.78,11.94,12.01,11.74,44291,52721823.0,2.28,1.02,0.12,1.44
2024-01-04,002186,11.92,11.98,12.03,11.87,33824,40453922.0,1.34,0.34,0.04,1.1
2024-01-05,002186,11.93,11.76,12.13,11.72,47057,56115478.0,3.42,-1.84,-0.22,1.53
2024-01-08,002186,11.73,11.59,11.85,11.58,35540,41679711.0,2.3,-1.45,-0.17,1.15
2024-01-09,002186,11.7,12.02,12.13,11.68,76641,91756453.0,3.88,3.71,0.43,2.49
2024-01-10,002186,12.0,13.22,13.22,11.64,255176,325387414.0,13.14,9.98,1.2,8.29
2024-01-11,002186,14.54,13.59,14.54,13.54,643706,916567991.25,7.56,2.8,0.37,20.9
2024-01-12,002186,13.13,13.54,14.23,13.08,485841,665306079.72,8.46,-0.37,-0.05,15.78
2024-01-15,002186,13.44,13.49,14.25,13.44,407735,562841956.05,5.98,-0.37,-0.05,13.24
2024-01-16,002186,13.61,14.02,14.7,13.4,482668,671529000.84,9.64,3.93,0.53,15.67
2024-01-17,002186,13.7,13.1,13.86,13.05,343334,460017276.3,5.78,-6.56,-0.92,11.15
2024-01-18,002186,12.99,12.51,13.08,12.12,272896,339395706.2,7.33,-4.5,-0.59,8.86
2024-01-19,002186,12.55,12.99,13.33,12.39,268460,345695552.8,7.51,3.84,0.48,8.72
2024-01-22,002186,12.8,12.18,12.97,12.03,192229,240674944.0,7.24,-6.24,-0.81,6.24
2024-01-23,002186,12.03,12.01,12.16,11.54,158015,187090795.0,5.09,-1.4,-0.17,5.13
2024-01-24,002186,12.01,12.4,12.44,11.7,158056,191881993.0,6.16,3.25,0.39,5.13
2024-01-25,002186,12.22,12.67,12.81,12.04,199613,247932086.35,6.21,2.18,0.27,6.48
2024-01-26,002186,12.6,12.64,12.74,12.39,131452,165164676.68,2.76,-0.24,-0.03,4.27
2024-01-29,002186,12.33,11.66,12.5,11.65,166281,198803512.0,6.72,-7.75,-0.98,5.4
2024-01-30,002186,11.5,10.92,11.51,10.91,149454,167054182.0,5.15,-6.35,-0.74,4.85
2024-01-31,002186,10.75,10.02,10.85,9.9,159070,164245096.0,8.7,-8.24,-0.9,5.17
2024-02-01,002186,9.9,9.88,9.96,9.51,109348,106991304.4,4.49,-1.4,-0.14,3.55
2024-02-02,002186,9.85,9.61,10.17,9.3,122688,120139561.54,8.81,-2.73,-0.27,3.98
2024-02-05,002186,9.6,8.65,9.6,8.65,132829,116539284.16,9.89,-9.99,-0.96,4.31
2024-02-06,002186,8.39,8.84,9.06,7.83,141080,119472187.24,14.22,2.2,0.19,4.58
2024-02-07,002186,8.78,8.79,8.95,8.61,113495,99871768.5,3.85,-0.57,-0.05,3.69
2024-02-08,002186,8.89,9.33,9.4,8.82,128245,116588619.54,6.6,6.14,0.54,4.16
2024-02-19,002186,9.35,9.33,9.5,9.21,109357,102382068.26,3.11,0.0,0.0,3.55
2024-02-20,002186,9.37,9.25,9.37,9.15,81790,75419704.2,2.36,-0.86,-0.08,2.66
2024-02-21,002186,9.21,9.52,9.73,9.15,131195,124491443.67,6.27,2.92,0.27,4.26
2024-02-22,002186,9.53,9.72,9.78,9.44,104761,100875506.08,3.57,2.1,0.2,3.4
2024-02-23,002186,9.79,9.86,9.91,9.57,105140,102373246.23,3.5,1.44,0.14,3.41
2024-02-26,002186,9.86,9.91,10.04,9.75,103927,102995532.0,2.94,0.51,0.05,3.37
2024-02-27,002186,9.85,10.07,10.07,9.81,87236,87043382.15,2.62,1.61,0.16,2.83
2024-02-28,002186,10.09,9.51,10.38,9.5,138387,138446266.44,8.74,-5.56,-0.56,4.49
2024-02-29,002186,9.4,9.75,9.75,9.35,91899,88590468.3,4.21,2.52,0.24,2.98
2024-03-01,002186,9.75,9.75,9.79,9.63,61243,59546455.0,1.64,0.0,0.0,1.99
2024-03-04,002186,9.74,9.65,9.81,9.55,55663,53680072.05,2.67,-1.03,-0.1,1.81
2024-03-05,002186,9.66,9.57,9.81,9.53,62170,59959359.29,2.9,-0.83,-0.08,2.03
2024-03-06,002186,9.5,9.56,9.67,9.45,44770,42765071.63,2.3,-0.1,-0.01,1.46
2024-03-07,002186,9.59,10.2,10.48,9.59,155179,153884455.34,9.31,6.69,0.64,5.06
2024-03-08,002186,10.04,9.8,10.04,9.7,125529,123251034.96,3.33,-3.92,-0.4,4.1
2024-03-11,002186,9.85,9.88,9.95,9.75,76019,74907541.72,2.04,0.82,0.08,2.48
2024-03-12,002186,10.0,10.19,10.35,9.86,151050,152829136.84,4.96,3.14,0.31,4.93
2024-03-13,002186,10.12,10.13,10.2,10.0,103385,104381646.0,1.96,-0.59,-0.06,3.37
2024-03-14,002186,10.08,10.14,10.25,10.0,90711,92012622.92,2.47,0.1,0.01,2.96
2024-03-15,002186,10.05,10.18,10.29,10.05,76054,77416659.0,2.37,0.39,0.04,2.48
2024-03-18,002186,10.1,10.24,10.24,10.08,77027,78317377.0,1.57,0.59,0.06,2.51
2024-03-19,002186,10.24,10.19,10.27,10.17,65776,67254343.62,0.98,-0.49,-0.05,2.15
2024-03-20,002186,10.18,10.31,10.39,10.17,83212,85496400.4,2.16,1.18,0.12,2.72
2024-03-21,002186,10.3,10.44,10.49,10.3,91739,95419107.0,1.84,1.26,0.13,2.99
2024-03-22,002186,10.57,10.24,10.6,10.17,93059,96461461.96,4.12,-1.92,-0.2,3.04
2024-03-25,002186,10.13,9.95,10.25,9.91,70631,71344198.47,3.32,-2.83,-0.29,2.31
2024-03-26,002186,9.92,9.93,10.01,9.74,64108,63323781.72,2.71,-0.2,-0.02,2.09
2024-03-27,002186,9.93,9.83,10.11,9.83,79700,79528003.0,2.82,-1.01,-0.1,2.6
2024-03-28,002186,9.83,10.07,10.31,9.71,83740,83707595.0,6.1,2.44,0.24,2.73
2024-03-29,002186,10.03,10.12,10.15,9.97,77634,78144915.0,1.79,0.5,0.05,2.53
2024-04-01,002186,10.09,10.29,10.32,10.07,84691,86549942.0,2.47,1.68,0.17,2.76
2024-04-02,002186,10.31,10.35,10.39,10.2,82756,85364509.0,1.85,0.58,0.06,2.7
2024-04-03,002186,10.3,10.57,10.64,10.3,115488,120495711.9,3.29,2.13,0.22,3.77
2024-04-08,002186,10.55,11.24,11.33,10.4,316559,347419697.73,8.8,6.34,0.67,10.33
2024-04-09,002186,10.95,11.26,11.44,10.9,299069,335440643.99,4.8,0.18,0.02,9.76
2024-04-10,002186,11.1,11.08,11.37,11.0,153655,171399043.1,3.29,-1.6,-0.18,5.01
2024-04-11,002186,10.91,11.38,11.54,10.79,207858,232166451.15,6.77,2.71,0.3,6.78
2024-04-12,002186,11.24,11.28,11.61,11.12,188745,213610712.98,4.31,-0.88,-0.1,6.16
2024-04-15,002186,11.15,10.59,11.17,10.49,163233,175440554.41,6.03,-6.12,-0.69,5.33
2024-04-16,002186,10.3,9.53,10.4,9.53,154330,149984589.39,8.22,-10.01,-1.06,5.04
2024-04-17,002186,9.51,9.95,10.15,9.46,125621,124259746.0,7.24,4.41,0.42,4.1
2024-04-18,002186,9.94,10.21,10.53,9.89,107663,109932208.0,6.43,2.61,0.26,3.51
2024-04-19,002186,10.25,10.03,10.44,9.95,97733,99170073.08,4.8,-1.76,-0.18,3.19
2024-04-22,002186,9.94,10.17,10.25,9.56,116697,115914144.5,6.88,1.4,0.14,3.81
2024-04-23,002186,10.02,9.92,10.15,9.91,67763,67765570.5,2.36,-2.46,-0.25,2.21
2024-04-24,002186,9.92,9.93,10.0,9.85,67716,67137058.9,1.51,0.1,0.01,2.21
2024-04-25,002186,9.89,10.01,10.19,9.86,78116,78143451.0,3.32,0.81,0.08,2.55
2024-04-26,002186,9.99,10.08,10.14,9.93,88532,88933055.88,2.1,0.7,0.07,2.89
2024-04-29,002186,10.07,10.29,10.31,10.02,94621,96629075.9,2.88,2.08,0.21,3.09
2024-04-30,002186,10.29,10.48,10.69,10.07,148323,153683485.64,6.03,1.85,0.19,4.84
2024-05-06,002186,10.41,10.8,10.82,10.28,170861,181021448.98,5.15,3.05,0.32,5.58
2024-05-07,002186,10.71,10.59,10.81,10.54,92593,98480452.83,2.5,-1.94,-0.21,3.02
2024-05-08,002186,10.55,10.24,10.55,10.22,87651,90878843.02,3.12,-3.31,-0.35,2.86
2024-05-09,002186,10.24,10.29,10.4,10.22,62088,64067049.0,1.76,0.49,0.05,2.03
2024-05-10,002186,10.34,10.38,10.55,10.33,80162,83694010.98,2.14,0.87,0.09,2.62
2024-05-13,002186,10.27,10.07,10.28,10.07,67684,68682879.75,2.02,-2.99,-0.31,2.21
2024-05-14,002186,10.06,10.21,10.24,10.06,40466,41217446.0,1.79,1.39,0.14,1.32
2024-05-15,002186,10.2,10.11,10.25,10.09,37258,37864281.51,1.57,-0.98,-0.1,1.22
2024-05-16,002186,10.11,10.19,10.35,10.11,43440,44503590.4,2.37,0.79,0.08,1.42
2024-05-17,002186,10.28,10.21,10.28,10.11,45551,46288591.37,1.67,0.2,0.02,1.49
2024-05-20,002186,10.48,10.34,10.54,10.33,93882,97860332.6,2.06,1.27,0.13,3.06
2024-05-21,002186,10.28,10.25,10.4,10.2,59979,61753065.75,1.93,-0.87,-0.09,1.96
2024-05-22,002186,10.2,10.18,10.27,10.12,60914,61996773.0,1.46,-0.68,-0.07,1.99
2024-05-23,002186,10.19,9.91,10.19,9.9,56869,56798290.82,2.85,-2.65,-0.27,1.86
2024-05-24,002186,9.92,9.88,9.99,9.88,29232,29018190.0,1.11,-0.3,-0.03,0.95
2024-05-27,002186,9.89,9.97,9.97,9.82,25659,25378410.0,1.52,0.91,0.09,0.84
2024-05-28,002186,10.0,9.85,10.0,9.82,28775,28476969.79,1.81,-1.2,-0.12,0.94
2024-05-29,002186,9.84,9.87,9.93,9.81,25470,25174481.16,1.22,0.2,0.02,0.83
2024-05-30,002186,9.87,9.7,9.87,9.67,36634,35707215.58,2.03,-1.72,-0.17,1.2
2024-05-31,002186,9.73,9.72,9.75,9.7,20495,19936542.0,0.52,0.21,0.02,0.67
2024-06-03,002186,9.7,9.51,9.7,9.41,42820,40847742.58,2.98,-2.16,-0.21,1.4
2024-06-04,002186,9.49,9.56,9.56,9.4,22921,21779888.57,1.68,0.53,0.05,0.75
2024-06-05,002186,9.5,9.45,9.59,9.45,18624,17728733.0,1.46,-1.15,-0.11,0.61
2024-06-06,002186,9.43,9.08,9.51,9.02,44061,40415063.03,5.19,-3.92,-0.37,1.44
2024-06-07,002186,9.12,9.32,9.33,9.12,41988,38776466.0,2.31,2.64,0.24,1.37
2024-06-11,002186,9.27,9.2,9.27,9.07,28947,26512108.0,2.15,-1.29,-0.12,0.94
2024-06-12,002186,9.16,9.27,9.28,9.11,21768,20122820.0,1.85,0.76,0.07,0.71
2024-06-13,002186,9.28,9.15,9.3,9.11,28089,25772749.0,2.05,-1.29,-0.12,0.92
2024-06-14,002186,9.11,9.25,9.26,9.09,24830,22836623.0,1.86,1.09,0.1,0.81
2024-06-17,002186,9.22,9.16,9.26,9.13,31241,28687715.0,1.41,-0.97,-0.09,1.02
2024-06-18,002186,9.16,9.17,9.2,9.14,23881,21906868.83,0.66,0.11,0.01,0.78
2024-06-19,002186,9.21,9.05,9.21,9.03,30830,28062304.0,1.96,-1.31,-0.12,1.01
2024-06-20,002186,9.08,8.7,9.08,8.69,62918,55261649.08,4.31,-3.87,-0.35,2.05
2024-06-21,002186,8.71,8.72,8.79,8.6,24171,21052355.0,2.18,0.23,0.02,0.79
2024-06-24,002186,8.7,8.35,8.7,8.32,42615,35889920.54,4.36,-4.24,-0.37,1.39
2024-06-25,002186,8.48,8.57,8.67,8.41,54572,46791574.0,3.11,2.63,0.22,1.78
2024-06-26,002186,8.55,8.66,8.66,8.4,40690,34716382.0,3.03,1.05,0.09,1.33
2024-06-27,002186,8.62,8.54,8.73,8.54,31156,26935349.0,2.19,-1.39,-0.12,1.02
2024-06-28,002186,8.48,8.57,8.66,8.47,28201,24237324.46,2.22,0.35,0.03,0.92
2024-07-01,002186,8.57,8.76,8.78,8.55,35916,31205799.0,2.68,2.22,0.19,1.17
2024-07-02,002186,8.84,8.88,8.96,8.73,41624,36992289.52,2.63,1.37,0.12,1.36
2024-07-03,002186,8.88,9.09,9.13,8.87,66839,60458457.97,2.93,2.36,0.21,2.18
2024-07-04,002186,9.02,8.71,9.02,8.71,40322,35609492.0,3.41,-4.18,-0.38,1.32
2024-07-05,002186,8.67,8.81,8.86,8.6,27980,24533679.0,2.99,1.15,0.1,0.91
2024-07-08,002186,8.8,8.68,8.95,8.64,29141,25598112.0,3.52,-1.48,-0.13,0.95
2024-07-09,002186,8.64,8.77,8.77,8.42,37272,32042094.47,4.03,1.04,0.09,1.22
2024-07-10,002186,8.73,8.62,8.81,8.62,19700,17161768.0,2.17,-1.71,-0.15,0.64
2024-07-11,002186,8.75,8.89,8.96,8.73,34372,30433730.0,2.67,3.13,0.27,1.12
2024-07-12,002186,8.86,8.94,9.1,8.85,37571,33782204.0,2.81,0.56,0.05,1.23
2024-07-15,002186,8.84,8.85,8.92,8.77,22773,20068769.0,1.68,-1.01,-0.09,0.74
2024-07-16,002186,8.86,8.78,8.88,8.74,20038,17592211.0,1.58,-0.79,-0.07,0.65
2024-07-17,002186,8.8,8.79,8.87,8.73,24380,21499046.0,1.59,0.11,0.01,0.8
2024-07-18,002186,8.76,8.84,8.89,8.49,37054,32178564.58,4.55,0.57,0.05,1.21
2024-07-19,002186,8.8,8.71,8.89,8.65,31087,27153969.92,2.71,-1.47,-0.13,1.01
2024-07-22,002186,8.67,8.66,8.71,8.58,19539,16891442.0,1.49,-0.57,-0.05,0.64
2024-07-23,002186,8.63,8.55,8.8,8.54,28825,25009098.2,3.0,-1.27,-0.11,0.94
2024-07-24,002186,8.53,8.34,8.58,8.34,27338,22991060.0,2.81,-2.46,-0.21,0.89
2024-07-25,002186,8.31,8.43,8.51,8.25,23033,19394473.0,3.12,1.08,0.09,0.75
2024-07-26,002186,8.52,8.51,8.53,8.41,15166,12878570.96,1.42,0.95,0.08,0.49
2024-07-29,002186,8.51,8.52,8.58,8.47,15823,13486913.0,1.29,0.12,0.01,0.52
2024-07-30,002186,8.57,8.64,8.64,8.46,21590,18512399.6,2.11,1.41,0.12,0.7
2024-07-31,002186,8.65,8.87,8.88,8.64,38989,34383032.52,2.78,2.66,0.23,1.27
2024-08-01,002186,8.87,8.83,8.9,8.78,32789,28977877.0,1.35,-0.45,-0.04,1.07
2024-08-02,002186,8.8,8.87,9.03,8.75,39045,34745577.18,3.17,0.45,0.04,1.27
2024-08-05,002186,9.09,8.83,9.09,8.83,63035,56629591.05,2.93,-0.45,-0.04,2.06
2024-08-06,002186,8.9,9.19,9.19,8.89,73574,66856253.0,3.4,4.08,0.36,2.4
2024-08-07,002186,9.14,9.05,9.17,8.99,52424,47436036.99,1.96,-1.52,-0.14,1.71
2024-08-08,002186,9.02,9.17,9.2,8.95,50055,45655495.0,2.76,1.33,0.12,1.63
2024-08-09,002186,9.15,8.96,9.17,8.96,40724,36898213.24,2.29,-2.29,-0.21,1.33
2024-08-12,002186,8.95,8.79,8.95,8.74,29376,25894479.0,2.34,-1.9,-0.17,0.96
2024-08-13,002186,8.77,8.72,8.8,8.62,21958,19086311.04,2.05,-0.8,-0.07,0.72
2024-08-14,002186,8.7,8.59,8.74,8.58,19397,16743632.0,1.83,-1.49,-0.13,0.63
2024-08-15,002186,8.55,8.67,8.68,8.49,25344,21826430.43,2.21,0.93,0.08,0.83
2024-08-16,002186,8.73,8.6,8.74,8.57,20511,17673149.0,1.96,-0.81,-0.07,0.67
2024-08-19,002186,8.67,8.67,8.73,8.55,26656,23099047.14,2.09,0.81,0.07,0.87
2024-08-20,002186,8.68,8.55,8.72,8.51,25593,22015474.48,2.42,-1.38,-0.12,0.83
2024-08-21,002186,8.55,8.55,8.62,8.5,15432,13197790.0,1.4,0.0,0.0,0.5
2024-08-22,002186,8.5,8.34,8.58,8.33,26924,22654763.0,2.92,-2.46,-0.21,0.88
2024-08-23,002186,8.33,8.37,8.39,8.23,24601,20423563.0,1.92,0.36,0.03,0.8
2024-08-26,002186,8.37,8.51,8.52,8.31,20566,17395283.0,2.51,1.67,0.14,0.67
2024-08-27,002186,8.49,8.45,8.59,8.44,19871,16890520.0,1.76,-0.71,-0.06,0.65
2024-08-28,002186,8.48,8.58,8.63,8.42,32287,27582195.3,2.49,1.54,0.13,1.05
2024-08-29,002186,8.54,8.58,8.59,8.45,27747,23665067.0,1.63,0.0,0.0,0.91
2024-08-30,002186,8.6,8.68,8.78,8.59,41032,35680053.0,2.21,1.17,0.1,1.34
2024-09-02,002186,8.66,8.61,8.8,8.61,33658,29306091.0,2.19,-0.81,-0.07,1.1
2024-09-03,002186,8.66,8.66,8.72,8.6,23478,20330271.42,1.39,0.58,0.05,0.77
2024-09-04,002186,8.6,8.58,8.72,8.57,20597,17807975.4,1.73,-0.92,-0.08,0.67
2024-09-05,002186,8.6,8.71,8.76,8.58,25454,22122255.34,2.1,1.52,0.13,0.83
2024-09-06,002186,8.71,8.64,8.86,8.61,35946,31405513.27,2.87,-0.8,-0.07,1.17
2024-09-09,002186,8.55,8.74,8.8,8.55,33586,29264159.35,2.89,1.16,0.1,1.1
2024-09-10,002186,8.77,8.58,8.78,8.42,36295,31057218.0,4.12,-1.83,-0.16,1.18
2024-09-11,002186,8.57,8.43,8.58,8.38,21941,18554440.63,2.33,-1.75,-0.15,0.72
2024-09-12,002186,8.46,8.4,8.52,8.38,22977,19442009.0,1.66,-0.36,-0.03,0.75
2024-09-13,002186,8.39,8.37,8.44,8.34,22536,18934559.4,1.19,-0.36,-0.03,0.74
2024-09-18,002186,8.41,8.26,8.44,8.07,36463,29863936.0,4.42,-1.31,-0.11,1.19
2024-09-19,002186,8.29,8.61,8.69,8.27,68034,57996588.0,5.08,4.24,0.35,2.22
2024-09-20,002186,8.59,8.57,8.62,8.49,32380,27709774.0,1.51,-0.46,-0.04,1.06
2024-09-23,002186,8.57,8.67,8.72,8.52,30800,26615371.0,2.33,1.17,0.1,1.0
2024-09-24,002186,8.7,8.88,8.88,8.67,50284,44216844.24,2.42,2.42,0.21,1.64
2024-09-25,002186,8.89,8.9,9.08,8.88,71073,63836673.7,2.25,0.23,0.02,2.32
2024-09-26,002186,8.95,9.53,9.77,8.95,148794,139318096.35,9.21,7.08,0.63,4.85
2024-09-27,002186,9.64,9.73,9.85,9.37,165314,158682680.94,5.04,2.1,0.2,5.39
2024-09-30,002186,10.01,10.58,10.58,9.82,245439,251342650.35,7.81,8.74,0.85,8.01
2024-10-08,002186,11.59,10.56,11.59,10.15,256110,276326074.58,13.61,-0.19,-0.02,8.36
2024-10-09,002186,10.29,9.5,10.29,9.5,136139,133195487.0,7.48,-10.04,-1.06,4.44
2024-10-10,002186,9.5,9.63,9.8,9.33,99407,95453367.62,4.95,1.37,0.13,3.24
2024-10-11,002186,9.61,9.39,9.79,9.29,68207,64808135.59,5.19,-2.49,-0.24,2.23
2024-10-14,002186,9.4,9.43,9.45,9.24,51575,48328945.0,2.24,0.43,0.04,1.68
2024-10-15,002186,9.43,9.31,9.47,9.29,39261,36789501.76,1.91,-1.27,-0.12,1.28
2024-10-16,002186,9.18,9.31,9.39,9.14,32403,30162071.88,2.69,0.0,0.0,1.06
2024-10-17,002186,9.34,9.27,9.47,9.26,35327,33121794.0,2.26,-0.43,-0.04,1.15
2024-10-18,002186,9.31,9.45,9.57,9.22,58948,55390225.84,3.78,1.94,0.18,1.92
2024-10-21,002186,9.46,9.63,9.68,9.45,71421,68393811.88,2.43,1.9,0.18,2.33
2024-10-22,002186,9.63,9.75,9.75,9.58,64247,62162033.84,1.77,1.25,0.12,2.1
2024-10-23,002186,9.75,9.81,9.87,9.67,81304,79348555.9,2.05,0.62,0.06,2.65
2024-10-24,002186,9.77,9.74,9.84,9.72,36893,36061138.0,1.22,-0.71,-0.07,1.2
2024-10-25,002186,9.74,9.81,9.87,9.72,53898,52889113.0,1.54,0.72,0.07,1.76
2024-10-28,002186,9.86,10.07,10.08,9.79,77359,77058566.3,2.96,2.65,0.26,2.52
2024-10-29,002186,10.11,10.06,10.36,9.98,110213,111650311.06,3.77,-0.1,-0.01,3.6
2024-10-30,002186,10.06,10.04,10.22,9.91,72384,72763472.77,3.08,-0.2,-0.02,2.36
2024-10-31,002186,10.01,10.13,10.15,9.94,78752,79128935.42,2.09,0.9,0.09,2.57
2024-11-01,002186,10.1,10.06,10.36,10.0,106899,108487911.99,3.55,-0.69,-0.07,3.49
2024-11-04,002186,9.95,10.18,10.19,9.9,73189,73565965.94,2.88,1.19,0.12,2.39
2024-11-05,002186,10.19,10.21,10.24,10.11,83614,85199239.44,1.28,0.29,0.03,2.73
2024-11-06,002186,10.22,10.32,10.34,10.15,93237,95643858.19,1.86,1.08,0.11,3.04
2024-11-07,002186,10.3,10.97,11.0,10.24,194518,210312435.14,7.36,6.3,0.65,6.35
2024-11-08,002186,10.97,10.71,11.0,10.6,151069,162746839.86,3.65,-2.37,-0.26,4.93
2024-11-11,002186,10.58,10.64,10.68,10.46,80490,85011570.16,2.05,-0.65,-0.07,2.63
2024-11-12,002186,10.69,10.64,10.86,10.52,85824,91946946.51,3.2,0.0,0.0,2.8
2024-11-13,002186,10.81,10.52,10.82,10.34,70772,74298411.0,4.51,-1.13,-0.12,2.31
2024-11-14,002186,10.56,10.3,10.6,10.28,52120,54337535.01,3.04,-2.09,-0.22,1.7
2024-11-15,002186,10.25,10.2,10.47,10.19,52432,54241542.3,2.72,-0.97,-0.1,1.71
2024-11-18,002186,10.21,9.97,10.28,9.9,57824,58058791.45,3.73,-2.25,-0.23,1.89
2024-11-19,002186,9.95,10.05,10.05,9.86,45645,45474138.7,1.91,0.8,0.08,1.49
2024-11-20,002186,10.02,10.16,10.18,9.99,44794,45294463.0,1.89,1.09,0.11,1.46
2024-11-21,002186,10.16,10.23,10.31,10.11,45261,46230298.52,1.97,0.69,0.07,1.48
2024-11-22,002186,10.24,9.96,10.32,9.91,52783,53651039.0,4.01,-2.64,-0.27,1.72
2024-11-25,002186,10.0,10.38,10.39,10.0,79408,81412371.63,3.92,4.22,0.42,2.59
2024-11-26,002186,10.59,10.75,10.86,10.31,138363,147374239.2,5.3,3.56,0.37,4.51
2024-11-27,002186,10.69,11.07,11.11,10.37,186351,201012883.78,6.88,2.98,0.32,6.08
2024-11-28,002186,11.08,11.28,11.7,11.08,268943,306149317.5,5.6,1.9,0.21,8.77
2024-11-29,002186,11.39,11.69,11.9,11.24,258326,300863149.58,5.85,3.63,0.41,8.43
2024-12-02,002186,11.79,12.86,12.86,11.59,253347,307418119.53,10.86,10.01,1.17,8.27
2024-12-03,002186,13.15,12.57,13.88,12.48,472716,618760135.72,10.89,-2.26,-0.29,15.42
2024-12-04,002186,12.13,13.01,13.83,12.13,407892,540913786.13,13.52,3.5,0.44,13.31
2024-12-05,002186,12.62,12.25,12.8,12.15,345478,426923083.08,5.0,-5.84,-0.76,11.27
2024-12-06,002186,12.47,13.48,13.48,12.15,242846,309200091.75,10.86,10.04,1.23,7.92
2024-12-09,002186,14.0,13.31,14.49,13.29,443503,617919666.52,8.9,-1.26,-0.17,14.47
2024-12-10,002186,13.71,13.44,14.21,13.3,335636,461559206.79,6.84,0.98,0.13,10.95
2024-12-11,002186,13.2,13.76,14.1,13.18,290417,398289476.56,6.85,2.38,0.32,9.47
2024-12-12,002186,13.53,14.05,14.38,13.35,315897,436658625.14,7.49,2.11,0.29,10.31
2024-12-13,002186,13.8,13.9,15.15,13.35,368659,513159434.89,12.81,-1.07,-0.15,12.03
2024-12-16,002186,13.86,13.58,14.38,13.5,273750,383131165.53,6.33,-2.3,-0.32,8.93
2024-12-17,002186,13.19,12.56,13.3,12.51,228185,290425680.48,5.82,-7.51,-1.02,7.44
2024-12-18,002186,12.49,12.49,12.75,12.35,123779,154803077.88,3.18,-0.56,-0.07,4.04
2024-12-19,002186,12.24,12.29,12.5,11.93,107554,131099512.65,4.56,-1.6,-0.2,3.51
2024-12-20,002186,12.4,12.5,12.61,12.4,103661,129667751.72,1.71,1.71,0.21,3.38
2024-12-23,002186,12.45,11.93,12.65,11.81,115952,140967509.1,6.72,-4.56,-0.57,3.78
2024-12-24,002186,11.9,12.0,12.06,11.7,87235,103747213.28,3.02,0.59,0.07,2.85
2024-12-25,002186,12.05,11.82,12.09,11.51,96443,113447796.71,4.83,-1.5,-0.18,3.15
2024-12-26,002186,11.88,11.98,12.2,11.84,84217,101318386.22,3.05,1.35,0.16,2.75
2024-12-27,002186,12.06,12.12,12.28,11.95,83068,100938326.54,2.75,1.17,0.14,2.71
2024-12-30,002186,12.1,11.86,12.1,11.7,68908,81777059.47,3.3,-2.15,-0.26,2.25
2024-12-31,002186,11.9,11.6,12.08,11.5,77426,91500675.05,4.89,-2.19,-0.26,2.53
2025-01-02,002186,11.61,11.73,12.1,11.57,127788,152090407.39,4.57,1.12,0.13,4.17
2025-01-03,002186,11.77,10.77,11.86,10.76,153974,170596910.18,9.38,-8.18,-0.96,5.02
2025-01-06,002186,10.6,10.4,10.7,10.26,78112,81627470.67,4.09,-3.44,-0.37,2.55
2025-01-07,002186,10.5,10.64,10.65,10.36,56685,59618210.95,2.79,2.31,0.24,1.85
2025-01-08,002186,10.65,10.84,10.91,10.51,81109,87057222.77,3.76,1.88,0.2,2.65
2025-01-09,002186,10.75,10.81,10.98,10.7,56317,60948092.87,2.58,-0.28,-0.03,1.84
2025-01-10,002186,10.76,10.3,10.81,10.3,62578,65819784.7,4.72,-4.72,-0.51,2.04
2025-01-13,002186,10.25,10.38,10.44,9.92,52537,53861825.2,5.05,0.78,0.08,1.71
2025-01-14,002186,10.51,11.02,11.08,10.51,100794,109319981.87,5.49,6.17,0.64,3.29
2025-01-15,002186,11.04,11.11,11.41,11.04,99986,112094651.2,3.36,0.82,0.09,3.26
2025-01-16,002186,11.17,11.17,11.47,11.1,90997,102485701.18,3.33,0.54,0.06,2.97
2025-01-17,002186,11.17,11.21,11.52,11.0,102317,115689665.94,4.66,0.36,0.04,3.34
2025-01-20,002186,11.39,11.31,11.48,11.2,79068,89724473.06,2.5,0.89,0.1,2.58
2025-01-21,002186,11.38,11.23,11.39,11.13,73522,82576357.53,2.3,-0.71,-0.08,2.4
2025-01-22,002186,11.19,10.92,11.19,10.9,57400,63203156.0,2.58,-2.76,-0.31,1.87
2025-01-23,002186,11.1,10.9,11.23,10.9,61339,67887841.02,3.02,-0.18,-0.02,2.0
2025-01-24,002186,10.85,10.87,10.96,10.82,51371,55835441.16,1.28,-0.28,-0.03,1.68
2025-01-27,002186,10.96,10.73,11.03,10.73,54713,59556558.13,2.76,-1.29,-0.14,1.79
2025-02-05,002186,10.84,10.55,10.86,10.51,62994,66839851.87,3.26,-1.68,-0.18,2.06
2025-02-06,002186,10.54,10.57,10.58,10.39,64953,68239272.36,1.8,0.19,0.02,2.12
2025-02-07,002186,10.55,10.74,10.91,10.54,81199,87100373.19,3.5,1.61,0.17,2.65
2025-02-10,002186,10.75,11.02,11.02,10.7,66274,71997198.95,2.98,2.61,0.28,2.16
2025-02-11,002186,11.04,10.83,11.08,10.75,57483,62357608.87,2.99,-1.72,-0.19,1.88
2025-02-12,002186,10.84,10.82,10.94,10.72,48989,52990926.66,2.03,-0.09,-0.01,1.6
2025-02-13,002186,10.81,10.85,10.95,10.72,62353,67644048.12,2.13,0.28,0.03,2.03
2025-02-14,002186,10.81,10.76,10.94,10.72,54512,58773499.16,2.03,-0.83,-0.09,1.78
2025-02-17,002186,10.75,10.84,10.9,10.71,55575,60086332.16,1.77,0.74,0.08,1.81
2025-02-18,002186,10.81,10.45,10.86,10.39,78364,83208708.0,4.34,-3.6,-0.39,2.56
2025-02-19,002186,10.45,10.45,10.5,10.37,41756,43579565.57,1.24,0.0,0.0,1.36
2025-02-20,002186,10.43,10.58,10.65,10.42,48872,51669975.2,2.2,1.24,0.13,1.59
2025-02-21,002186,10.56,10.4,10.59,10.35,52480,54607020.6,2.27,-1.7,-0.18,1.71
2025-02-24,002186,10.39,10.5,10.63,10.38,49391,51921805.28,2.4,0.96,0.1,1.61
2025-02-25,002186,10.47,10.36,10.54,10.36,49954,52202773.81,1.71,-1.33,-0.14,1.63
2025-02-26,002186,10.41,10.51,10.51,10.4,44445,46472325.65,1.06,1.45,0.15,1.45
2025-02-27,002186,10.48,10.81,10.84,10.48,116458,124807118.12,3.43,2.85,0.3,3.8
2025-02-28,002186,10.76,10.63,10.95,10.6,109466,117864058.45,3.24,-1.67,-0.18,3.57
2025-03-03,002186,10.69,10.93,11.2,10.65,155987,170664580.58,5.17,2.82,0.3,5.09
2025-03-04,002186,10.89,10.93,10.96,10.76,91534,99410213.12,1.83,0.0,0.0,2.99
2025-03-05,002186,10.92,10.73,10.92,10.6,67258,71930483.69,2.93,-1.83,-0.2,2.19
2025-03-06,002186,10.69,10.73,10.76,10.62,71379,76367831.64,1.3,0.0,0.0,2.33
2025-03-07,002186,10.7,10.65,10.78,10.6,53863,57566072.03,1.68,-0.75,-0.08,1.76
2025-03-10,002186,10.65,10.68,10.9,10.6,58925,63201145.71,2.82,0.28,0.03,1.92
2025-03-11,002186,10.61,10.78,10.78,10.56,51526,55010781.48,2.06,0.94,0.1,1.68
2025-03-12,002186,10.75,10.75,10.9,10.71,57581,62164369.91,1.76,-0.28,-0.03,1.88
2025-03-13,002186,10.73,10.72,10.78,10.56,56103,59737564.09,2.05,-0.28,-0.03,1.83
2025-03-14,002186,10.73,11.16,11.2,10.71,154089,169941462.28,4.57,4.1,0.44,5.03
2025-03-17,002186,11.35,11.18,11.46,11.13,110508,124015557.63,2.96,0.18,0.02,3.61
2025-03-18,002186,11.26,11.16,11.26,11.01,55466,61697033.86,2.24,-0.18,-0.02,1.81
2025-03-19,002186,11.16,11.12,11.26,11.07,56495,63100106.93,1.7,-0.36,-0.04,1.84
2025-03-20,002186,11.1,11.06,11.24,11.02,50338,56059672.83,1.98,-0.54,-0.06,1.64
2025-03-21,002186,10.99,11.08,11.16,10.94,63106,69662676.91,1.99,0.18,0.02,2.06
2025-03-24,002186,11.07,11.13,11.35,10.86,142427,159023613.58,4.42,0.45,0.05,4.65
2025-03-25,002186,11.02,11.29,11.36,10.95,160407,179706295.42,3.68,1.44,0.16,5.23
2025-03-26,002186,11.23,11.25,11.34,11.07,117748,132149821.9,2.39,-0.35,-0.04,3.84
2025-03-27,002186,11.57,11.12,11.58,11.12,154705,174955087.07,4.09,-1.16,-0.13,5.05
2025-03-28,002186,11.14,10.84,11.18,10.84,93491,102553291.29,3.06,-2.52,-0.28,3.05
2025-03-31,002186,10.76,10.49,10.78,10.43,71616,75721231.54,3.23,-3.23,-0.35,2.34
2025-04-01,002186,10.5,10.63,10.72,10.5,49786,52967757.72,2.1,1.33,0.14,1.62
2025-04-02,002186,10.65,10.79,10.83,10.57,49784,53533604.7,2.45,1.51,0.16,1.62
2025-04-03,002186,10.72,11.03,11.15,10.6,90961,100036867.51,5.1,2.22,0.24,2.97
2025-04-07,002186,10.56,9.93,10.76,9.93,90671,92106177.43,7.52,-9.97,-1.1,2.96
2025-04-08,002186,9.8,10.16,10.26,9.8,100614,101363187.28,4.63,2.32,0.23,3.28
2025-04-09,002186,10.01,10.5,10.58,9.48,148120,150748136.34,10.83,3.35,0.34,4.83
2025-04-10,002186,10.49,10.75,10.94,10.45,120865,129974896.65,4.67,2.38,0.25,3.94
2025-04-11,002186,10.69,10.72,10.99,10.5,97300,105172480.61,4.56,-0.28,-0.03,3.17
2025-04-14,002186,10.8,10.92,11.03,10.72,91305,99700636.52,2.89,1.87,0.2,2.98
2025-04-15,002186,10.92,10.86,11.21,10.51,170255,185301527.25,6.41,-0.55,-0.06,5.55
2025-04-16,002186,10.7,11.38,11.49,10.65,298385,333995781.26,7.73,4.79,0.52,9.73
2025-04-17,002186,11.17,12.17,12.47,11.05,426490,499546958.39,12.48,6.94,0.79,13.91
2025-04-18,002186,11.87,11.5,11.89,11.43,259902,301305588.77,3.78,-5.51,-0.67,8.48
2025-04-21,002186,11.24,11.31,11.41,11.14,155308,175257722.18,2.35,-1.65,-0.19,5.07
2025-04-22,002186,11.23,11.2,11.31,10.95,168847,188030597.76,3.18,-0.97,-0.11,5.51
2025-04-23,002186,11.16,10.78,11.19,10.78,148200,162097136.82,3.66,-3.75,-0.42,4.84
2025-04-24,002186,10.77,10.64,10.89,10.57,92977,99610087.54,2.97,-1.3,-0.14,3.03
2025-04-25,002186,10.65,10.69,10.85,10.6,74925,80418033.0,2.35,0.47,0.05,2.44
2025-04-28,002186,10.74,10.57,10.75,10.31,90851,95515415.56,4.12,-1.12,-0.12,2.96
2025-04-29,002186,10.5,10.57,10.66,10.4,57046,60178662.82,2.46,0.0,0.0,1.86
2025-04-30,002186,10.5,10.4,10.58,10.35,77937,81524960.05,2.18,-1.61,-0.17,2.54
2025-05-06,002186,10.44,10.48,10.48,10.38,51877,54140539.48,0.96,0.77,0.08,1.69
2025-05-07,002186,10.52,10.53,10.67,10.49,69320,73294453.95,1.72,0.48,0.05,2.26
2025-05-08,002186,10.53,10.61,10.62,10.49,44890,47509478.86,1.23,0.76,0.08,1.46
2025-05-09,002186,10.63,10.46,10.65,10.46,44525,46772562.46,1.79,-1.41,-0.15,1.45
2025-05-12,002186,10.49,10.47,10.53,10.41,36258,37945039.1,1.15,0.1,0.01,1.18
2025-05-13,002186,10.51,10.57,10.59,10.47,45505,47959148.88,1.15,0.96,0.1,1.48
2025-05-14,002186,10.54,10.49,10.55,10.4,52073,54506752.51,1.42,-0.76,-0.08,1.7
2025-05-15,002186,10.49,10.43,10.55,10.43,41802,43821695.0,1.14,-0.57,-0.06,1.36
2025-05-16,002186,10.46,10.38,10.46,10.35,35832,37246301.61,1.05,-0.48,-0.05,1.17
2025-05-19,002186,10.38,10.51,10.54,10.35,47660,49913163.19,1.83,1.25,0.13,1.55
2025-05-20,002186,10.53,10.73,10.75,10.53,81160,86662934.23,2.09,2.09,0.22,2.65
2025-05-21,002186,10.68,10.74,10.8,10.66,57121,61289477.28,1.3,0.09,0.01,1.86
2025-05-22,002186,10.74,10.53,10.75,10.51,47931,50864138.79,2.23,-1.96,-0.21,1.56
2025-05-23,002186,10.55,10.29,10.55,10.29,44431,46277618.0,2.47,-2.28,-0.24,1.45
2025-05-26,002186,10.3,10.42,10.42,10.27,26455,27442686.74,1.46,1.26,0.13,0.86
2025-05-27,002186,10.39,10.52,10.58,10.39,33093,34760508.08,1.82,0.96,0.1,1.08
2025-05-28,002186,10.52,10.45,10.53,10.38,32814,34281162.56,1.43,-0.67,-0.07,1.07
2025-05-29,002186,10.41,10.51,10.56,10.35,33719,35341412.65,2.01,0.57,0.06,1.1
2025-05-30,002186,10.5,10.36,10.6,10.36,36237,37858516.64,2.28,-1.43,-0.15,1.18
2025-06-03,002186,10.33,10.57,10.6,10.33,46963,49399745.68,2.61,2.03,0.21,1.53
2025-06-04,002186,10.52,10.7,10.73,10.51,55020,58625290.32,2.08,1.23,0.13,1.8
2025-06-05,002186,10.7,10.65,10.8,10.62,55111,59026745.83,1.68,-0.47,-0.05,1.8
2025-06-06,002186,10.68,10.61,10.69,10.54,30299,32092923.03,1.41,-0.38,-0.04,0.99
2025-06-09,002186,10.61,10.86,11.05,10.55,127511,138067193.55,4.71,2.36,0.25,4.16
2025-06-10,002186,10.9,10.75,11.01,10.63,93557,101277419.9,3.5,-1.01,-0.11,3.05
2025-06-11,002186,10.75,10.85,10.9,10.72,51926,56301331.0,1.67,0.93,0.1,1.69
2025-06-12,002186,10.84,10.77,10.91,10.71,40812,43999955.99,1.84,-0.74,-0.08,1.33
2025-06-13,002186,10.74,10.46,10.74,10.42,55960,58955982.0,2.97,-2.88,-0.31,1.83
2025-06-16,002186,10.44,10.47,10.5,10.4,28154,29419960.0,0.96,0.1,0.01,0.92
2025-06-17,002186,10.45,10.46,10.57,10.42,31349,32814401.0,1.43,-0.1,-0.01,1.02
2025-06-18,002186,10.44,10.38,10.45,10.34,29399,30499536.64,1.05,-0.76,-0.08,0.96
2025-06-19,002186,10.35,10.21,10.48,10.2,41695,42995868.28,2.7,-1.64,-0.17,1.36
2025-06-20,002186,10.22,10.15,10.28,10.14,31429,31983238.92,1.37,-0.59,-0.06,1.03
2025-06-23,002186,10.08,10.27,10.27,10.07,23087,23518849.0,1.97,1.18,0.12,0.75
2025-06-24,002186,10.27,10.44,10.45,10.27,39421,40995334.0,1.75,1.66,0.17,1.29
2025-06-25,002186,10.49,10.52,10.53,10.39,43133,45204945.4,1.34,0.77,0.08,1.41
2025-06-26,002186,10.51,10.58,10.67,10.46,52204,55094506.59,2.0,0.57,0.06,1.7
2025-06-27,002186,10.52,10.55,10.61,10.47,34236,36110661.48,1.32,-0.28,-0.03,1.12
2025-06-30,002186,10.55,10.58,10.63,10.53,32373,34206080.52,0.95,0.28,0.03,1.06
2025-07-01,002186,10.57,10.75,11.05,10.52,110175,118539859.1,5.01,1.61,0.17,3.59
2025-07-02,002186,10.72,10.82,10.86,10.67,79232,85469045.05,1.77,0.65,0.07,2.58
2025-07-03,002186,10.77,10.77,10.91,10.75,49560,53612356.61,1.48,-0.46,-0.05,1.62
2025-07-04,002186,10.76,10.74,10.8,10.7,44398,47673599.52,0.93,-0.28,-0.03,1.45
2025-07-07,002186,10.73,10.75,10.81,10.66,33357,35890292.23,1.4,0.09,0.01,1.09
2025-07-08,002186,10.72,10.77,10.82,10.69,37469,40260638.69,1.21,0.19,0.02,1.22
2025-07-09,002186,10.77,10.76,10.82,10.74,38582,41580433.15,0.74,-0.09,-0.01,1.26
2025-07-10,002186,10.79,10.85,10.85,10.76,46710,50513079.3,0.84,0.84,0.09,1.52
2025-07-11,002186,10.86,10.9,10.91,10.8,56539,61405191.1,1.01,0.46,0.05,1.84
2025-07-14,002186,10.85,10.84,10.93,10.8,42406,46058660.85,1.19,-0.55,-0.06,1.38
2025-07-15,002186,10.78,10.62,10.85,10.47,63492,67454799.02,3.51,-2.03,-0.22,2.07
2025-07-16,002186,10.63,10.7,10.77,10.62,39704,42526135.43,1.41,0.75,0.08,1.3
2025-07-17,002186,10.65,10.75,10.97,10.65,51929,56047682.2,2.99,0.47,0.05,1.69
2025-07-18,002186,10.78,10.84,10.88,10.74,40513,43825963.98,1.3,0.84,0.09,1.32
2025-07-21,002186,10.83,10.92,11.0,10.79,63101,68882533.05,1.94,0.74,0.08,2.06
2025-07-22,002186,10.92,10.96,11.07,10.83,55812,61064408.08,2.2,0.37,0.04,1.82
2025-07-23,002186,10.96,10.96,11.05,10.92,53955,59324218.99,1.19,0.0,0.0,1.76
2025-07-24,002186,11.0,11.19,11.22,10.97,86292,96177304.32,2.28,2.1,0.23,2.82
2025-07-25,002186,11.19,11.11,11.28,11.08,53385,59444140.92,1.79,-0.71,-0.08,1.74
2025-07-28,002186,11.1,11.1,11.19,11.07,43589,48471570.81,1.08,-0.09,-0.01,1.42
2025-07-29,002186,11.09,11.09,11.15,10.9,49744,54768334.0,2.25,-0.09,-0.01,1.62
2025-07-30,002186,11.09,11.24,11.31,11.05,73636,82353647.75,2.34,1.35,0.15,2.4
2025-07-31,002186,11.2,11.17,11.31,11.0,64515,72162883.64,2.76,-0.62,-0.07,2.1
2025-08-01,002186,11.16,11.01,11.2,10.98,58398,64582838.0,1.97,-1.43,-0.16,1.91
2025-08-04,002186,10.93,11.0,11.03,10.91,47358,52047614.97,1.09,-0.09,-0.01,1.55
2025-08-05,002186,11.03,11.01,11.05,10.97,36065,39704985.92,0.73,0.09,0.01,1.18
2025-08-06,002186,11.02,11.01,11.11,10.95,50645,55729305.11,1.45,0.0,0.0,1.65
2025-08-07,002186,11.02,11.15,11.23,10.9,69835,77621909.93,3.0,1.27,0.14,2.28
2025-08-08,002186,11.13,11.4,11.59,11.07,136829,155877504.03,4.66,2.24,0.25,4.46
2025-08-11,002186,11.59,11.52,11.63,11.32,90395,103690950.09,2.72,1.05,0.12,2.95
2025-08-12,002186,11.53,11.54,11.61,11.43,70760,81526871.5,1.56,0.17,0.02,2.31
2025-08-13,002186,11.7,11.48,11.77,11.42,87270,100535391.16,3.03,-0.52,-0.06,2.85
2025-08-14,002186,11.54,11.29,11.66,11.27,90351,103464391.78,3.4,-1.66,-0.19,2.95
2025-08-15,002186,11.29,11.37,11.4,11.29,65968,74837782.66,0.97,0.71,0.08,2.15
2025-08-18,002186,11.39,11.41,11.52,11.38,70054,80157083.93,1.23,0.35,0.04,2.29
2025-08-19,002186,11.52,11.87,12.26,11.48,177795,209822707.19,6.84,4.03,0.46,5.8
2025-08-20,002186,11.98,12.82,13.06,11.8,414888,525623039.24,10.61,8.0,0.95,13.54
2025-08-21,002186,12.51,12.29,12.59,12.15,401675,496201319.22,3.43,-4.13,-0.53,13.1
2025-08-22,002186,12.27,12.49,12.74,12.01,327018,401500072.73,5.94,1.63,0.2,10.67
2025-08-25,002186,12.41,13.74,13.74,12.34,345115,451960690.93,11.21,10.01,1.25,11.26
2025-08-26,002186,13.97,14.08,14.92,13.76,601302,852055193.56,8.44,2.47,0.34,19.62
2025-08-27,002186,13.91,14.27,14.44,13.74,434229,614200041.87,4.97,1.35,0.19,14.17
2025-08-28,002186,14.12,14.62,15.29,14.1,490477,722558927.97,8.34,2.45,0.35,16.0
2025-08-29,002186,14.49,13.9,15.1,13.74,408744,591216400.56,9.3,-4.92,-0.72,13.34
2025-09-01,002186,13.76,14.39,14.5,13.45,347832,492196966.53,7.55,3.53,0.49,11.35
2025-09-02,002186,14.12,13.76,14.65,13.75,322015,455192393.35,6.25,-4.38,-0.63,10.51
2025-09-03,002186,13.78,12.8,13.96,12.77,337321,444333724.47,8.65,-6.98,-0.96,11.01
2025-09-04,002186,13.03,12.78,13.19,12.59,236770,306449808.83,4.69,-0.16,-0.02,7.72
2025-09-05,002186,12.82,12.71,12.9,12.39,176652,222506748.7,3.99,-0.55,-0.07,5.76
2025-09-08,002186,12.74,12.63,12.9,12.56,128542,163365844.0,2.68,-0.63,-0.08,4.19
2025-09-09,002186,12.65,12.48,12.68,12.38,119288,149072208.72,2.38,-1.19,-0.15,3.89
2025-09-10,002186,12.51,12.65,12.84,12.44,171836,217558917.36,3.21,1.36,0.17,5.61
2025-09-11,002186,12.63,12.58,12.63,12.22,155042,192354409.96,3.24,-0.55,-0.07,5.06
2025-09-12,002186,12.59,12.52,12.77,12.48,117044,147422673.0,2.31,-0.48,-0.06,3.82
2025-09-15,002186,12.6,12.73,12.85,12.51,178351,226374041.78,2.72,1.68,0.21,5.82
2025-09-16,002186,12.74,12.72,12.9,12.5,154661,196015290.6,3.14,-0.08,-0.01,5.05
2025-09-17,002186,12.76,12.36,12.84,12.32,145992,181864478.37,4.09,-2.83,-0.36,4.76
2025-09-18,002186,12.33,12.4,12.55,12.12,181509,224171075.39,3.48,0.32,0.04,5.92
2025-09-19,002186,12.28,12.3,12.53,11.95,208498,254207052.03,4.68,-0.81,-0.1,6.8
2025-09-22,002186,12.26,11.93,12.28,11.86,125573,150057097.95,3.41,-3.01,-0.37,4.1
2025-09-23,002186,11.88,11.51,11.88,11.3,132349,152107960.86,4.86,-3.52,-0.42,4.32
2025-09-24,002186,11.4,11.55,11.58,11.37,70604,81138708.4,1.82,0.35,0.04,2.3
2025-09-25,002186,11.5,11.59,11.69,11.47,80781,93579801.39,1.9,0.35,0.04,2.64
2025-09-26,002186,11.62,11.45,11.63,11.42,53643,61675912.0,1.81,-1.21,-0.14,1.75
2025-09-29,002186,11.39,11.49,11.53,11.26,63275,72277019.58,2.36,0.35,0.04,2.06
2025-09-30,002186,11.55,11.43,11.62,11.41,61972,71047648.83,1.83,-0.52,-0.06,2.02
2025-10-09,002186,11.39,11.13,11.39,11.04,82558,91887784.6,3.06,-2.62,-0.3,2.69
2025-10-10,002186,11.13,11.2,11.26,11.12,60394,67699321.29,1.26,0.63,0.07,1.97
2025-10-13,002186,11.0,11.24,11.29,10.88,62670,69697204.18,3.66,0.36,0.04,2.04
2025-10-14,002186,11.26,11.23,11.33,11.16,60421,68031219.48,1.51,-0.09,-0.01,1.97
2025-10-15,002186,11.26,11.34,11.41,11.2,61873,70127024.97,1.87,0.98,0.11,2.02
2025-10-16,002186,11.31,11.24,11.41,11.2,52841,59653250.68,1.85,-0.88,-0.1,1.72
2025-10-17,002186,11.2,11.13,11.34,11.11,64704,72784090.03,2.05,-0.98,-0.11,2.11
2025-10-20,002186,11.18,11.36,11.37,11.18,54789,61856643.83,1.71,2.07,0.23,1.79
2025-10-21,002186,11.37,11.35,11.37,11.29,10820,12253520.65,0.7,-0.09,-0.01,0.35
2025-10-22,002186,11.36,11.57,11.65,11.36,43816,50650958.0,2.53,0.78,0.09,1.43
2025-10-23,002186,11.52,11.63,11.65,11.47,58721,67899723.0,1.56,0.78,0.09,1.92
2025-10-24,002186,11.64,11.47,11.67,11.45,55670,64219878.1,1.89,-1.38,-0.16,1.82
2025-10-27,002186,11.45,11.43,11.48,11.37,24762,28252803.0,0.96,-0.35,-0.04,0.81
2025-10-28,002186,11.55,11.54,11.61,11.48,29361,33879617.0,1.13,0.0,0.0,0.96
2025-10-29,002186,11.51,11.39,11.52,11.29,35477,40359038.0,2.0,-1.04,-0.12,1.16
2025-10-30,002186,11.39,11.37,11.47,11.32,25882,29506540.36,1.31,-0.52,-0.06,0.84
2025-10-31,002186,11.3,11.51,11.52,11.3,40570,46531667.16,1.95,1.77,0.2,1.32
