日期,股票代码,开盘,收盘,最高,最低,成交量,成交额,振幅,涨跌幅,涨跌额,换手率
1996-08-26,600741,-10.21,-10.23,-10.18,-10.24,99992,101602000.0,-0.58,1.35,0.14,40.0
1996-08-27,600741,-10.23,-10.2,-10.2,-10.24,33356,33079000.0,-0.39,0.29,0.03,13.34
1996-08-28,600741,-10.2,-10.18,-10.17,-10.21,66139,69565000.0,-0.39,0.2,0.02,26.46
1996-08-29,600741,-10.18,-10.18,-10.16,-10.19,50504,55675000.0,-0.29,0.0,0.0,20.2
1996-08-30,600741,-10.18,-10.18,-10.16,-10.18,39172,43486000.0,-0.2,0.0,0.0,15.67
1996-09-02,600741,-10.17,-10.16,-10.15,-10.18,39645,45253000.0,-0.29,0.2,0.02,15.86
1996-09-03,600741,-10.16,-10.18,-10.16,-10.18,22737,25466000.0,-0.2,-0.2,-0.02,9.09
1996-09-04,600741,-10.18,-10.15,-10.15,-10.18,37844,43249000.0,-0.29,0.29,0.03,15.14
1996-09-05,600741,-10.14,-10.15,-10.12,-10.15,54314,66114000.0,-0.3,0.0,0.0,21.73
1996-09-06,600741,-10.15,-10.13,-10.13,-10.15,35080,42036000.0,-0.2,0.2,0.02,14.03
1996-09-09,600741,-10.12,-10.1,-10.1,-10.14,56968,72163000.0,-0.39,0.3,0.03,22.79
1996-09-10,600741,-10.11,-10.15,-10.1,-10.15,38835,48071000.0,-0.5,-0.5,-0.05,15.53
1996-09-11,600741,-10.15,-10.14,-10.13,-10.15,19978,24050000.0,-0.2,0.1,0.01,7.99
1996-09-12,600741,-10.13,-10.14,-10.13,-10.15,18986,22912000.0,-0.2,0.0,0.0,7.59
1996-09-13,600741,-10.11,-10.09,-10.09,-10.13,53810,69869000.0,-0.39,0.49,0.05,21.52
1996-09-16,600741,-10.09,-10.09,-10.08,-10.1,30229,40569000.0,-0.2,0.0,0.0,12.09
1996-09-17,600741,-10.09,-10.07,-10.07,-10.1,26863,36858000.0,-0.3,0.2,0.02,10.75
1996-09-18,600741,-10.07,-10.09,-10.06,-10.09,21037,29246000.0,-0.3,-0.2,-0.02,8.41
1996-09-19,600741,-10.09,-10.09,-10.08,-10.1,7716,10269000.0,-0.2,0.0,0.0,3.09
1996-09-20,600741,-10.09,-10.07,-10.06,-10.09,22958,31721000.0,-0.3,0.2,0.02,9.18
1996-09-23,600741,-10.07,-10.06,-10.06,-10.07,21660,30537000.0,-0.1,0.1,0.01,8.66
1996-09-24,600741,-10.06,-10.03,-10.02,-10.06,49062,72806000.0,-0.4,0.3,0.03,19.62
1996-09-25,600741,-10.04,-10.04,-10.02,-10.05,15571,23230000.0,-0.3,-0.1,-0.01,6.23
1996-09-26,600741,-10.02,-10.01,-9.99,-10.03,37785,59089000.0,-0.4,0.3,0.03,15.11
1996-09-27,600741,-10.0,-10.02,-10.0,-10.03,16917,26064000.0,-0.3,-0.1,-0.01,6.77
1996-10-03,600741,-10.01,-10.03,-10.01,-10.03,9776,14947000.0,-0.2,-0.1,-0.01,3.91
1996-10-04,600741,-10.03,-10.04,-10.01,-10.07,17433,26119000.0,-0.6,-0.1,-0.01,6.97
1996-10-07,600741,-10.03,-10.06,-10.03,-10.06,9091,13131000.0,-0.3,-0.2,-0.02,3.64
1996-10-08,600741,-10.05,-10.05,-10.04,-10.06,12387,17974000.0,-0.2,0.1,0.01,4.95
1996-10-09,600741,-10.05,-10.05,-10.04,-10.06,10334,14965000.0,-0.2,0.0,0.0,4.13
1996-10-10,600741,-10.04,-10.04,-10.03,-10.05,13070,19258000.0,-0.2,0.1,0.01,5.23
1996-10-11,600741,-10.03,-10.06,-10.03,-10.06,7578,10981000.0,-0.3,-0.2,-0.02,3.03
1996-10-14,600741,-10.06,-10.04,-10.02,-10.06,17618,25945000.0,-0.4,0.2,0.02,7.05
1996-10-15,600741,-10.03,-10.04,-10.03,-10.05,5883,8676000.0,-0.2,0.0,0.0,2.35
1996-10-16,600741,-10.04,-10.03,-10.02,-10.05,10889,16262000.0,-0.3,0.1,0.01,4.36
1996-10-17,600741,-10.03,-10.03,-10.03,-10.04,9264,13825000.0,-0.1,0.0,0.0,3.71
1996-10-18,600741,-10.03,-10.05,-10.03,-10.06,3956,5778000.0,-0.3,-0.2,-0.02,1.58
1996-10-21,600741,-10.05,-10.03,-10.03,-10.06,14451,21434000.0,-0.3,0.2,0.02,5.78
1996-10-22,600741,-10.03,-9.98,-9.98,-10.04,45086,70990000.0,-0.6,0.5,0.05,18.03
1996-10-23,600741,-9.99,-9.96,-9.95,-9.99,51950,87256000.0,-0.4,0.2,0.02,20.78
1996-10-24,600741,-9.95,-9.89,-9.89,-9.96,58673,106785000.0,-0.7,0.7,0.07,23.47
1996-10-25,600741,-9.88,-9.85,-9.84,-9.89,80670,160283000.0,-0.51,0.4,0.04,32.27
1996-10-28,600741,-9.81,-9.88,-9.79,-9.88,32842,65063000.0,-0.91,-0.3,-0.03,13.14
1996-10-29,600741,-9.88,-9.86,-9.85,-9.88,49535,96967000.0,-0.3,0.2,0.02,19.81
1996-10-30,600741,-9.86,-9.86,-9.85,-9.87,41486,81565000.0,-0.2,0.0,0.0,16.59
1996-10-31,600741,-9.86,-9.82,-9.81,-9.86,61249,124747000.0,-0.51,0.41,0.04,24.5
1996-11-01,600741,-9.85,-9.85,-9.85,-9.9,31131,60681000.0,-0.51,-0.31,-0.03,12.45
1996-11-04,600741,-9.86,-9.86,-9.85,-9.87,23838,47066000.0,-0.2,-0.1,-0.01,9.54
1996-11-05,600741,-9.86,-9.89,-9.86,-9.89,12107,23288000.0,-0.3,-0.3,-0.03,4.84
1996-11-06,600741,-9.88,-9.9,-9.88,-9.91,6204,11555000.0,-0.3,-0.1,-0.01,2.48
1996-11-07,600741,-9.9,-9.89,-9.88,-9.9,10065,19000000.0,-0.2,0.1,0.01,4.03
1996-11-08,600741,-9.89,-9.89,-9.89,-9.9,6715,12562000.0,-0.1,0.0,0.0,2.69
1996-11-11,600741,-9.9,-9.88,-9.88,-9.9,8181,15369000.0,-0.2,0.1,0.01,3.27
1996-11-12,600741,-9.89,-9.89,-9.88,-9.9,5781,10875000.0,-0.2,-0.1,-0.01,2.31
1996-11-13,600741,-9.89,-9.89,-9.89,-9.9,6560,12268000.0,-0.1,0.0,0.0,2.62
1996-11-14,600741,-9.9,-9.87,-9.86,-9.9,16560,31964000.0,-0.4,0.2,0.02,6.62
1996-11-15,600741,-9.87,-9.84,-9.82,-9.88,25894,51056000.0,-0.61,0.3,0.03,10.36
1996-11-18,600741,-9.83,-9.81,-9.8,-9.83,32455,68115000.0,-0.3,0.3,0.03,12.98
1996-11-19,600741,-9.81,-9.84,-9.81,-9.85,19786,41060000.0,-0.41,-0.31,-0.03,7.91
1996-11-20,600741,-9.84,-9.83,-9.82,-9.85,18339,37552000.0,-0.3,0.1,0.01,7.34
1996-11-21,600741,-9.83,-9.87,-9.83,-9.89,15098,30120000.0,-0.61,-0.41,-0.04,6.04
1996-11-22,600741,-9.88,-9.86,-9.85,-9.89,18241,35517000.0,-0.41,0.1,0.01,7.3
1996-11-25,600741,-9.87,-9.85,-9.84,-9.87,15128,29994000.0,-0.3,0.1,0.01,6.05
1996-11-26,600741,-9.85,-9.83,-9.81,-9.85,20747,42494000.0,-0.41,0.2,0.02,8.3
1996-11-27,600741,-9.84,-9.81,-9.81,-9.84,25893,53747000.0,-0.31,0.2,0.02,10.36
1996-11-28,600741,-9.81,-9.81,-9.78,-9.83,27260,57895000.0,-0.51,0.0,0.0,10.9
1996-12-02,600741,-9.76,-9.76,-9.76,-9.78,14767,32928000.0,-0.2,0.51,0.05,5.91
1996-12-03,600741,-9.76,-9.76,-9.75,-9.76,22811,51209000.0,-0.1,0.0,0.0,9.12
1996-12-04,600741,-9.76,-9.69,-9.69,-9.76,24403,57370000.0,-0.72,0.72,0.07,9.76
1996-12-05,600741,-9.69,-9.68,-9.67,-9.69,18731,46023000.0,-0.21,0.1,0.01,7.49
1996-12-06,600741,-9.68,-9.65,-9.65,-9.74,31134,77652000.0,-0.93,0.31,0.03,12.45
1996-12-09,600741,-9.61,-9.54,-9.53,-9.63,127536,177205000.0,-1.04,1.14,0.11,25.51
1996-12-10,600741,-9.54,-9.55,-9.54,-9.58,65210,91452000.0,-0.42,-0.1,-0.01,13.04
1996-12-11,600741,-9.56,-9.55,-9.53,-9.58,56905,79884000.0,-0.52,0.0,0.0,11.38
1996-12-12,600741,-9.55,-9.6,-9.53,-9.63,39216,54206000.0,-1.05,-0.52,-0.05,7.84
1996-12-13,600741,-9.61,-9.65,-9.6,-9.66,24301,31824000.0,-0.63,-0.52,-0.05,4.86
1996-12-16,600741,-9.74,-9.74,-9.74,-9.74,2488,2836000.0,0.0,-0.93,-0.09,0.5
1996-12-17,600741,-9.83,-9.83,-9.83,-9.83,10027,10287000.0,0.0,-0.92,-0.09,2.01
1996-12-18,600741,-9.9,-9.78,-9.77,-9.9,32734,33470000.0,-1.32,0.51,0.05,6.55
1996-12-19,600741,-9.78,-9.86,-9.78,-9.86,21750,22316000.0,-0.82,-0.82,-0.08,4.35
1996-12-20,600741,-9.88,-9.91,-9.87,-9.92,14110,13124000.0,-0.51,-0.51,-0.05,2.82
1996-12-23,600741,-9.88,-9.88,-9.86,-9.9,9820,9393000.0,-0.4,0.3,0.03,1.96
1996-12-24,600741,-9.88,-9.9,-9.85,-9.9,9020,8677000.0,-0.51,-0.2,-0.02,1.8
1996-12-25,600741,-9.9,-9.89,-9.88,-9.91,7473,6975000.0,-0.3,0.1,0.01,1.49
1996-12-26,600741,-9.88,-9.88,-9.88,-9.89,7221,6847000.0,-0.1,0.1,0.01,1.44
1996-12-27,600741,-9.88,-9.84,-9.83,-9.88,30329,30102000.0,-0.51,0.4,0.04,6.07
1996-12-30,600741,-9.82,-9.82,-9.81,-9.84,23343,24030000.0,-0.3,0.2,0.02,4.67
1996-12-31,600741,-9.82,-9.85,-9.82,-9.86,11852,11859000.0,-0.41,-0.31,-0.03,2.37
1997-01-02,600741,-9.85,-9.84,-9.83,-9.88,6783,6730000.0,-0.51,0.1,0.01,1.36
1997-01-03,600741,-9.85,-9.86,-9.84,-9.87,7366,7271000.0,-0.3,-0.2,-0.02,1.47
1997-01-06,600741,-9.87,-9.89,-9.87,-9.9,5386,5078000.0,-0.3,-0.3,-0.03,1.08
1997-01-07,600741,-9.9,-9.89,-9.86,-9.9,4295,4073000.0,-0.4,0.0,0.0,0.86
1997-01-08,600741,-9.88,-9.88,-9.88,-9.89,2368,2237000.0,-0.1,0.1,0.01,0.47
1997-01-09,600741,-9.89,-9.88,-9.87,-9.89,3179,3038000.0,-0.2,0.0,0.0,0.64
1997-01-10,600741,-9.88,-9.88,-9.87,-9.89,4049,3876000.0,-0.2,0.0,0.0,0.81
1997-01-13,600741,-9.87,-9.87,-9.86,-9.87,4953,4816000.0,-0.1,0.1,0.01,0.99
1997-01-14,600741,-9.87,-9.87,-9.85,-9.88,7953,7786000.0,-0.3,0.0,0.0,1.59
1997-01-15,600741,-9.88,-9.87,-9.86,-9.88,2186,2120000.0,-0.2,0.0,0.0,0.44
1997-01-16,600741,-9.87,-9.87,-9.86,-9.88,2553,2469000.0,-0.2,0.0,0.0,0.51
1997-01-17,600741,-9.87,-9.88,-9.87,-9.88,2810,2698000.0,-0.1,-0.1,-0.01,0.56
1997-01-20,600741,-9.88,-9.87,-9.87,-9.88,3600,3434000.0,-0.1,0.1,0.01,0.72
1997-01-21,600741,-9.87,-9.88,-9.87,-9.88,3578,3422000.0,-0.1,-0.1,-0.01,0.72
1997-01-22,600741,-9.85,-9.86,-9.85,-9.87,4764,4670000.0,-0.2,0.2,0.02,0.95
1997-01-23,600741,-9.86,-9.86,-9.86,-9.87,7606,7431000.0,-0.1,0.0,0.0,1.52
1997-01-24,600741,-9.86,-9.87,-9.86,-9.88,5106,4927000.0,-0.2,-0.1,-0.01,1.02
1997-01-27,600741,-9.87,-9.84,-9.83,-9.87,11246,11200000.0,-0.41,0.3,0.03,2.25
1997-01-28,600741,-9.84,-9.85,-9.84,-9.86,5856,5802000.0,-0.2,-0.1,-0.01,1.17
1997-01-29,600741,-9.85,-9.86,-9.85,-9.86,6193,6128000.0,-0.1,-0.1,-0.01,1.24
1997-01-30,600741,-9.86,-9.86,-9.85,-9.86,4900,4837000.0,-0.1,0.0,0.0,0.98
1997-01-31,600741,-9.86,-9.85,-9.84,-9.86,9682,9682000.0,-0.2,0.1,0.01,1.94
1997-02-17,600741,-9.83,-9.84,-9.83,-9.85,9083,9130000.0,-0.2,0.1,0.01,1.82
1997-02-18,600741,-9.83,-9.89,-9.79,-9.91,25178,25954000.0,-1.22,-0.51,-0.05,5.04
1997-02-19,600741,-9.88,-9.83,-9.83,-9.88,12694,12731000.0,-0.51,0.61,0.06,2.54
1997-02-20,600741,-9.9,-9.85,-9.83,-9.9,15904,15735000.0,-0.71,-0.2,-0.02,3.18
1997-02-21,600741,-9.84,-9.81,-9.81,-9.85,32312,33413000.0,-0.41,0.41,0.04,6.46
1997-02-24,600741,-9.8,-9.79,-9.78,-9.82,43201,46012000.0,-0.41,0.2,0.02,8.64
1997-02-25,600741,-9.79,-9.74,-9.73,-9.79,55752,63215000.0,-0.61,0.51,0.05,11.15
1997-02-26,600741,-9.74,-9.74,-9.73,-9.77,27736,31359000.0,-0.41,0.0,0.0,5.55
1997-02-27,600741,-9.74,-9.76,-9.73,-9.78,21716,24544000.0,-0.51,-0.21,-0.02,4.34
1997-02-28,600741,-9.76,-9.75,-9.75,-9.78,19730,21970000.0,-0.31,0.1,0.01,3.95
1997-03-03,600741,-9.74,-9.71,-9.71,-9.74,34546,40169000.0,-0.31,0.41,0.04,6.91
1997-03-04,600741,-9.71,-9.73,-9.71,-9.77,24215,27997000.0,-0.62,-0.21,-0.02,4.84
1997-03-05,600741,-9.73,-9.76,-9.73,-9.76,17872,20430000.0,-0.31,-0.31,-0.03,3.57
1997-03-06,600741,-9.77,-9.74,-9.74,-9.78,14368,16228000.0,-0.41,0.2,0.02,2.87
1997-03-07,600741,-9.75,-9.73,-9.71,-9.75,24291,28049000.0,-0.41,0.1,0.01,4.86
1997-03-10,600741,-9.71,-9.69,-9.68,-9.73,42455,50819000.0,-0.51,0.41,0.04,8.49
1997-03-11,600741,-9.69,-9.69,-9.68,-9.71,25875,31165000.0,-0.31,0.0,0.0,5.18
1997-03-12,600741,-9.69,-9.66,-9.64,-9.7,51782,64261000.0,-0.62,0.31,0.03,10.36
1997-03-13,600741,-9.7,-9.71,-9.68,-9.72,42498,50901000.0,-0.41,-0.52,-0.05,8.5
1997-03-14,600741,-9.71,-9.71,-9.71,-9.74,31211,36352000.0,-0.31,0.0,0.0,6.24
1997-03-17,600741,-9.7,-9.67,-9.66,-9.71,52273,64007000.0,-0.51,0.41,0.04,10.45
1997-03-18,600741,-9.66,-9.66,-9.64,-9.69,48839,61224000.0,-0.52,0.1,0.01,9.77
1997-03-19,600741,-9.66,-9.57,-9.57,-9.66,67894,90008000.0,-0.93,0.93,0.09,13.58
1997-03-20,600741,-9.56,-9.62,-9.51,-9.64,84016,116892000.0,-1.36,-0.52,-0.05,16.8
1997-03-21,600741,-9.62,-9.53,-9.53,-9.62,81181,113225000.0,-0.94,0.94,0.09,16.24
1997-03-24,600741,-9.48,-9.42,-9.42,-9.49,90617,140649000.0,-0.73,1.15,0.11,18.12
1997-03-25,600741,-9.41,-9.42,-9.38,-9.48,65101,102459000.0,-1.06,0.0,0.0,13.02
1997-03-26,600741,-9.41,-9.44,-9.41,-9.46,42558,66066000.0,-0.53,-0.21,-0.02,8.51
1997-03-27,600741,-9.43,-9.39,-9.38,-9.46,44340,69681000.0,-0.85,0.53,0.05,8.87
1997-03-28,600741,-9.39,-9.43,-9.39,-9.44,33959,53906000.0,-0.53,-0.43,-0.04,6.79
1997-03-31,600741,-9.43,-9.42,-9.39,-9.44,29045,46010000.0,-0.53,0.11,0.01,5.81
1997-04-01,600741,-9.42,-9.43,-9.4,-9.44,21881,34557000.0,-0.42,-0.11,-0.01,4.38
1997-04-02,600741,-9.43,-9.42,-9.41,-9.44,21228,33459000.0,-0.32,0.11,0.01,4.25
1997-04-03,600741,-9.41,-9.36,-9.36,-9.41,67731,111324000.0,-0.53,0.64,0.06,13.55
1997-04-04,600741,-9.35,-9.38,-9.34,-9.39,41279,68355000.0,-0.53,-0.21,-0.02,8.26
1997-04-07,600741,-9.39,-9.39,-9.39,-9.41,33340,53575000.0,-0.21,-0.11,-0.01,6.67
1997-04-08,600741,-9.39,-9.44,-9.39,-9.45,26483,41620000.0,-0.64,-0.53,-0.05,5.3
1997-04-09,600741,-9.44,-9.42,-9.42,-9.44,21365,33624000.0,-0.21,0.21,0.02,4.27
1997-04-10,600741,-9.42,-9.42,-9.39,-9.45,31443,49664000.0,-0.64,0.0,0.0,6.29
1997-04-11,600741,-9.42,-9.44,-9.42,-9.48,19369,29854000.0,-0.64,-0.21,-0.02,3.87
1997-04-14,600741,-9.44,-9.43,-9.41,-9.44,29547,46646000.0,-0.32,0.11,0.01,5.91
1997-04-15,600741,-9.43,-9.43,-9.42,-9.44,18884,29574000.0,-0.21,0.0,0.0,3.78
1997-04-16,600741,-9.42,-9.38,-9.37,-9.43,49049,79336000.0,-0.64,0.53,0.05,9.81
1997-04-18,600741,-9.29,-9.39,-9.29,-9.41,31796,51921000.0,-1.28,-0.11,-0.01,6.36
1997-04-21,600741,-9.36,-9.36,-9.32,-9.38,45360,76138000.0,-0.64,0.32,0.03,9.07
1997-04-22,600741,-9.36,-9.32,-9.31,-9.36,43058,73070000.0,-0.53,0.43,0.04,8.61
1997-04-23,600741,-9.29,-9.22,-9.2,-9.29,68686,125828000.0,-0.97,1.07,0.1,13.74
1997-04-24,600741,-9.25,-9.22,-9.19,-9.29,45341,83938000.0,-1.08,0.0,0.0,9.07
1997-04-25,600741,-9.22,-9.27,-9.21,-9.27,39043,71011000.0,-0.65,-0.54,-0.05,7.81
1997-04-28,600741,-9.27,-9.33,-9.23,-9.35,34106,59150000.0,-1.29,-0.65,-0.06,6.82
1997-04-29,600741,-9.33,-9.33,-9.31,-9.36,25368,42718000.0,-0.54,0.0,0.0,5.07
1997-04-30,600741,-9.3,-9.29,-9.25,-9.31,22501,39806000.0,-0.64,0.43,0.04,4.5
1997-05-05,600741,-9.28,-9.27,-9.24,-9.3,25646,45721000.0,-0.65,0.22,0.02,5.13
1997-05-06,600741,-9.26,-9.22,-9.19,-9.27,40601,74842000.0,-0.86,0.54,0.05,8.12
1997-05-07,600741,-9.22,-9.25,-9.2,-9.27,29934,54368000.0,-0.76,-0.33,-0.03,5.99
1997-05-08,600741,-9.19,-9.33,-9.19,-9.35,22692,40909000.0,-1.73,-0.86,-0.08,4.54
1997-05-09,600741,-9.32,-9.27,-9.26,-9.34,27608,48246000.0,-0.86,0.64,0.06,5.52
1997-05-12,600741,-9.22,-9.29,-9.22,-9.3,24825,44129000.0,-0.86,-0.22,-0.02,4.97
1997-05-13,600741,-9.29,-9.31,-9.28,-9.34,20520,35308000.0,-0.65,-0.22,-0.02,4.1
1997-05-14,600741,-9.33,-9.4,-9.33,-9.43,22919,37678000.0,-1.07,-0.97,-0.09,4.58
1997-05-15,600741,-9.41,-9.36,-9.35,-9.41,12231,20009000.0,-0.64,0.43,0.04,2.45
1997-05-16,600741,-9.48,-9.48,-9.38,-9.49,24266,37387000.0,-1.18,-1.28,-0.12,4.85
1997-05-19,600741,-9.45,-9.46,-9.44,-9.47,8292,12630000.0,-0.32,0.21,0.02,1.66
1997-05-20,600741,-9.45,-9.44,-9.42,-9.46,10908,17028000.0,-0.42,0.21,0.02,2.18
1997-05-21,600741,-9.44,-9.4,-9.38,-9.45,20162,32139000.0,-0.74,0.42,0.04,4.03
1997-05-22,600741,-9.52,-9.52,-9.43,-9.52,23763,35286000.0,-0.96,-1.28,-0.12,4.75
1997-05-23,600741,-9.52,-9.49,-9.48,-9.53,9884,14585000.0,-0.53,0.32,0.03,1.98
1997-05-26,600741,-9.47,-9.48,-9.46,-9.52,8399,12498000.0,-0.63,0.11,0.01,1.68
1997-05-27,600741,-9.47,-9.47,-9.45,-9.49,7711,11670000.0,-0.42,0.11,0.01,1.54
1997-05-28,600741,-9.47,-9.49,-9.46,-9.49,5871,8807000.0,-0.32,-0.21,-0.02,1.17
1997-05-29,600741,-9.49,-9.5,-9.48,-9.51,5268,7835000.0,-0.32,-0.11,-0.01,1.05
1997-05-30,600741,-9.49,-9.47,-9.47,-9.5,5733,8532000.0,-0.32,0.32,0.03,1.15
1997-06-02,600741,-9.46,-9.42,-9.41,-9.46,10364,16252000.0,-0.53,0.53,0.05,2.07
1997-06-03,600741,-9.42,-9.39,-9.38,-9.46,20067,31943000.0,-0.85,0.32,0.03,4.01
1997-06-04,600741,-9.37,-9.4,-9.37,-9.41,12162,19613000.0,-0.43,-0.11,-0.01,2.43
1997-06-05,600741,-9.39,-9.41,-9.38,-9.42,10034,15948000.0,-0.43,-0.11,-0.01,2.01
1997-06-06,600741,-9.48,-9.49,-9.44,-9.51,19193,28962000.0,-0.74,-0.85,-0.08,3.84
1997-06-09,600741,-9.49,-9.5,-9.49,-9.52,6841,10000000.0,-0.32,-0.11,-0.01,1.37
1997-06-10,600741,-9.49,-9.51,-9.48,-9.52,4856,7147000.0,-0.42,-0.11,-0.01,0.97
1997-06-11,600741,-9.52,-9.55,-9.5,-9.58,7580,10648000.0,-0.84,-0.42,-0.04,1.52
1997-06-12,600741,-9.53,-9.55,-9.52,-9.55,4629,6533000.0,-0.31,0.0,0.0,0.93
1997-06-13,600741,-9.56,-9.52,-9.51,-9.58,7039,9981000.0,-0.73,0.31,0.03,1.41
1997-06-16,600741,-9.5,-9.5,-9.49,-9.51,5079,7491000.0,-0.21,0.21,0.02,1.02
1997-06-17,600741,-9.52,-9.51,-9.5,-9.53,3793,5524000.0,-0.32,-0.11,-0.01,0.76
1997-06-18,600741,-9.49,-9.51,-9.49,-9.52,2729,3992000.0,-0.32,0.0,0.0,0.55
1997-06-19,600741,-9.5,-9.52,-9.49,-9.52,3024,4399000.0,-0.32,-0.11,-0.01,0.6
1997-06-20,600741,-9.51,-9.47,-9.46,-9.51,5572,8346000.0,-0.53,0.53,0.05,1.11
1997-06-23,600741,-9.46,-9.49,-9.44,-9.49,6593,9973000.0,-0.53,-0.21,-0.02,1.32
1997-06-24,600741,-9.48,-9.43,-9.42,-9.5,7220,10989000.0,-0.84,0.63,0.06,1.44
1997-06-25,600741,-9.43,-9.45,-9.43,-9.46,5832,8982000.0,-0.32,-0.21,-0.02,1.17
1997-06-26,600741,-9.48,-9.47,-9.45,-9.48,4228,6413000.0,-0.32,-0.21,-0.02,0.85
1997-06-27,600741,-9.47,-9.51,-9.46,-9.51,6598,9803000.0,-0.53,-0.42,-0.04,1.32
1997-07-02,600741,-9.48,-9.54,-9.48,-9.6,5518,7787000.0,-1.26,-0.32,-0.03,1.1
1997-07-03,600741,-9.54,-9.57,-9.54,-9.58,5361,7412000.0,-0.42,-0.31,-0.03,1.07
1997-07-04,600741,-9.58,-9.56,-9.55,-9.6,3492,4787000.0,-0.52,0.1,0.01,0.7
1997-07-07,600741,-9.57,-9.62,-9.56,-9.63,4040,5412000.0,-0.73,-0.63,-0.06,0.81
1997-07-08,600741,-9.62,-9.59,-9.55,-9.63,3960,5239000.0,-0.83,0.31,0.03,0.79
1997-07-09,600741,-9.6,-9.59,-9.58,-9.6,2214,2979000.0,-0.21,0.0,0.0,0.44
1997-07-10,600741,-9.58,-9.57,-9.56,-9.59,3075,4227000.0,-0.31,0.21,0.02,0.62
1997-07-11,600741,-9.58,-9.54,-9.54,-9.58,3921,5470000.0,-0.42,0.31,0.03,0.78
1997-07-14,600741,-9.54,-9.52,-9.51,-9.54,5597,8065000.0,-0.31,0.21,0.02,1.12
1997-07-15,600741,-9.51,-9.47,-9.45,-9.53,15248,22861000.0,-0.84,0.53,0.05,3.05
1997-07-16,600741,-9.47,-9.47,-9.43,-9.48,16027,24554000.0,-0.53,0.0,0.0,3.21
1997-07-17,600741,-9.47,-9.47,-9.43,-9.48,9713,14904000.0,-0.53,0.0,0.0,1.94
1997-07-18,600741,-9.45,-9.46,-9.45,-9.48,6698,10174000.0,-0.32,0.11,0.01,1.34
1997-07-21,600741,-9.45,-9.45,-9.41,-9.46,11135,17330000.0,-0.53,0.11,0.01,2.23
1997-07-22,600741,-9.45,-9.44,-9.43,-9.48,8180,12574000.0,-0.53,0.11,0.01,1.64
1997-07-23,600741,-9.42,-9.46,-9.42,-9.46,6547,10149000.0,-0.42,-0.21,-0.02,1.31
1997-07-24,600741,-9.46,-9.49,-9.45,-9.49,5731,8623000.0,-0.42,-0.32,-0.03,1.15
1997-07-25,600741,-9.5,-9.49,-9.48,-9.51,5006,7426000.0,-0.32,0.0,0.0,1.0
1997-07-28,600741,-9.48,-9.52,-9.48,-9.52,4218,6192000.0,-0.42,-0.32,-0.03,0.84
1997-07-29,600741,-9.53,-9.52,-9.51,-9.54,3404,4897000.0,-0.32,0.0,0.0,0.68
1997-07-30,600741,-9.51,-9.49,-9.48,-9.52,2942,4360000.0,-0.42,0.32,0.03,0.59
1997-07-31,600741,-9.48,-9.49,-9.47,-9.49,2343,3497000.0,-0.21,0.0,0.0,0.47
1997-08-01,600741,-9.48,-9.47,-9.46,-9.49,3570,5373000.0,-0.32,0.21,0.02,0.71
1997-08-04,600741,-9.46,-9.45,-9.42,-9.46,5130,7961000.0,-0.42,0.21,0.02,1.03
1997-08-05,600741,-9.44,-9.47,-9.44,-9.47,2620,3985000.0,-0.32,-0.21,-0.02,0.52
1997-08-06,600741,-9.47,-9.49,-9.45,-9.49,2362,3556000.0,-0.42,-0.21,-0.02,0.47
1997-08-07,600741,-9.49,-9.47,-9.47,-9.5,2400,3569000.0,-0.32,0.21,0.02,0.48
1997-08-08,600741,-9.47,-9.48,-9.46,-9.49,2753,4141000.0,-0.32,-0.11,-0.01,0.55
1997-08-11,600741,-9.48,-9.5,-9.48,-9.52,2697,3989000.0,-0.42,-0.21,-0.02,0.54
1997-08-12,600741,-9.51,-9.51,-9.49,-9.52,2288,3363000.0,-0.32,-0.11,-0.01,0.46
1997-08-13,600741,-9.52,-9.55,-9.51,-9.55,3294,4725000.0,-0.42,-0.42,-0.04,0.66
1997-08-14,600741,-9.55,-9.5,-9.49,-9.55,2639,3801000.0,-0.63,0.52,0.05,0.53
1997-08-15,600741,-9.5,-9.53,-9.49,-9.54,2562,3685000.0,-0.53,-0.32,-0.03,0.51
1997-08-18,600741,-9.53,-9.55,-9.53,-9.55,2557,3650000.0,-0.21,-0.21,-0.02,0.51
1997-08-19,600741,-9.55,-9.54,-9.53,-9.55,2125,2999000.0,-0.21,0.1,0.01,0.43
1997-08-20,600741,-9.53,-9.53,-9.52,-9.54,1712,2437000.0,-0.21,0.1,0.01,0.34
1997-08-21,600741,-9.52,-9.52,-9.52,-9.53,2002,2882000.0,-0.1,0.1,0.01,0.4
1997-08-22,600741,-9.52,-9.51,-9.51,-9.53,3229,4667000.0,-0.21,0.11,0.01,0.65
1997-08-25,600741,-9.5,-9.49,-9.48,-9.51,3065,4526000.0,-0.32,0.21,0.02,0.61
1997-08-26,600741,-9.5,-9.51,-9.5,-9.52,3153,4619000.0,-0.21,-0.21,-0.02,0.63
1997-08-27,600741,-9.51,-9.5,-9.48,-9.51,3796,5622000.0,-0.32,0.11,0.01,0.76
1997-08-28,600741,-9.48,-9.48,-9.47,-9.5,6698,10102000.0,-0.32,0.21,0.02,1.34
1997-08-29,600741,-9.47,-9.5,-9.47,-9.5,4613,6831000.0,-0.32,-0.21,-0.02,0.92
1997-09-01,600741,-9.5,-9.51,-9.48,-9.52,4167,6148000.0,-0.42,-0.11,-0.01,0.83
1997-09-02,600741,-9.51,-9.5,-9.5,-9.52,5003,7272000.0,-0.21,0.11,0.01,1.0
1997-09-03,600741,-9.49,-9.49,-9.47,-9.5,4842,7222000.0,-0.32,0.11,0.01,0.97
1997-09-04,600741,-9.49,-9.43,-9.41,-9.49,21866,33984000.0,-0.84,0.63,0.06,4.37
1997-09-05,600741,-9.43,-9.43,-9.41,-9.44,15716,24730000.0,-0.32,0.0,0.0,3.14
1997-09-08,600741,-9.42,-9.43,-9.4,-9.43,8728,13849000.0,-0.32,0.0,0.0,1.75
1997-09-09,600741,-9.43,-9.4,-9.37,-9.43,37831,61562000.0,-0.64,0.32,0.03,7.57
1997-09-10,600741,-9.4,-9.4,-9.38,-9.42,9926,15988000.0,-0.43,0.0,0.0,1.99
1997-09-11,600741,-9.39,-9.4,-9.38,-9.41,12239,19884000.0,-0.32,0.0,0.0,2.45
1997-09-12,600741,-9.41,-9.44,-9.4,-9.44,8307,13091000.0,-0.43,-0.43,-0.04,1.66
1997-09-15,600741,-9.44,-9.47,-9.44,-9.47,5389,8233000.0,-0.32,-0.32,-0.03,1.08
1997-09-16,600741,-9.47,-9.47,-9.45,-9.48,2781,4224000.0,-0.32,0.0,0.0,0.56
1997-09-17,600741,-9.46,-9.47,-9.45,-9.48,2241,3393000.0,-0.32,0.0,0.0,0.45
1997-09-18,600741,-9.47,-9.47,-9.44,-9.47,2934,4492000.0,-0.32,0.0,0.0,0.59
1997-09-19,600741,-9.46,-9.46,-9.45,-9.47,2188,3348000.0,-0.21,0.11,0.01,0.44
1997-09-22,600741,-9.47,-9.52,-9.46,-9.53,5111,7481000.0,-0.74,-0.63,-0.06,1.02
1997-09-23,600741,-9.52,-9.57,-9.52,-9.58,4507,6340000.0,-0.63,-0.53,-0.05,0.9
1997-09-24,600741,-9.55,-9.52,-9.51,-9.55,5031,7215000.0,-0.42,0.52,0.05,1.01
1997-09-25,600741,-9.52,-9.52,-9.5,-9.53,3129,4551000.0,-0.32,0.0,0.0,0.63
1997-09-26,600741,-9.52,-9.53,-9.52,-9.54,1337,1910000.0,-0.21,-0.11,-0.01,0.27
1997-09-29,600741,-9.53,-9.55,-9.53,-9.55,1721,2432000.0,-0.21,-0.21,-0.02,0.34
1997-09-30,600741,-9.53,-9.53,-9.52,-9.54,1500,2146000.0,-0.21,0.21,0.02,0.3
1997-10-06,600741,-9.52,-9.53,-9.51,-9.53,901,1299000.0,-0.21,0.0,0.0,0.18
1997-10-07,600741,-9.53,-9.53,-9.52,-9.54,629,896000.0,-0.21,0.0,0.0,0.13
1997-10-08,600741,-9.53,-9.51,-9.49,-9.53,2763,4044000.0,-0.42,0.21,0.02,0.55
1997-10-09,600741,-9.51,-9.52,-9.5,-9.52,1153,1692000.0,-0.21,-0.11,-0.01,0.23
1997-10-10,600741,-9.5,-9.47,-9.47,-9.52,2334,3470000.0,-0.53,0.53,0.05,0.47
1997-10-13,600741,-9.46,-9.49,-9.46,-9.5,1303,1953000.0,-0.42,-0.21,-0.02,0.26
1997-10-14,600741,-9.51,-9.49,-9.49,-9.51,735,1080000.0,-0.21,0.0,0.0,0.15
1997-10-15,600741,-9.49,-9.48,-9.48,-9.5,1893,2828000.0,-0.21,0.11,0.01,0.38
1997-10-17,600741,-9.43,-9.42,-9.4,-9.44,13730,21752000.0,-0.42,0.63,0.06,2.75
1997-10-20,600741,-9.41,-9.44,-9.41,-9.45,4043,6305000.0,-0.42,-0.21,-0.02,0.81
1997-10-21,600741,-9.44,-9.41,-9.4,-9.46,6385,10027000.0,-0.64,0.32,0.03,1.28
1997-10-22,600741,-9.41,-9.44,-9.41,-9.46,5548,8608000.0,-0.53,-0.32,-0.03,1.11
1997-10-23,600741,-9.45,-9.45,-9.42,-9.47,2744,4242000.0,-0.53,-0.11,-0.01,0.55
1997-10-24,600741,-9.46,-9.46,-9.45,-9.47,2942,4488000.0,-0.21,-0.11,-0.01,0.59
1997-10-27,600741,-9.46,-9.43,-9.42,-9.46,4869,7602000.0,-0.42,0.32,0.03,0.97
1997-10-28,600741,-9.43,-9.47,-9.42,-9.48,5920,9081000.0,-0.64,-0.42,-0.04,1.18
1997-10-29,600741,-9.47,-9.49,-9.45,-9.49,4871,7314000.0,-0.42,-0.21,-0.02,0.97
1997-10-30,600741,-9.48,-9.49,-9.45,-9.49,4765,7167000.0,-0.42,0.0,0.0,0.95
1997-10-31,600741,-9.49,-9.48,-9.48,-9.5,2334,3454000.0,-0.21,0.11,0.01,0.47
1997-11-03,600741,-9.48,-9.49,-9.48,-9.5,2234,3313000.0,-0.21,-0.11,-0.01,0.45
1997-11-04,600741,-9.5,-9.48,-9.47,-9.5,3634,5433000.0,-0.32,0.11,0.01,0.73
1997-11-05,600741,-9.48,-9.48,-9.47,-9.5,908,1349003.0,-0.32,0.0,0.0,0.18
1997-11-06,600741,-9.47,-9.49,-9.47,-9.49,2436,3641000.0,-0.21,-0.11,-0.01,0.49
1997-11-07,600741,-9.49,-9.49,-9.48,-9.51,6319,9303000.0,-0.32,0.0,0.0,1.26
1997-11-10,600741,-9.49,-9.5,-9.48,-9.51,2550,3797000.0,-0.32,-0.11,-0.01,0.51
1997-11-11,600741,-9.51,-9.47,-9.47,-9.52,2566,3801000.0,-0.53,0.32,0.03,0.51
1997-11-12,600741,-9.47,-9.47,-9.44,-9.48,6072,9301000.0,-0.42,0.0,0.0,1.21
1997-11-13,600741,-9.48,-9.45,-9.45,-9.48,4017,6104000.0,-0.32,0.21,0.02,0.8
1997-11-14,600741,-9.45,-9.46,-9.44,-9.46,4301,6619000.0,-0.21,-0.11,-0.01,0.86
1997-11-17,600741,-9.45,-9.48,-9.45,-9.49,1601,2433000.0,-0.42,-0.21,-0.02,0.32
1997-11-18,600741,-9.48,-9.48,-9.47,-9.49,1920,2880000.0,-0.21,0.0,0.0,0.38
1997-11-19,600741,-9.48,-9.48,-9.47,-9.48,1558,2346000.0,-0.11,0.0,0.0,0.31
1997-11-20,600741,-9.48,-9.49,-9.48,-9.49,1436,2145000.0,-0.11,-0.11,-0.01,0.29
1997-11-21,600741,-9.51,-9.51,-9.48,-9.52,1898,2781000.0,-0.42,-0.21,-0.02,0.38
1997-11-24,600741,-9.51,-9.52,-9.5,-9.52,1621,2357000.0,-0.21,-0.11,-0.01,0.32
1997-11-25,600741,-9.52,-9.52,-9.5,-9.52,1552,2250000.0,-0.21,0.0,0.0,0.31
1997-11-26,600741,-9.51,-9.48,-9.47,-9.52,4121,6145000.0,-0.53,0.42,0.04,0.82
1997-11-27,600741,-9.49,-9.51,-9.48,-9.51,2763,4103000.0,-0.32,-0.32,-0.03,0.55
1997-11-28,600741,-9.51,-9.49,-9.49,-9.51,1266,1871000.0,-0.21,0.21,0.02,0.25
1997-12-01,600741,-9.49,-9.49,-9.47,-9.49,2310,3468000.0,-0.21,0.0,0.0,0.46
1997-12-02,600741,-9.49,-9.49,-9.47,-9.49,728,1091000.0,-0.21,0.0,0.0,0.15
1997-12-03,600741,-9.49,-9.49,-9.49,-9.5,1057,1560000.0,-0.11,0.0,0.0,0.21
1997-12-04,600741,-9.49,-9.48,-9.47,-9.5,2543,3785000.0,-0.32,0.11,0.01,0.51
1997-12-05,600741,-9.49,-9.48,-9.44,-9.49,2260,3406000.0,-0.53,0.0,0.0,0.45
1997-12-08,600741,-9.47,-9.47,-9.47,-9.49,1219,1828000.0,-0.21,0.11,0.01,0.24
1997-12-09,600741,-9.47,-9.47,-9.47,-9.48,1979,2978000.0,-0.11,0.0,0.0,0.4
1997-12-10,600741,-9.48,-9.46,-9.46,-9.48,2783,4219000.0,-0.21,0.11,0.01,0.56
1997-12-11,600741,-9.46,-9.44,-9.42,-9.46,21160,33183000.0,-0.42,0.21,0.02,4.23
1997-12-12,600741,-9.43,-9.44,-9.43,-9.45,4067,6309000.0,-0.21,0.0,0.0,0.81
1997-12-15,600741,-9.44,-9.45,-9.43,-9.45,3274,5069000.0,-0.21,-0.11,-0.01,0.65
1997-12-16,600741,-9.44,-9.43,-9.42,-9.45,6294,9864000.0,-0.32,0.21,0.02,1.26
1997-12-17,600741,-9.46,-9.46,-9.44,-9.47,3778,5790000.0,-0.32,-0.32,-0.03,0.76
1997-12-18,600741,-9.47,-9.46,-9.45,-9.48,5471,8397000.0,-0.32,0.0,0.0,1.09
1997-12-19,600741,-9.45,-9.45,-9.44,-9.46,2780,4287000.0,-0.21,0.11,0.01,0.56
1997-12-22,600741,-9.45,-9.45,-9.44,-9.47,5033,7694000.0,-0.32,0.0,0.0,1.01
1997-12-23,600741,-9.44,-9.46,-9.42,-9.49,4030,6177000.0,-0.74,-0.11,-0.01,0.81
1997-12-24,600741,-9.45,-9.44,-9.42,-9.46,4096,6367000.0,-0.42,0.21,0.02,0.82
1997-12-25,600741,-9.43,-9.42,-9.41,-9.44,8329,13098000.0,-0.32,0.21,0.02,1.67
1997-12-26,600741,-9.42,-9.41,-9.39,-9.43,13063,20941000.0,-0.42,0.11,0.01,2.61
1997-12-29,600741,-9.4,-9.43,-9.4,-9.43,5637,8993000.0,-0.32,-0.21,-0.02,1.13
1997-12-30,600741,-9.42,-9.44,-9.42,-9.44,3100,4851000.0,-0.21,-0.11,-0.01,0.62
1997-12-31,600741,-9.44,-9.42,-9.41,-9.44,8714,13729000.0,-0.32,0.21,0.02,1.74
1998-01-05,600741,-9.41,-9.4,-9.39,-9.42,9465,15219000.0,-0.32,0.21,0.02,1.89
1998-01-06,600741,-9.4,-9.38,-9.38,-9.41,9981,16179000.0,-0.32,0.21,0.02,2.0
1998-01-07,600741,-9.39,-9.34,-9.32,-9.39,17738,29778000.0,-0.75,0.43,0.04,3.55
1998-01-08,600741,-9.34,-9.34,-9.3,-9.35,13348,22865000.0,-0.54,0.0,0.0,2.67
1998-01-09,600741,-9.34,-9.34,-9.31,-9.35,12856,21878000.0,-0.43,0.0,0.0,2.57
1998-01-12,600741,-9.33,-9.29,-9.27,-9.33,19247,33314000.0,-0.64,0.54,0.05,3.85
1998-01-13,600741,-9.27,-9.36,-9.27,-9.41,24405,40618000.0,-1.51,-0.75,-0.07,4.88
1998-01-14,600741,-9.36,-9.35,-9.33,-9.37,7315,12223000.0,-0.43,0.11,0.01,1.46
1998-01-15,600741,-9.33,-9.32,-9.29,-9.34,9256,15939000.0,-0.53,0.32,0.03,1.85
1998-01-16,600741,-9.3,-9.3,-9.24,-9.33,19297,34034000.0,-0.97,0.21,0.02,3.86
1998-01-19,600741,-9.3,-9.28,-9.25,-9.3,12445,22180000.0,-0.54,0.22,0.02,2.49
1998-01-20,600741,-9.28,-9.32,-9.26,-9.33,6157,10688000.0,-0.75,-0.43,-0.04,1.23
1998-01-21,600741,-9.33,-9.34,-9.31,-9.34,4315,7353000.0,-0.32,-0.21,-0.02,0.86
1998-01-22,600741,-9.34,-9.32,-9.3,-9.34,4345,7485000.0,-0.43,0.21,0.02,0.87
1998-01-23,600741,-9.3,-9.3,-9.28,-9.32,5376,9388000.0,-0.43,0.21,0.02,1.08
1998-02-09,600741,-9.27,-9.28,-9.26,-9.28,8736,15615000.0,-0.22,0.22,0.02,1.75
1998-02-10,600741,-9.27,-9.28,-9.25,-9.28,8584,15351000.0,-0.32,0.0,0.0,1.72
1998-02-11,600741,-9.27,-9.3,-9.27,-9.3,6757,11865000.0,-0.32,-0.22,-0.02,1.35
1998-02-12,600741,-9.3,-9.31,-9.29,-9.33,18923,32677000.0,-0.43,-0.11,-0.01,3.78
1998-02-13,600741,-9.31,-9.29,-9.27,-9.31,27092,47688000.0,-0.43,0.21,0.02,5.42
1998-02-16,600741,-9.24,-9.27,-9.21,-9.29,26317,36385000.0,-0.86,0.22,0.02,3.51
1998-02-17,600741,-9.28,-9.27,-9.22,-9.29,8640,11759000.0,-0.76,0.0,0.0,1.15
1998-02-18,600741,-9.24,-9.23,-9.23,-9.27,13646,18883000.0,-0.43,0.43,0.04,1.82
1998-02-19,600741,-9.21,-9.21,-9.19,-9.23,10741,15071000.0,-0.43,0.22,0.02,1.43
1998-02-20,600741,-9.2,-9.24,-9.2,-9.24,8368,11708000.0,-0.43,-0.33,-0.03,1.12
1998-02-23,600741,-9.25,-9.26,-9.23,-9.29,9098,12355000.0,-0.65,-0.22,-0.02,1.21
1998-02-24,600741,-9.27,-9.28,-9.27,-9.29,6159,8324000.0,-0.22,-0.22,-0.02,0.82
1998-02-25,600741,-9.28,-9.3,-9.27,-9.31,6595,8859000.0,-0.43,-0.22,-0.02,0.88
1998-02-26,600741,-9.3,-9.3,-9.29,-9.32,6701,8871000.0,-0.32,0.0,0.0,0.89
1998-02-27,600741,-9.28,-9.28,-9.27,-9.3,6629,8897000.0,-0.32,0.22,0.02,0.88
1998-03-02,600741,-9.29,-9.32,-9.28,-9.33,5850,7755000.0,-0.54,-0.43,-0.04,0.78
1998-03-03,600741,-9.31,-9.29,-9.29,-9.32,3652,4858000.0,-0.32,0.32,0.03,0.49
1998-03-04,600741,-9.28,-9.25,-9.24,-9.29,8079,11025000.0,-0.54,0.43,0.04,1.08
1998-03-05,600741,-9.24,-9.26,-9.24,-9.28,10957,14984000.0,-0.43,-0.11,-0.01,1.46
1998-03-06,600741,-9.26,-9.26,-9.25,-9.27,10141,13866000.0,-0.22,0.0,0.0,1.35
1998-03-09,600741,-9.26,-9.22,-9.22,-9.28,33370,45820000.0,-0.65,0.43,0.04,4.45
1998-03-10,600741,-9.22,-9.22,-9.18,-9.23,44819,63368000.0,-0.54,0.0,0.0,5.98
1998-03-11,600741,-9.21,-9.22,-9.18,-9.23,36326,51466000.0,-0.54,0.0,0.0,4.85
1998-03-12,600741,-9.22,-9.24,-9.2,-9.25,24716,34568000.0,-0.54,-0.22,-0.02,3.3
1998-03-13,600741,-9.2,-9.24,-9.2,-9.24,33789,47123000.0,-0.43,0.0,0.0,4.51
1998-03-16,600741,-9.21,-9.16,-9.16,-9.21,45365,65363000.0,-0.54,0.87,0.08,6.05
1998-03-17,600741,-9.15,-9.17,-9.14,-9.17,25616,37229000.0,-0.33,-0.11,-0.01,3.42
1998-03-18,600741,-9.16,-9.21,-9.15,-9.22,19713,28166000.0,-0.76,-0.44,-0.04,2.63
1998-03-19,600741,-9.21,-9.22,-9.19,-9.23,24911,34929000.0,-0.43,-0.11,-0.01,3.32
1998-03-20,600741,-9.22,-9.22,-9.21,-9.23,10503,14743000.0,-0.22,0.0,0.0,1.4
1998-03-23,600741,-9.21,-9.22,-9.2,-9.22,12505,17638000.0,-0.22,0.0,0.0,1.67
1998-03-24,600741,-9.21,-9.21,-9.18,-9.22,10835,15316000.0,-0.43,0.11,0.01,1.45
1998-03-25,600741,-9.2,-9.22,-9.18,-9.23,13586,19156000.0,-0.54,-0.11,-0.01,1.81
1998-03-26,600741,-9.22,-9.25,-9.21,-9.26,16008,22187000.0,-0.54,-0.33,-0.03,2.14
1998-03-27,600741,-9.23,-9.21,-9.2,-9.25,18834,26470000.0,-0.54,0.43,0.04,2.51
1998-03-30,600741,-9.21,-9.18,-9.16,-9.21,22301,32007000.0,-0.54,0.33,0.03,2.98
1998-03-31,600741,-9.18,-9.18,-9.17,-9.22,12255,17516000.0,-0.54,0.0,0.0,1.64
1998-04-01,600741,-9.17,-9.18,-9.17,-9.2,11286,16196000.0,-0.33,0.0,0.0,1.51
1998-04-02,600741,-9.17,-9.15,-9.08,-9.17,54929,81758000.0,-0.98,0.33,0.03,7.33
1998-04-03,600741,-9.14,-9.14,-9.12,-9.16,15111,22236000.0,-0.44,0.11,0.01,2.02
1998-04-06,600741,-9.14,-9.12,-9.1,-9.14,21174,31483000.0,-0.44,0.22,0.02,2.83
1998-04-07,600741,-9.12,-9.14,-9.11,-9.15,11747,17356000.0,-0.44,-0.22,-0.02,1.57
1998-04-08,600741,-9.14,-9.12,-9.11,-9.15,17741,26403000.0,-0.44,0.22,0.02,2.37
1998-04-09,600741,-9.12,-9.15,-9.12,-9.16,14819,21836000.0,-0.44,-0.33,-0.03,1.98
1998-04-10,600741,-9.15,-9.1,-9.09,-9.15,20658,31040000.0,-0.66,0.55,0.05,2.76
1998-04-13,600741,-9.08,-9.06,-9.05,-9.08,47769,73937000.0,-0.33,0.44,0.04,6.37
1998-04-14,600741,-9.05,-9.08,-9.05,-9.11,16592,25361000.0,-0.66,-0.22,-0.02,2.21
1998-04-16,600741,-9.06,-9.09,-9.05,-9.1,13813,21112000.0,-0.55,-0.11,-0.01,1.84
1998-04-17,600741,-9.1,-9.14,-9.1,-9.15,13280,19686000.0,-0.55,-0.55,-0.05,1.77
1998-04-20,600741,-9.15,-9.12,-9.12,-9.16,8708,12868000.0,-0.44,0.22,0.02,1.16
1998-04-21,600741,-9.14,-9.11,-9.11,-9.14,7478,11101000.0,-0.33,0.11,0.01,1.0
1998-04-22,600741,-9.12,-9.11,-9.1,-9.13,8031,12012000.0,-0.33,0.0,0.0,1.07
1998-04-23,600741,-9.11,-9.1,-9.05,-9.14,24229,36910000.0,-0.99,0.11,0.01,3.23
1998-04-24,600741,-9.1,-9.11,-9.07,-9.11,10185,15464000.0,-0.44,-0.11,-0.01,1.36
1998-04-27,600741,-9.1,-9.1,-9.07,-9.11,6749,10211000.0,-0.44,0.11,0.01,0.9
1998-04-28,600741,-9.09,-9.04,-9.04,-9.09,26989,41932000.0,-0.55,0.66,0.06,3.6
1998-04-29,600741,-9.03,-9.06,-9.02,-9.06,16380,25637000.0,-0.44,-0.22,-0.02,2.19
1998-04-30,600741,-9.06,-9.04,-9.04,-9.06,12987,20218000.0,-0.22,0.22,0.02,1.73
1998-05-04,600741,-9.04,-9.05,-9.04,-9.06,10633,16552000.0,-0.22,-0.11,-0.01,1.42
1998-05-05,600741,-9.05,-9.08,-9.05,-9.09,10776,16558000.0,-0.44,-0.33,-0.03,1.44
1998-05-06,600741,-9.08,-9.08,-9.06,-9.1,10080,15389000.0,-0.44,0.0,0.0,1.34
1998-05-07,600741,-9.06,-9.08,-9.01,-9.08,19824,31043000.0,-0.77,0.0,0.0,2.65
1998-05-08,600741,-9.08,-9.06,-9.05,-9.08,21114,32514000.0,-0.33,0.22,0.02,2.82
1998-05-11,600741,-9.04,-9.09,-9.03,-9.1,23467,36284000.0,-0.77,-0.33,-0.03,3.13
1998-05-12,600741,-9.06,-9.05,-9.04,-9.09,25999,24830000.0,-0.55,0.44,0.04,2.17
1998-06-16,600741,-8.88,-8.88,-8.88,-9.05,121396,127763000.0,-1.88,1.88,0.17,10.12
1998-06-17,600741,-8.81,-8.79,-8.71,-8.81,137472,155054000.0,-1.13,1.01,0.09,11.46
1998-06-18,600741,-8.78,-8.77,-8.77,-8.84,47309,52025000.0,-0.8,0.23,0.02,3.94
1998-06-19,600741,-8.77,-8.77,-8.72,-8.79,35997,40642000.0,-0.8,0.0,0.0,3.0
1998-06-22,600741,-8.75,-8.63,-8.62,-8.75,97558,116229000.0,-1.48,1.6,0.14,8.13
1998-06-23,600741,-8.61,-8.63,-8.59,-8.66,58528,70659000.0,-0.81,0.0,0.0,4.88
1998-06-24,600741,-8.61,-8.66,-8.6,-8.69,32693,38897000.0,-1.04,-0.35,-0.03,2.72
1998-06-25,600741,-8.66,-8.72,-8.64,-8.75,32067,36986000.0,-1.27,-0.69,-0.06,2.67
1998-06-26,600741,-8.73,-8.74,-8.7,-8.76,20439,23278000.0,-0.69,-0.23,-0.02,1.7
1998-06-29,600741,-8.74,-8.78,-8.72,-8.79,15187,17020000.0,-0.8,-0.46,-0.04,1.27
1998-06-30,600741,-8.77,-8.83,-8.76,-8.83,16783,18382000.0,-0.8,-0.57,-0.05,1.4
1998-07-01,600741,-8.78,-8.89,-8.74,-8.9,22884,24974000.0,-1.81,-0.68,-0.06,1.91
1998-07-02,600741,-8.89,-8.83,-8.82,-8.89,23223,24925000.0,-0.79,0.67,0.06,1.94
1998-07-03,600741,-8.82,-8.86,-8.79,-8.87,18643,20086000.0,-0.91,-0.34,-0.03,1.55
1998-07-06,600741,-8.86,-8.95,-8.85,-8.96,21621,22438000.0,-1.24,-1.02,-0.09,1.8
1998-07-07,600741,-8.95,-8.92,-8.91,-8.98,12545,12841000.0,-0.78,0.34,0.03,1.05
1998-07-08,600741,-8.92,-8.9,-8.87,-8.92,11673,12219000.0,-0.56,0.22,0.02,0.97
1998-07-09,600741,-8.86,-8.93,-8.86,-8.93,6803,7069000.0,-0.79,-0.34,-0.03,0.57
1998-07-10,600741,-8.92,-8.88,-8.84,-8.92,14087,14979000.0,-0.9,0.56,0.05,1.17
1998-07-13,600741,-8.84,-8.89,-8.84,-8.91,11856,12585000.0,-0.79,-0.11,-0.01,0.99
1998-07-14,600741,-8.89,-8.95,-8.88,-8.95,15872,16359000.0,-0.79,-0.67,-0.06,1.32
1998-07-15,600741,-8.95,-8.93,-8.91,-8.95,10272,10579000.0,-0.45,0.22,0.02,0.86
1998-07-16,600741,-8.93,-8.96,-8.92,-8.97,9320,9493000.0,-0.56,-0.34,-0.03,0.78
1998-07-17,600741,-8.96,-8.96,-8.93,-8.97,7558,7701000.0,-0.45,0.0,0.0,0.63
1998-07-20,600741,-8.96,-9.03,-8.96,-9.04,10634,10450000.0,-0.89,-0.78,-0.07,0.89
1998-07-21,600741,-9.02,-8.98,-8.95,-9.03,9415,9367000.0,-0.89,0.55,0.05,0.78
1998-07-22,600741,-8.98,-9.0,-8.97,-9.0,7499,7499000.0,-0.33,-0.22,-0.02,0.62
1998-07-23,600741,-8.95,-8.98,-8.95,-8.99,7732,7778000.0,-0.44,0.22,0.02,0.64
1998-07-24,600741,-8.98,-8.97,-8.94,-8.98,10172,10337000.0,-0.45,0.11,0.01,0.85
1998-07-27,600741,-8.97,-8.94,-8.92,-8.98,9858,10050000.0,-0.67,0.33,0.03,0.82
1998-07-28,600741,-8.93,-8.87,-8.85,-8.93,18284,19313000.0,-0.89,0.78,0.07,1.52
1998-07-29,600741,-8.87,-8.9,-8.85,-8.91,11244,11893000.0,-0.68,-0.34,-0.03,0.94
1998-07-30,600741,-8.89,-8.9,-8.88,-8.91,8501,8921000.0,-0.34,0.0,0.0,0.71
1998-07-31,600741,-8.9,-8.89,-8.87,-8.9,6827,7230000.0,-0.34,0.11,0.01,0.57
1998-08-03,600741,-8.88,-8.93,-8.87,-8.93,7288,7618000.0,-0.67,-0.45,-0.04,0.61
1998-08-04,600741,-8.93,-8.95,-8.93,-8.97,7129,7267000.0,-0.45,-0.22,-0.02,0.59
1998-08-05,600741,-8.93,-8.93,-8.92,-8.95,3544,3624000.0,-0.34,0.22,0.02,0.3
1998-08-06,600741,-8.93,-8.95,-8.91,-8.96,4714,4832000.0,-0.56,-0.22,-0.02,0.39
1998-08-07,600741,-8.95,-8.97,-8.95,-8.99,7902,8001000.0,-0.45,-0.22,-0.02,0.66
1998-08-10,600741,-8.98,-9.02,-8.98,-9.03,7620,7508000.0,-0.56,-0.56,-0.05,0.64
1998-08-11,600741,-9.01,-9.03,-9.0,-9.03,5096,5005000.0,-0.33,-0.11,-0.01,0.42
1998-08-12,600741,-9.04,-9.08,-9.02,-9.13,10491,9930000.0,-1.22,-0.55,-0.05,0.87
1998-08-13,600741,-9.07,-9.04,-9.04,-9.07,6281,6032000.0,-0.33,0.44,0.04,0.52
1998-08-14,600741,-9.04,-9.09,-9.04,-9.09,7331,6957000.0,-0.55,-0.55,-0.05,0.61
1998-08-17,600741,-9.16,-9.23,-9.13,-9.24,13420,11945000.0,-1.21,-1.54,-0.14,1.12
1998-08-18,600741,-9.25,-9.14,-9.14,-9.3,15264,13402000.0,-1.73,0.98,0.09,1.27
1998-08-19,600741,-9.13,-9.04,-9.04,-9.14,11145,10614000.0,-1.09,1.09,0.1,0.93
1998-08-20,600741,-9.04,-9.04,-9.02,-9.09,10859,10451000.0,-0.77,0.0,0.0,0.9
1998-08-21,600741,-9.04,-9.04,-9.04,-9.07,13644,13149000.0,-0.33,0.0,0.0,1.14
1998-08-24,600741,-9.06,-9.05,-9.02,-9.06,7798,7558000.0,-0.44,-0.11,-0.01,0.65
1998-08-25,600741,-9.06,-9.07,-9.06,-9.08,5955,5682000.0,-0.22,-0.22,-0.02,0.5
1998-08-26,600741,-9.07,-9.11,-9.07,-9.11,7042,6593000.0,-0.44,-0.44,-0.04,0.59
1998-08-27,600741,-9.12,-9.13,-9.12,-9.14,5251,4825000.0,-0.22,-0.22,-0.02,0.44
1998-08-28,600741,-9.14,-9.12,-9.11,-9.14,6422,5888000.0,-0.33,0.11,0.01,0.54
1998-08-31,600741,-9.16,-8.97,-8.97,-9.23,7306,6591000.0,-2.85,1.64,0.15,0.61
1998-09-01,600741,-9.11,-9.07,-9.01,-9.12,15717,15041000.0,-1.23,-1.11,-0.1,1.31
1998-09-02,600741,-9.08,-9.09,-9.08,-9.13,3957,3699000.0,-0.55,-0.22,-0.02,0.33
1998-09-03,600741,-9.11,-9.11,-9.08,-9.11,2747,2574000.0,-0.33,-0.22,-0.02,0.23
1998-09-04,600741,-9.1,-9.08,-9.07,-9.1,3495,3310000.0,-0.33,0.33,0.03,0.29
1998-09-07,600741,-9.07,-9.08,-9.07,-9.11,3762,3534000.0,-0.44,0.0,0.0,0.31
1998-09-08,600741,-9.05,-9.08,-9.01,-9.08,9262,8922000.0,-0.77,0.0,0.0,0.77
1998-09-09,600741,-9.07,-8.95,-8.95,-9.08,50870,51063000.0,-1.43,1.43,0.13,4.24
1998-09-10,600741,-8.95,-8.92,-8.92,-8.98,37543,38537000.0,-0.67,0.34,0.03,3.13
1998-09-11,600741,-8.92,-8.85,-8.82,-8.97,58289,62168000.0,-1.68,0.78,0.07,4.86
1998-09-14,600741,-8.85,-8.78,-8.77,-8.85,51862,57414000.0,-0.9,0.79,0.07,4.32
1998-09-15,600741,-8.78,-8.84,-8.78,-8.84,33901,37182000.0,-0.68,-0.68,-0.06,2.83
1998-09-16,600741,-8.85,-8.69,-8.67,-8.86,85228,96565000.0,-2.15,1.7,0.15,7.1
1998-09-17,600741,-8.69,-8.64,-8.56,-8.7,137199,165396000.0,-1.61,0.58,0.05,11.43
1998-09-18,600741,-8.67,-8.76,-8.64,-8.81,59816,69113000.0,-1.97,-1.39,-0.12,4.98
1998-09-21,600741,-8.81,-8.73,-8.71,-8.83,30355,34258000.0,-1.37,0.34,0.03,2.53
1998-09-22,600741,-8.7,-8.69,-8.67,-8.75,35817,41222000.0,-0.92,0.46,0.04,2.98
1998-09-23,600741,-8.69,-8.74,-8.69,-8.75,10642,12153000.0,-0.69,-0.58,-0.05,0.89
1998-09-24,600741,-8.74,-8.79,-8.72,-8.82,22314,24746000.0,-1.14,-0.57,-0.05,1.86
1998-09-25,600741,-8.81,-8.74,-8.73,-8.81,16062,18048000.0,-0.91,0.57,0.05,1.34
1998-09-28,600741,-8.72,-8.76,-8.72,-8.76,6508,7367000.0,-0.46,-0.23,-0.02,0.54
1998-09-29,600741,-8.64,-8.74,-8.64,-8.76,21976,25167000.0,-1.37,0.23,0.02,1.83
1998-09-30,600741,-8.74,-8.69,-8.69,-8.75,14654,16794000.0,-0.69,0.57,0.05,1.22
1998-10-05,600741,-8.7,-8.74,-8.7,-8.75,6254,7148000.0,-0.58,-0.58,-0.05,0.52
1998-10-06,600741,-8.74,-8.78,-8.72,-8.8,7025,7935000.0,-0.92,-0.46,-0.04,0.59
1998-10-07,600741,-8.79,-8.81,-8.77,-8.82,10507,11608000.0,-0.57,-0.34,-0.03,0.88
1998-10-08,600741,-8.79,-8.79,-8.78,-8.81,7883,8718000.0,-0.34,0.23,0.02,0.66
1998-10-09,600741,-8.79,-8.8,-8.79,-8.83,14159,15535000.0,-0.46,-0.11,-0.01,1.18
1998-10-12,600741,-8.82,-8.84,-8.81,-8.9,20213,21722000.0,-1.02,-0.45,-0.04,1.68
1998-10-13,600741,-8.84,-8.82,-8.82,-8.88,14996,16156000.0,-0.68,0.23,0.02,1.25
1998-10-14,600741,-8.83,-8.81,-8.81,-8.86,7413,8033000.0,-0.57,0.11,0.01,0.62
1998-10-15,600741,-8.81,-8.79,-8.78,-8.83,11083,12255000.0,-0.57,0.23,0.02,0.92
1998-10-16,600741,-8.79,-8.79,-8.76,-8.8,11086,12389000.0,-0.46,0.0,0.0,0.92
1998-10-19,600741,-8.79,-8.85,-8.79,-8.86,10257,11080000.0,-0.8,-0.68,-0.06,0.85
1998-10-20,600741,-8.85,-8.88,-8.84,-8.88,10582,11272000.0,-0.45,-0.34,-0.03,0.88
1998-10-21,600741,-8.88,-8.88,-8.88,-8.94,14372,14995000.0,-0.68,0.0,0.0,1.2
1998-10-22,600741,-8.89,-8.91,-8.89,-8.95,7881,8168000.0,-0.68,-0.34,-0.03,0.66
1998-10-23,600741,-8.91,-8.93,-8.89,-8.93,8004,8306000.0,-0.45,-0.22,-0.02,0.67
1998-10-26,600741,-8.93,-8.97,-8.93,-8.99,9908,10006000.0,-0.67,-0.45,-0.04,0.83
1998-10-27,600741,-8.97,-8.96,-8.95,-8.99,9353,9414000.0,-0.45,0.11,0.01,0.78
1998-10-28,600741,-8.96,-8.95,-8.94,-8.96,6068,6196000.0,-0.22,0.11,0.01,0.51
1998-10-29,600741,-8.94,-8.97,-8.94,-8.99,6843,6885000.0,-0.56,-0.22,-0.02,0.57
1998-10-30,600741,-8.97,-8.98,-8.96,-8.99,10336,10374000.0,-0.33,-0.11,-0.01,0.86
1998-11-02,600741,-8.98,-9.01,-8.97,-9.02,8833,8755000.0,-0.56,-0.33,-0.03,0.74
1998-11-03,600741,-9.01,-8.94,-8.9,-9.01,9479,9726000.0,-1.22,0.78,0.07,0.79
1998-11-04,600741,-8.9,-8.91,-8.83,-8.92,22364,23699000.0,-1.01,0.34,0.03,1.86
1998-11-05,600741,-8.91,-8.91,-8.88,-8.95,7575,7810000.0,-0.79,0.0,0.0,0.63
1998-11-06,600741,-8.9,-8.92,-8.89,-8.93,6952,7228000.0,-0.45,-0.11,-0.01,0.58
1998-11-09,600741,-8.92,-8.91,-8.9,-8.94,8276,8630000.0,-0.45,0.11,0.01,0.69
1998-11-10,600741,-8.9,-8.85,-8.85,-8.92,12446,13130000.0,-0.79,0.67,0.06,1.04
1998-11-11,600741,-8.85,-8.78,-8.78,-8.88,40716,44909000.0,-1.13,0.79,0.07,3.39
1998-11-12,600741,-8.78,-8.81,-8.78,-8.85,12815,14011000.0,-0.8,-0.34,-0.03,1.07
1998-11-13,600741,-8.87,-8.83,-8.82,-8.88,6388,6862000.0,-0.68,-0.23,-0.02,0.53
1998-11-16,600741,-8.83,-8.83,-8.83,-8.87,4780,5149000.0,-0.45,0.0,0.0,0.4
1998-11-17,600741,-8.83,-8.85,-8.83,-8.9,6476,6891000.0,-0.79,-0.23,-0.02,0.54
1998-11-18,600741,-8.86,-8.9,-8.86,-8.92,6054,6364000.0,-0.68,-0.56,-0.05,0.5
1998-11-19,600741,-8.92,-8.92,-8.88,-8.93,4611,4800000.0,-0.56,-0.22,-0.02,0.38
1998-11-20,600741,-8.91,-8.9,-8.88,-8.92,4453,4663000.0,-0.45,0.22,0.02,0.37
1998-11-23,600741,-8.89,-8.94,-8.89,-8.95,10942,11280000.0,-0.67,-0.45,-0.04,0.91
1998-11-24,600741,-8.94,-8.93,-8.92,-8.95,7081,7276000.0,-0.34,0.11,0.01,0.59
1998-11-25,600741,-8.93,-8.95,-8.9,-8.95,5600,5743000.0,-0.56,-0.22,-0.02,0.47
1998-11-26,600741,-8.95,-8.97,-8.94,-8.98,8151,8257000.0,-0.45,-0.22,-0.02,0.68
1998-11-27,600741,-8.99,-8.92,-8.92,-8.99,6370,6434000.0,-0.78,0.56,0.05,0.53
1998-11-30,600741,-8.93,-8.93,-8.93,-8.99,13731,13875000.0,-0.67,-0.11,-0.01,1.14
1998-12-01,600741,-8.94,-8.97,-8.93,-8.97,2630,2701000.0,-0.45,-0.45,-0.04,0.22
1998-12-02,600741,-8.98,-8.91,-8.9,-8.98,3562,3650000.0,-0.89,0.67,0.06,0.3
1998-12-03,600741,-8.92,-8.9,-8.89,-8.92,8145,8527000.0,-0.34,0.11,0.01,0.68
1998-12-04,600741,-8.9,-8.93,-8.89,-8.93,6326,6600000.0,-0.45,-0.34,-0.03,0.53
1998-12-07,600741,-8.91,-8.96,-8.9,-8.98,6547,6711000.0,-0.9,-0.34,-0.03,0.55
1998-12-08,600741,-8.98,-8.91,-8.91,-8.98,3504,3623000.0,-0.78,0.56,0.05,0.29
1998-12-09,600741,-8.91,-8.92,-8.91,-8.93,1925,1996000.0,-0.22,-0.11,-0.01,0.16
1998-12-10,600741,-8.92,-8.93,-8.92,-8.95,2486,2564000.0,-0.34,-0.11,-0.01,0.21
1998-12-11,600741,-8.95,-8.91,-8.91,-8.95,3859,4007000.0,-0.45,0.22,0.02,0.32
1998-12-14,600741,-8.9,-8.91,-8.89,-8.92,5761,6027000.0,-0.34,0.0,0.0,0.48
1998-12-15,600741,-8.91,-8.89,-8.88,-8.92,6868,7171000.0,-0.45,0.22,0.02,0.57
1998-12-16,600741,-8.88,-8.86,-8.82,-8.89,20200,21798000.0,-0.79,0.34,0.03,1.68
1998-12-17,600741,-8.86,-8.85,-8.82,-8.88,16148,17403000.0,-0.68,0.11,0.01,1.35
1998-12-18,600741,-8.86,-8.87,-8.84,-8.91,11332,12061000.0,-0.79,-0.23,-0.02,0.94
1998-12-21,600741,-8.89,-8.86,-8.86,-8.9,5936,6341000.0,-0.45,0.11,0.01,0.49
1998-12-22,600741,-8.86,-8.83,-8.83,-8.87,7730,8352000.0,-0.45,0.34,0.03,0.64
1998-12-23,600741,-8.83,-8.85,-8.83,-8.86,6116,6598000.0,-0.34,-0.23,-0.02,0.51
1998-12-24,600741,-8.84,-8.84,-8.84,-8.88,5751,6175000.0,-0.45,0.11,0.01,0.48
1998-12-25,600741,-8.84,-8.81,-8.77,-8.84,31596,35077000.0,-0.79,0.34,0.03,2.63
1998-12-28,600741,-8.79,-8.81,-8.76,-8.85,11959,13127000.0,-1.02,0.0,0.0,1.0
1998-12-29,600741,-8.81,-8.82,-8.81,-8.86,11370,12285000.0,-0.57,-0.11,-0.01,0.95
1998-12-30,600741,-8.85,-8.81,-8.78,-8.87,11399,12391000.0,-1.02,0.11,0.01,0.95
1998-12-31,600741,-8.79,-8.81,-8.79,-8.85,6822,7425000.0,-0.68,0.0,0.0,0.57
1999-01-04,600741,-8.83,-8.84,-8.81,-8.85,5216,5681000.0,-0.45,-0.34,-0.03,0.43
1999-01-05,600741,-8.85,-8.92,-8.84,-8.93,8899,9438000.0,-1.02,-0.9,-0.08,0.74
1999-01-06,600741,-8.93,-8.92,-8.89,-8.93,6535,6805000.0,-0.45,0.0,0.0,0.54
1999-01-07,600741,-8.92,-8.92,-8.89,-8.92,2430,2531000.0,-0.34,0.0,0.0,0.2
1999-01-08,600741,-8.9,-8.84,-8.84,-8.92,5024,5369000.0,-0.9,0.9,0.08,0.42
1999-01-11,600741,-8.84,-8.84,-8.83,-8.87,4336,4694000.0,-0.45,0.0,0.0,0.36
1999-01-12,600741,-8.88,-8.88,-8.84,-8.89,4631,4930000.0,-0.57,-0.45,-0.04,0.39
1999-01-13,600741,-8.9,-8.86,-8.85,-8.9,6134,6502000.0,-0.56,0.23,0.02,0.51
1999-01-14,600741,-8.86,-8.83,-8.81,-8.86,7992,8652000.0,-0.56,0.34,0.03,0.67
1999-01-15,600741,-8.83,-8.85,-8.82,-8.86,2952,3185000.0,-0.45,-0.23,-0.02,0.25
1999-01-18,600741,-8.86,-8.79,-8.78,-8.86,20073,22062000.0,-0.9,0.68,0.06,1.67
1999-01-19,600741,-8.78,-8.82,-8.78,-8.83,11402,12570000.0,-0.57,-0.34,-0.03,0.95
1999-01-20,600741,-8.82,-8.82,-8.8,-8.82,6199,6815000.0,-0.23,0.0,0.0,0.52
1999-01-21,600741,-8.82,-8.8,-8.78,-8.82,12536,13891000.0,-0.45,0.23,0.02,1.04
1999-01-22,600741,-8.79,-8.78,-8.77,-8.81,11451,12783000.0,-0.45,0.23,0.02,0.95
1999-01-25,600741,-8.78,-8.84,-8.78,-8.85,7607,8312000.0,-0.8,-0.68,-0.06,0.63
1999-01-26,600741,-8.86,-8.89,-8.84,-8.89,6128,6532000.0,-0.57,-0.57,-0.05,0.51
1999-01-27,600741,-8.88,-8.86,-8.85,-8.89,4730,5030000.0,-0.45,0.34,0.03,0.39
1999-01-28,600741,-8.86,-8.86,-8.85,-8.88,4039,4321000.0,-0.34,0.0,0.0,0.34
1999-01-29,600741,-8.87,-8.85,-8.85,-8.9,4681,4958000.0,-0.56,0.11,0.01,0.39
1999-02-01,600741,-8.88,-8.89,-8.87,-8.9,3757,3966000.0,-0.34,-0.45,-0.04,0.31
1999-02-02,600741,-8.89,-8.89,-8.88,-8.91,3874,4067000.0,-0.34,0.0,0.0,0.32
1999-02-03,600741,-8.89,-8.87,-8.85,-8.89,3029,3230000.0,-0.45,0.22,0.02,0.25
1999-02-04,600741,-8.88,-8.89,-8.85,-8.91,3555,3757000.0,-0.68,-0.23,-0.02,0.3
1999-02-05,600741,-8.89,-8.95,-8.88,-8.95,6119,6329000.0,-0.79,-0.67,-0.06,0.51
1999-02-08,600741,-8.96,-8.96,-8.93,-8.98,3854,3925000.0,-0.56,-0.11,-0.01,0.32
1999-02-09,600741,-8.95,-8.88,-8.88,-8.95,6737,7056000.0,-0.78,0.89,0.08,0.56
1999-03-01,600741,-8.81,-8.86,-8.79,-8.86,6955,7554000.0,-0.79,0.23,0.02,0.58
1999-03-02,600741,-8.88,-8.9,-8.88,-8.91,3574,3750000.0,-0.34,-0.45,-0.04,0.3
1999-03-03,600741,-8.9,-8.87,-8.87,-8.9,3582,3790000.0,-0.34,0.34,0.03,0.3
1999-03-04,600741,-8.86,-8.9,-8.86,-8.92,3806,4012000.0,-0.68,-0.34,-0.03,0.32
1999-03-05,600741,-8.9,-8.91,-8.89,-8.93,5704,5938000.0,-0.45,-0.11,-0.01,0.48
1999-03-08,600741,-8.91,-8.9,-8.89,-8.93,4952,5167000.0,-0.45,0.11,0.01,0.41
1999-03-09,600741,-8.9,-8.93,-8.9,-8.93,4105,4250000.0,-0.34,-0.34,-0.03,0.34
1999-03-10,600741,-8.93,-8.94,-8.92,-8.95,3945,4051000.0,-0.34,-0.11,-0.01,0.33
1999-03-11,600741,-8.94,-8.92,-8.91,-8.94,3400,3524000.0,-0.34,0.22,0.02,0.28
1999-03-12,600741,-8.92,-8.93,-8.92,-8.95,7344,7520000.0,-0.34,-0.11,-0.01,0.61
1999-03-15,600741,-8.93,-8.92,-8.91,-8.95,4810,4946000.0,-0.45,0.11,0.01,0.4
1999-03-16,600741,-8.92,-8.93,-8.92,-8.94,3064,3152000.0,-0.22,-0.11,-0.01,0.26
1999-03-17,600741,-8.94,-8.92,-8.9,-8.94,3478,3605000.0,-0.45,0.11,0.01,0.29
1999-03-18,600741,-8.92,-8.95,-8.92,-8.95,2597,2665000.0,-0.34,-0.34,-0.03,0.22
1999-03-19,600741,-8.95,-8.93,-8.93,-8.95,6011,6145000.0,-0.22,0.22,0.02,0.5
1999-03-22,600741,-8.92,-8.97,-8.92,-8.98,7073,7160000.0,-0.67,-0.45,-0.04,0.59
1999-03-23,600741,-8.97,-8.96,-8.94,-8.98,6147,6219000.0,-0.45,0.11,0.01,0.51
1999-03-24,600741,-8.95,-8.97,-8.95,-8.97,3853,3901000.0,-0.22,-0.11,-0.01,0.32
1999-03-25,600741,-8.97,-8.98,-8.95,-8.98,3390,3413000.0,-0.33,-0.11,-0.01,0.28
1999-03-26,600741,-8.98,-8.97,-8.97,-8.98,3599,3621000.0,-0.11,0.11,0.01,0.3
1999-03-29,600741,-8.97,-8.99,-8.97,-9.0,5032,4999000.0,-0.33,-0.22,-0.02,0.42
1999-03-30,600741,-8.99,-9.01,-8.99,-9.02,4814,4751000.0,-0.33,-0.22,-0.02,0.4
1999-03-31,600741,-9.01,-9.04,-9.01,-9.06,9577,9279000.0,-0.55,-0.33,-0.03,0.8
1999-04-01,600741,-9.04,-9.02,-8.99,-9.04,3327,3271000.0,-0.55,0.22,0.02,0.28
1999-04-02,600741,-9.01,-9.01,-9.01,-9.04,3340,3264000.0,-0.33,0.11,0.01,0.28
1999-04-05,600741,-9.01,-9.03,-9.0,-9.06,7258,7050000.0,-0.67,-0.22,-0.02,0.6
1999-04-06,600741,-9.04,-9.04,-9.01,-9.06,8050,7805000.0,-0.55,-0.11,-0.01,0.67
1999-04-07,600741,-9.03,-8.99,-8.97,-9.04,8375,8307000.0,-0.77,0.55,0.05,0.7
1999-04-08,600741,-8.99,-9.0,-8.98,-9.02,3623,3586000.0,-0.44,-0.11,-0.01,0.3
1999-04-09,600741,-9.0,-9.02,-9.0,-9.03,3130,3072000.0,-0.33,-0.22,-0.02,0.26
1999-04-12,600741,-9.02,-9.05,-9.02,-9.06,4583,4427000.0,-0.44,-0.33,-0.03,0.38
1999-04-13,600741,-9.05,-9.04,-9.01,-9.06,2787,2700000.0,-0.55,0.11,0.01,0.23
1999-04-14,600741,-9.03,-9.04,-9.02,-9.05,2288,2214000.0,-0.33,0.0,0.0,0.19
1999-04-15,600741,-9.04,-9.08,-9.04,-9.08,3733,3576000.0,-0.44,-0.44,-0.04,0.31
1999-04-16,600741,-9.08,-9.09,-9.06,-9.1,4426,4179000.0,-0.44,-0.11,-0.01,0.37
1999-04-19,600741,-9.1,-9.12,-9.1,-9.13,3698,3421000.0,-0.33,-0.33,-0.03,0.31
1999-04-20,600741,-9.13,-9.11,-9.09,-9.13,3609,3349000.0,-0.44,0.11,0.01,0.3
1999-04-21,600741,-9.11,-9.13,-9.11,-9.15,4572,4201000.0,-0.44,-0.22,-0.02,0.38
1999-04-22,600741,-9.13,-9.11,-9.11,-9.16,4112,3765000.0,-0.55,0.22,0.02,0.34
1999-04-23,600741,-9.11,-9.08,-9.07,-9.13,2628,2461000.0,-0.66,0.33,0.03,0.22
1999-04-26,600741,-9.07,-9.13,-9.06,-9.14,1983,1839000.0,-0.88,-0.55,-0.05,0.17
1999-04-27,600741,-9.13,-9.15,-9.13,-9.16,2139,1943000.0,-0.33,-0.22,-0.02,0.18
1999-04-29,600741,-9.14,-9.08,-9.08,-9.16,1359,1275000.0,-0.87,0.77,0.07,0.11
1999-04-30,600741,-9.09,-9.09,-9.07,-9.11,2178,2047000.0,-0.44,-0.11,-0.01,0.18
1999-05-04,600741,-9.1,-9.12,-9.08,-9.12,1136,1056000.0,-0.44,-0.33,-0.03,0.09
1999-05-05,600741,-9.12,-9.1,-9.1,-9.15,1362,1260000.0,-0.55,0.22,0.02,0.11
1999-05-06,600741,-9.11,-9.1,-9.1,-9.13,1235,1147000.0,-0.33,0.0,0.0,0.1
1999-05-07,600741,-9.1,-9.11,-9.1,-9.11,1100,1024000.0,-0.11,-0.11,-0.01,0.09
1999-05-10,600741,-9.12,-9.18,-9.12,-9.18,2790,2513000.0,-0.66,-0.77,-0.07,0.23
1999-05-11,600741,-9.18,-9.17,-9.14,-9.18,1307,1170000.0,-0.44,0.11,0.01,0.11
1999-05-12,600741,-9.17,-9.17,-9.16,-9.18,799,714000.0,-0.22,0.0,0.0,0.07
1999-05-13,600741,-9.17,-9.2,-9.17,-9.2,1344,1190000.0,-0.33,-0.33,-0.03,0.11
1999-05-14,600741,-9.2,-9.23,-9.2,-9.23,1573,1358000.0,-0.33,-0.33,-0.03,0.13
1999-05-17,600741,-9.25,-9.26,-9.23,-9.28,1447,1221000.0,-0.54,-0.33,-0.03,0.12
1999-05-18,600741,-9.26,-9.26,-9.25,-9.26,1239,1050000.0,-0.11,0.0,0.0,0.1
1999-05-19,600741,-9.25,-9.17,-9.17,-9.26,1965,1693000.0,-0.97,0.97,0.09,0.16
1999-05-20,600741,-9.18,-9.13,-9.13,-9.2,3503,3142000.0,-0.76,0.44,0.04,0.29
1999-05-21,600741,-9.13,-9.15,-9.12,-9.16,4930,4492000.0,-0.44,-0.22,-0.02,0.41
1999-05-24,600741,-9.15,-9.05,-9.04,-9.2,14871,13624000.0,-1.75,1.09,0.1,1.24
1999-05-25,600741,-9.05,-9.07,-9.0,-9.09,15780,15332000.0,-0.99,-0.22,-0.02,1.32
1999-05-26,600741,-9.07,-9.05,-9.03,-9.07,4423,4274000.0,-0.44,0.22,0.02,0.37
1999-05-27,600741,-9.06,-8.94,-8.9,-9.07,20738,20799000.0,-1.88,1.22,0.11,1.73
1999-05-28,600741,-8.95,-9.06,-8.94,-9.08,17889,17360000.0,-1.57,-1.34,-0.12,1.49
1999-05-31,600741,-9.0,-9.0,-8.92,-9.05,25917,25343000.0,-1.43,0.66,0.06,2.16
1999-06-01,600741,-9.0,-9.02,-9.0,-9.12,11402,10791000.0,-1.33,-0.22,-0.02,0.95
1999-06-02,600741,-9.02,-9.06,-9.0,-9.08,10519,9901000.0,-0.89,-0.44,-0.04,0.88
1999-06-03,600741,-9.06,-9.08,-9.06,-9.12,10726,9769000.0,-0.66,-0.22,-0.02,0.89
1999-06-04,600741,-9.08,-9.1,-9.07,-9.12,7475,6821000.0,-0.55,-0.22,-0.02,0.62
1999-06-07,600741,-9.1,-8.97,-8.94,-9.11,17710,17082000.0,-1.87,1.43,0.13,1.48
1999-06-08,600741,-8.97,-9.0,-8.91,-9.01,21066,20883000.0,-1.11,-0.33,-0.03,1.76
1999-06-09,600741,-9.0,-8.99,-8.97,-9.02,7637,7427000.0,-0.56,0.11,0.01,0.64
1999-06-10,600741,-8.95,-8.97,-8.91,-9.0,22757,22635000.0,-1.0,0.22,0.02,1.9
1999-06-11,600741,-8.97,-8.97,-8.94,-9.0,10626,10541000.0,-0.67,0.0,0.0,0.89
1999-06-14,600741,-8.96,-8.79,-8.79,-8.96,63156,67537000.0,-1.9,2.01,0.18,5.26
1999-06-15,600741,-8.69,-8.77,-8.6,-8.84,101957,118998000.0,-2.73,0.23,0.02,8.5
1999-06-16,600741,-8.75,-8.57,-8.57,-8.75,123205,146171000.0,-2.05,2.28,0.2,10.27
1999-06-17,600741,-8.56,-8.4,-8.36,-8.62,120750,156010000.0,-3.03,1.98,0.17,10.06
1999-06-18,600741,-8.35,-8.42,-8.33,-8.47,72042,93621000.0,-1.67,-0.24,-0.02,6.0
1999-06-21,600741,-8.42,-8.42,-8.4,-8.48,33732,43470000.0,-0.95,0.0,0.0,2.81
1999-06-22,600741,-8.42,-8.3,-8.27,-8.46,54660,72688000.0,-2.26,1.43,0.12,4.56
1999-06-23,600741,-8.3,-8.3,-8.28,-8.33,35133,47906000.0,-0.6,0.0,0.0,2.93
1999-06-24,600741,-8.25,-8.07,-8.05,-8.26,84093,123588000.0,-2.53,2.77,0.23,7.01
1999-06-25,600741,-7.98,-8.16,-7.89,-8.28,67030,98685000.0,-4.83,-1.12,-0.09,5.59
1999-06-28,600741,-8.16,-8.0,-8.0,-8.23,45829,67237000.0,-2.82,1.96,0.16,3.82
1999-06-29,600741,-8.0,-8.04,-8.0,-8.12,32393,48476000.0,-1.5,-0.5,-0.04,2.7
1999-06-30,600741,-8.05,-8.02,-7.89,-8.19,69086,105360000.0,-3.73,0.25,0.02,5.76
1999-07-01,600741,-8.07,-8.29,-8.07,-8.29,29630,42047000.0,-2.74,-3.37,-0.27,2.47
1999-07-02,600741,-8.24,-8.29,-8.19,-8.37,24261,33428000.0,-2.17,0.0,0.0,2.02
1999-07-05,600741,-8.28,-8.47,-8.24,-8.48,16787,22453000.0,-2.9,-2.17,-0.18,1.4
1999-07-06,600741,-8.51,-8.55,-8.42,-8.59,16552,20640000.0,-2.01,-0.94,-0.08,1.38
1999-07-07,600741,-8.56,-8.43,-8.42,-8.56,11622,14683000.0,-1.64,1.4,0.12,0.97
1999-07-08,600741,-8.42,-8.43,-8.39,-8.45,10176,13192000.0,-0.71,0.0,0.0,0.85
1999-07-09,600741,-8.44,-8.44,-8.37,-8.51,12871,16560000.0,-1.66,-0.12,-0.01,1.07
1999-07-12,600741,-8.42,-8.27,-8.23,-8.44,27387,37624305.0,-2.49,2.01,0.17,2.28
1999-07-13,600741,-8.29,-8.4,-8.27,-8.42,15655,21085000.0,-1.81,-1.57,-0.13,1.3
1999-07-14,600741,-8.38,-8.37,-8.3,-8.42,9557,12720000.0,-1.43,0.36,0.03,0.8
1999-07-15,600741,-8.4,-8.34,-8.29,-8.4,13514,18237000.0,-1.31,0.36,0.03,1.13
1999-07-16,600741,-8.35,-8.37,-8.32,-8.4,11137,14827000.0,-0.96,-0.36,-0.03,0.93
1999-07-19,600741,-8.4,-8.39,-8.33,-8.44,12295,16345000.0,-1.31,-0.24,-0.02,1.02
1999-07-20,600741,-8.39,-8.17,-8.17,-8.39,20001,27659000.0,-2.62,2.62,0.22,1.67
1999-07-21,600741,-8.17,-8.12,-8.09,-8.23,38633,56136000.0,-1.71,0.61,0.05,3.22
1999-07-22,600741,-8.15,-8.31,-8.15,-8.32,20695,28808000.0,-2.09,-2.34,-0.19,1.72
1999-07-23,600741,-8.28,-8.28,-8.21,-8.3,10648,14796000.0,-1.08,0.36,0.03,0.89
1999-07-26,600741,-8.26,-8.22,-8.17,-8.26,11564,16373000.0,-1.09,0.72,0.06,0.96
1999-07-27,600741,-8.21,-8.23,-8.19,-8.26,7258,10209000.0,-0.85,-0.12,-0.01,0.6
1999-07-28,600741,-8.23,-8.26,-8.18,-8.28,13483,19037000.0,-1.22,-0.36,-0.03,1.12
1999-07-29,600741,-8.23,-8.33,-8.23,-8.34,13475,18381000.0,-1.33,-0.85,-0.07,1.12
1999-07-30,600741,-8.35,-8.29,-8.26,-8.35,5316,7236961.0,-1.08,0.48,0.04,0.44
1999-08-02,600741,-8.27,-8.26,-8.19,-8.28,10543,14819000.0,-1.09,0.36,0.03,0.88
1999-08-03,600741,-8.24,-8.19,-8.14,-8.24,25677,36882000.0,-1.21,0.85,0.07,2.14
1999-08-04,600741,-8.21,-8.2,-8.16,-8.22,11800,16836000.0,-0.73,-0.12,-0.01,0.98
1999-08-05,600741,-8.15,-8.19,-8.15,-8.24,8936,12729000.0,-1.1,0.12,0.01,0.74
1999-08-06,600741,-8.2,-8.26,-8.19,-8.31,14513,20148000.0,-1.47,-0.85,-0.07,1.21
1999-08-09,600741,-8.17,-8.25,-8.15,-8.25,14821,20919000.0,-1.21,0.12,0.01,1.24
1999-08-10,600741,-8.25,-8.17,-8.07,-8.25,45883,66579000.0,-2.18,0.97,0.08,3.82
1999-08-11,600741,-8.18,-8.21,-8.16,-8.24,24908,35469000.0,-0.98,-0.49,-0.04,2.08
1999-08-12,600741,-8.19,-8.26,-8.17,-8.27,9222,12978000.0,-1.22,-0.61,-0.05,0.77
1999-08-13,600741,-8.25,-8.27,-8.22,-8.3,5447,7554000.0,-0.97,-0.12,-0.01,0.45
1999-08-16,600741,-8.24,-8.28,-8.24,-8.3,4980,6861000.0,-0.73,-0.12,-0.01,0.42
1999-08-17,600741,-8.26,-8.28,-8.2,-8.3,6785,9502000.0,-1.21,0.0,0.0,0.57
1999-08-18,600741,-8.25,-8.25,-8.25,-8.32,4721,6477000.0,-0.85,0.36,0.03,0.39
1999-08-19,600741,-8.23,-8.18,-8.14,-8.26,19392,27766000.0,-1.45,0.85,0.07,1.62
1999-08-20,600741,-8.18,-8.23,-8.17,-8.24,10399,14711000.0,-0.86,-0.61,-0.05,0.87
1999-08-23,600741,-8.22,-8.22,-8.19,-8.24,8747,12337000.0,-0.61,0.12,0.01,0.73
1999-08-24,600741,-8.21,-8.19,-8.16,-8.22,14670,21055000.0,-0.73,0.36,0.03,1.22
1999-08-25,600741,-8.18,-8.23,-8.16,-8.24,7700,10939000.0,-0.98,-0.49,-0.04,0.64
1999-08-26,600741,-8.24,-8.24,-8.22,-8.28,6210,8693000.0,-0.73,-0.12,-0.01,0.52
1999-08-27,600741,-8.27,-8.28,-8.22,-8.29,7548,10450000.0,-0.85,-0.49,-0.04,0.63
1999-08-30,600741,-8.28,-8.28,-8.23,-8.3,6316,8741000.0,-0.85,0.0,0.0,0.53
1999-08-31,600741,-8.27,-8.27,-8.25,-8.31,5247,7219000.0,-0.72,0.12,0.01,0.44
1999-09-01,600741,-8.28,-8.33,-8.28,-8.33,5206,7102000.0,-0.6,-0.73,-0.06,0.43
1999-09-02,600741,-8.33,-8.36,-8.3,-8.42,12059,15995000.0,-1.44,-0.36,-0.03,1.0
1999-09-03,600741,-8.35,-8.41,-8.35,-8.42,9166,12020000.0,-0.84,-0.6,-0.05,0.76
1999-09-06,600741,-8.43,-8.48,-8.42,-8.51,6812,8676000.0,-1.07,-0.83,-0.07,0.57
1999-09-07,600741,-8.49,-8.45,-8.42,-8.49,4340,5539000.0,-0.83,0.35,0.03,0.36
1999-09-08,600741,-8.45,-8.44,-8.43,-8.47,2126,2731000.0,-0.47,0.12,0.01,0.18
1999-09-09,600741,-8.42,-8.33,-8.31,-8.42,15168,20371000.0,-1.3,1.3,0.11,1.26
1999-09-10,600741,-8.28,-8.37,-8.26,-8.38,14184,19181000.0,-1.44,-0.48,-0.04,1.18
1999-09-13,600741,-8.33,-8.35,-8.33,-8.39,8959,11920000.0,-0.72,0.24,0.02,0.75
1999-09-14,600741,-8.35,-8.38,-8.34,-8.38,6976,9259000.0,-0.48,-0.36,-0.03,0.58
1999-09-15,600741,-8.37,-8.42,-8.35,-8.42,7169,9370000.0,-0.84,-0.48,-0.04,0.6
1999-09-16,600741,-8.42,-8.4,-8.39,-8.42,5950,7765000.0,-0.36,0.24,0.02,0.5
1999-09-17,600741,-8.4,-8.42,-8.39,-8.42,4972,6491000.0,-0.36,-0.24,-0.02,0.41
1999-09-20,600741,-8.42,-8.46,-8.41,-8.46,6286,8055000.0,-0.59,-0.48,-0.04,0.52
1999-09-21,600741,-8.48,-8.48,-8.47,-8.51,6206,7840000.0,-0.47,-0.24,-0.02,0.52
1999-09-22,600741,-8.48,-8.5,-8.46,-8.51,3808,4812000.0,-0.59,-0.24,-0.02,0.32
1999-09-23,600741,-8.5,-8.48,-8.47,-8.51,3366,4226000.0,-0.47,0.24,0.02,0.28
1999-09-24,600741,-8.47,-8.46,-8.39,-8.48,2803,3581000.0,-1.06,0.24,0.02,0.23
1999-09-27,600741,-8.42,-8.49,-8.42,-8.51,3834,4837000.0,-1.06,-0.35,-0.03,0.32
1999-09-28,600741,-8.49,-8.5,-8.49,-8.51,2090,2624000.0,-0.24,-0.12,-0.01,0.17
1999-09-29,600741,-8.49,-8.54,-8.46,-8.6,5620,6940000.0,-1.65,-0.47,-0.04,0.47
1999-09-30,600741,-8.52,-8.55,-8.52,-8.56,3475,4267000.0,-0.47,-0.12,-0.01,0.29
1999-10-08,600741,-8.56,-8.58,-8.55,-8.59,1908,2306000.0,-0.47,-0.35,-0.03,0.16
1999-10-11,600741,-8.56,-8.6,-8.56,-8.6,2859,3446000.0,-0.47,-0.23,-0.02,0.24
1999-10-12,600741,-8.59,-8.63,-8.57,-8.69,14354,16770000.0,-1.4,-0.35,-0.03,1.2
1999-10-13,600741,-8.63,-8.67,-8.61,-8.67,5042,5922000.0,-0.7,-0.46,-0.04,0.42
1999-10-14,600741,-8.63,-8.61,-8.59,-8.66,7983,9473000.0,-0.81,0.69,0.06,0.67
1999-10-15,600741,-8.61,-8.57,-8.54,-8.61,3278,3972000.0,-0.81,0.46,0.04,0.27
1999-10-18,600741,-8.56,-8.64,-8.53,-8.64,3394,4068000.0,-1.28,-0.82,-0.07,0.28
1999-10-19,600741,-8.63,-8.65,-8.63,-8.68,3208,3714000.0,-0.58,-0.12,-0.01,0.27
1999-10-20,600741,-8.64,-8.66,-8.63,-8.68,3767,4361000.0,-0.58,-0.12,-0.01,0.31
1999-10-21,600741,-8.65,-8.67,-8.65,-8.69,2564,2955000.0,-0.46,-0.12,-0.01,0.21
1999-10-22,600741,-8.67,-8.63,-8.55,-8.67,4045,4794000.0,-1.38,0.46,0.04,0.34
1999-10-25,600741,-8.66,-8.66,-8.63,-8.67,1530,1781000.0,-0.46,-0.35,-0.03,0.13
1999-10-26,600741,-8.66,-8.62,-8.62,-8.66,1529,1799000.0,-0.46,0.46,0.04,0.13
1999-10-27,600741,-8.58,-8.57,-8.56,-8.59,5296,6408000.0,-0.35,0.58,0.05,0.44
1999-10-28,600741,-8.57,-8.62,-8.57,-8.62,3403,4067000.0,-0.58,-0.58,-0.05,0.28
1999-10-29,600741,-8.62,-8.63,-8.6,-8.66,3034,3576000.0,-0.7,-0.12,-0.01,0.25
1999-11-01,600741,-8.65,-8.65,-8.64,-8.66,1476,1723000.0,-0.23,-0.23,-0.02,0.12
1999-11-02,600741,-8.65,-8.64,-8.6,-8.65,1397,1639000.0,-0.58,0.12,0.01,0.12
1999-11-03,600741,-8.63,-8.67,-8.63,-8.67,1345,1566000.0,-0.46,-0.35,-0.03,0.11
1999-11-04,600741,-8.67,-8.68,-8.64,-8.68,2456,2836000.0,-0.46,-0.12,-0.01,0.2
1999-11-05,600741,-8.69,-8.67,-8.67,-8.69,2434,2809000.0,-0.23,0.12,0.01,0.2
1999-11-08,600741,-8.67,-8.7,-8.67,-8.7,3000,3430000.0,-0.35,-0.35,-0.03,0.25
1999-11-09,600741,-8.69,-8.72,-8.68,-8.74,2699,3061000.0,-0.69,-0.23,-0.02,0.22
1999-11-10,600741,-8.71,-8.73,-8.71,-8.74,2453,2756000.0,-0.34,-0.11,-0.01,0.2
1999-11-11,600741,-8.73,-8.75,-8.72,-8.75,3112,3482000.0,-0.34,-0.23,-0.02,0.26
1999-11-12,600741,-8.75,-8.76,-8.74,-8.76,2146,2383000.0,-0.23,-0.11,-0.01,0.18
1999-11-15,600741,-8.75,-8.69,-8.68,-8.75,3033,3464000.0,-0.8,0.8,0.07,0.25
1999-11-16,600741,-8.68,-8.73,-8.66,-8.75,1963,2227000.0,-1.04,-0.46,-0.04,0.16
1999-11-17,600741,-8.72,-8.61,-8.58,-8.72,10604,12483000.0,-1.6,1.37,0.12,0.88
1999-11-18,600741,-8.73,-8.6,-8.59,-8.73,6188,7364000.0,-1.63,0.12,0.01,0.52
1999-11-19,600741,-8.6,-8.64,-8.6,-8.65,3202,3781000.0,-0.58,-0.47,-0.04,0.27
1999-11-22,600741,-8.64,-8.64,-8.63,-8.66,1517,1778000.0,-0.35,0.0,0.0,0.13
1999-11-23,600741,-8.64,-8.64,-8.63,-8.65,709,833000.0,-0.23,0.0,0.0,0.06
1999-11-24,600741,-8.64,-8.66,-8.6,-8.66,1284,1501000.0,-0.69,-0.23,-0.02,0.11
1999-11-25,600741,-8.67,-8.68,-8.65,-8.69,1791,2065000.0,-0.46,-0.23,-0.02,0.15
1999-11-26,600741,-8.68,-8.67,-8.64,-8.69,1076,1245000.0,-0.58,0.12,0.01,0.09
1999-11-29,600741,-8.67,-8.67,-8.65,-8.68,1016,1176000.0,-0.35,0.0,0.0,0.08
1999-11-30,600741,-8.67,-8.67,-8.65,-8.68,839,971000.0,-0.35,0.0,0.0,0.07
1999-12-01,600741,-8.67,-8.64,-8.61,-8.67,2367,2785000.0,-0.69,0.35,0.03,0.2
1999-12-02,600741,-8.63,-8.64,-8.6,-8.64,3669,4356000.0,-0.46,0.0,0.0,0.31
1999-12-03,600741,-8.6,-8.59,-8.57,-8.62,4826,5798000.0,-0.58,0.58,0.05,0.4
1999-12-06,600741,-8.6,-8.62,-8.59,-8.64,2963,3537000.0,-0.58,-0.35,-0.03,0.25
1999-12-07,600741,-8.62,-8.62,-8.6,-8.62,1436,1706000.0,-0.23,0.0,0.0,0.12
1999-12-08,600741,-8.62,-8.61,-8.6,-8.62,2079,2473000.0,-0.23,0.12,0.01,0.17
1999-12-09,600741,-8.62,-8.64,-8.62,-8.64,1715,2025000.0,-0.23,-0.35,-0.03,0.14
1999-12-10,600741,-8.62,-8.63,-8.61,-8.64,639,754000.0,-0.35,0.12,0.01,0.05
1999-12-13,600741,-8.64,-8.63,-8.62,-8.64,1824,2153000.0,-0.23,0.0,0.0,0.15
1999-12-14,600741,-8.64,-8.66,-8.62,-8.66,1930,2270000.0,-0.46,-0.35,-0.03,0.16
1999-12-15,600741,-8.65,-8.61,-8.59,-8.66,3649,4328000.0,-0.81,0.58,0.05,0.3
1999-12-16,600741,-8.61,-8.62,-8.6,-8.63,1508,1789000.0,-0.35,-0.12,-0.01,0.13
1999-12-17,600741,-8.61,-8.61,-8.61,-8.64,2109,2501000.0,-0.35,0.12,0.01,0.18
1999-12-21,600741,-8.62,-8.67,-8.62,-8.67,1372,1601000.0,-0.58,-0.7,-0.06,0.11
1999-12-22,600741,-8.68,-8.7,-8.63,-8.7,2527,2898000.0,-0.81,-0.35,-0.03,0.21
1999-12-23,600741,-8.67,-8.7,-8.67,-8.71,2031,2320000.0,-0.46,0.0,0.0,0.17
1999-12-24,600741,-8.67,-8.72,-8.67,-8.73,2700,3061000.0,-0.69,-0.23,-0.02,0.23
1999-12-27,600741,-8.72,-8.78,-8.69,-8.81,3913,4302000.0,-1.38,-0.69,-0.06,0.33
1999-12-28,600741,-8.77,-8.78,-8.75,-8.8,4213,4615000.0,-0.57,0.0,0.0,0.35
1999-12-29,600741,-8.74,-8.6,-8.6,-8.81,14045,15774000.0,-2.39,2.05,0.18,1.17
1999-12-30,600741,-8.67,-8.6,-8.57,-8.7,18775,22233000.0,-1.51,0.0,0.0,1.56
2000-01-04,600741,-8.63,-8.64,-8.62,-8.72,9349,10785000.0,-1.16,-0.47,-0.04,0.78
2000-01-05,600741,-8.63,-8.63,-8.52,-8.64,7535,9052000.0,-1.39,0.12,0.01,0.63
2000-01-06,600741,-8.63,-8.58,-8.58,-8.65,7771,9294000.0,-0.81,0.58,0.05,0.65
2000-01-07,600741,-8.53,-8.5,-8.48,-8.58,23793,29536000.0,-1.17,0.93,0.08,1.98
2000-01-10,600741,-8.49,-8.49,-8.44,-8.55,15946,19917000.0,-1.29,0.12,0.01,1.33
2000-01-11,600741,-8.49,-8.57,-8.49,-8.6,13888,17118000.0,-1.3,-0.94,-0.08,1.16
2000-01-12,600741,-8.58,-8.6,-8.51,-8.63,21315,25820000.0,-1.4,-0.35,-0.03,1.78
2000-01-13,600741,-8.6,-8.6,-8.56,-8.66,20779,24972000.0,-1.16,0.0,0.0,1.73
2000-01-14,600741,-8.57,-8.49,-8.43,-8.57,33031,41379000.0,-1.63,1.28,0.11,2.75
2000-01-17,600741,-8.48,-8.48,-8.43,-8.51,17695,22503000.0,-0.94,0.12,0.01,1.47
2000-01-18,600741,-8.45,-8.42,-8.37,-8.48,29011,37712000.0,-1.3,0.71,0.06,2.42
2000-01-19,600741,-8.42,-8.42,-8.37,-8.45,17397,22640000.0,-0.95,0.0,0.0,1.45
2000-01-20,600741,-8.41,-8.39,-8.36,-8.43,19433,25524000.0,-0.83,0.36,0.03,1.62
2000-01-21,600741,-8.37,-8.42,-8.37,-8.43,24343,31743000.0,-0.72,-0.36,-0.03,2.03
2000-01-24,600741,-8.4,-8.45,-8.38,-8.47,21889,28266000.0,-1.07,-0.36,-0.03,1.82
2000-01-25,600741,-8.45,-8.33,-8.3,-8.45,43896,58855000.0,-1.78,1.42,0.12,3.66
2000-01-26,600741,-8.34,-8.26,-8.24,-8.36,43842,60504000.0,-1.44,0.84,0.07,3.65
2000-01-27,600741,-8.24,-8.22,-8.21,-8.28,47141,66173000.0,-0.85,0.48,0.04,3.93
2000-01-28,600741,-8.19,-8.15,-8.11,-8.22,70310,101765000.0,-1.34,0.85,0.07,5.86
2000-02-14,600741,-7.92,-7.89,-7.89,-8.11,184746,284346000.0,-2.7,3.19,0.26,15.4
2000-02-15,600741,-7.89,-8.04,-7.86,-8.11,99493,157284000.0,-3.17,-1.9,-0.15,8.29
2000-02-16,600741,-8.07,-8.11,-8.03,-8.21,75510,110050000.0,-2.24,-0.87,-0.07,6.29
2000-02-17,600741,-8.09,-8.37,-8.01,-8.37,70132,98135000.0,-4.44,-3.21,-0.26,5.84
2000-02-18,600741,-8.4,-8.33,-8.26,-8.43,32493,43859000.0,-2.03,0.48,0.04,2.71
2000-02-21,600741,-8.33,-8.3,-8.25,-8.4,30299,41093000.0,-1.8,0.36,0.03,2.52
2000-02-22,600741,-8.29,-8.31,-8.16,-8.33,28710,40135000.0,-2.05,-0.12,-0.01,2.39
2000-02-23,600741,-8.31,-8.35,-8.25,-8.37,20524,27874000.0,-1.44,-0.48,-0.04,1.71
2000-02-24,600741,-8.33,-8.28,-8.27,-8.34,14483,19643000.0,-0.84,0.84,0.07,1.21
2000-02-25,600741,-8.27,-8.32,-8.26,-8.36,18544,25113000.0,-1.21,-0.48,-0.04,1.55
2000-02-28,600741,-8.3,-8.24,-8.2,-8.3,40649,57171000.0,-1.2,0.96,0.08,3.39
2000-02-29,600741,-8.2,-8.23,-8.15,-8.28,37656,53576000.0,-1.58,0.12,0.01,3.14
2000-03-01,600741,-8.22,-8.23,-8.18,-8.26,31135,44021000.0,-0.97,0.0,0.0,2.59
2000-03-02,600741,-8.22,-8.16,-8.14,-8.23,39974,57348000.0,-1.09,0.85,0.07,3.33
2000-03-03,600741,-8.05,-8.12,-8.01,-8.16,75263,111608000.0,-1.84,0.49,0.04,6.27
2000-03-06,600741,-8.09,-8.26,-8.08,-8.28,40112,57485000.0,-2.46,-1.72,-0.14,3.34
2000-03-07,600741,-8.28,-8.24,-8.23,-8.3,16562,23069000.0,-0.85,0.24,0.02,1.38
2000-03-08,600741,-8.23,-8.22,-8.21,-8.27,14061,19657000.0,-0.73,0.24,0.02,1.17
2000-03-09,600741,-8.22,-8.24,-8.21,-8.26,12698,17729000.0,-0.61,-0.24,-0.02,1.06
2000-03-10,600741,-8.25,-8.31,-8.25,-8.33,14720,20154000.0,-0.97,-0.85,-0.07,1.23
2000-03-13,600741,-8.36,-8.3,-8.28,-8.36,9389,12813000.0,-0.96,0.12,0.01,0.78
2000-03-14,600741,-8.31,-8.31,-8.3,-8.38,20415,27381000.0,-0.96,-0.12,-0.01,1.7
2000-03-15,600741,-8.3,-8.33,-8.3,-8.33,9427,12777000.0,-0.36,-0.24,-0.02,0.79
2000-03-16,600741,-8.33,-8.4,-8.32,-8.42,11583,15313000.0,-1.2,-0.84,-0.07,0.97
2000-03-17,600741,-8.4,-8.36,-8.34,-8.4,9116,12143000.0,-0.71,0.48,0.04,0.76
2000-03-20,600741,-8.39,-8.32,-8.32,-8.4,12116,16224000.0,-0.96,0.48,0.04,1.01
2000-03-21,600741,-8.32,-8.32,-8.31,-8.35,10738,14481000.0,-0.48,0.0,0.0,0.89
2000-03-22,600741,-8.32,-8.31,-8.28,-8.35,9750,13267000.0,-0.84,0.12,0.01,0.81
2000-03-23,600741,-8.3,-8.25,-8.25,-8.32,20643,28604000.0,-0.84,0.72,0.06,1.72
2000-03-24,600741,-8.25,-8.3,-8.16,-8.3,16570,23095000.0,-1.7,-0.61,-0.05,1.38
2000-03-27,600741,-8.32,-8.26,-8.24,-8.32,19059,26282000.0,-0.96,0.48,0.04,1.59
2000-03-28,600741,-8.25,-8.19,-8.18,-8.28,27421,38311000.0,-1.21,0.85,0.07,2.29
2000-03-29,600741,-8.18,-8.23,-8.18,-8.25,13995,19731000.0,-0.85,-0.49,-0.04,1.17
2000-03-30,600741,-8.23,-8.2,-8.19,-8.24,15622,22079000.0,-0.61,0.36,0.03,1.3
2000-03-31,600741,-8.2,-8.25,-8.2,-8.27,13928,19491000.0,-0.85,-0.61,-0.05,1.16
2000-04-03,600741,-8.26,-8.16,-8.1,-8.28,49359,71846000.0,-2.18,1.09,0.09,4.11
2000-04-04,600741,-8.17,-8.19,-8.12,-8.19,29162,42324000.0,-0.86,-0.37,-0.03,2.43
2000-04-05,600741,-8.19,-8.12,-8.11,-8.19,31000,45360000.0,-0.98,0.85,0.07,2.58
2000-04-06,600741,-8.1,-8.05,-8.02,-8.12,49854,75054000.0,-1.23,0.86,0.07,4.15
2000-04-07,600741,-8.04,-8.07,-8.03,-8.09,27914,41872000.0,-0.75,-0.25,-0.02,2.33
2000-04-10,600741,-8.07,-8.09,-8.07,-8.14,20125,29712000.0,-0.87,-0.25,-0.02,1.68
2000-04-11,600741,-8.09,-8.12,-8.08,-8.15,12183,17861000.0,-0.87,-0.37,-0.03,1.02
2000-04-12,600741,-8.12,-8.15,-8.09,-8.16,12255,17915000.0,-0.86,-0.37,-0.03,1.02
2000-04-13,600741,-8.14,-8.13,-8.11,-8.14,10351,15183000.0,-0.37,0.25,0.02,0.86
2000-04-14,600741,-8.12,-8.16,-8.11,-8.17,10887,15855000.0,-0.74,-0.37,-0.03,0.91
2000-04-17,600741,-8.15,-8.19,-8.14,-8.22,16236,23293000.0,-0.98,-0.37,-0.03,1.35
2000-04-18,600741,-8.2,-8.17,-8.16,-8.21,8253,11859000.0,-0.61,0.24,0.02,0.69
2000-04-19,600741,-8.17,-8.12,-8.07,-8.17,12605,18601000.0,-1.22,0.61,0.05,1.05
2000-04-20,600741,-8.1,-8.03,-7.98,-8.15,54786,83346000.0,-2.09,1.11,0.09,4.57
2000-04-21,600741,-8.03,-7.94,-7.83,-8.03,73968,117927241.0,-2.49,1.12,0.09,6.16
2000-04-24,600741,-7.89,-8.01,-7.87,-8.03,49471,76915000.0,-2.02,-0.88,-0.07,4.12
2000-04-26,600741,-8.07,-8.08,-7.93,-8.1,18439,27798000.0,-2.12,-0.87,-0.07,1.54
2000-04-27,600741,-8.07,-7.98,-7.91,-8.08,45879,71055000.0,-2.1,1.24,0.1,3.82
2000-04-28,600741,-7.98,-7.94,-7.93,-7.98,29077,45492000.0,-0.63,0.5,0.04,2.42
2000-05-08,600741,-7.9,-7.94,-7.9,-7.98,15942,25037000.0,-1.01,0.0,0.0,1.33
2000-05-09,600741,-7.93,-8.01,-7.92,-8.03,14444,22266000.0,-1.39,-0.88,-0.07,1.2
2000-05-10,600741,-8.01,-8.06,-8.01,-8.1,24944,37600000.0,-1.12,-0.62,-0.05,2.08
2000-05-11,600741,-8.0,-8.12,-7.91,-8.12,68101,69659000.0,-2.61,-0.74,-0.06,3.78
2000-05-12,600741,-8.13,-8.2,-8.1,-8.21,16400,15768000.0,-1.35,-0.99,-0.08,0.91
2000-05-15,600741,-8.2,-8.21,-8.2,-8.28,12041,11167000.0,-0.98,-0.12,-0.01,0.67
2000-05-16,600741,-8.2,-8.22,-8.2,-8.24,6262,5914000.0,-0.49,-0.12,-0.01,0.35
2000-05-17,600741,-8.22,-8.25,-8.2,-8.26,6751,6352000.0,-0.73,-0.36,-0.03,0.38
2000-05-18,600741,-8.25,-8.17,-8.17,-8.27,10237,9642000.0,-1.21,0.97,0.08,0.57
2000-05-19,600741,-8.16,-8.18,-8.14,-8.2,10779,10313000.0,-0.73,-0.12,-0.01,0.6
2000-05-22,600741,-8.17,-8.12,-8.1,-8.2,17750,17232000.0,-1.22,0.73,0.06,0.99
2000-05-23,600741,-8.12,-8.15,-8.08,-8.16,13427,13122000.0,-0.99,-0.37,-0.03,0.75
2000-05-24,600741,-8.15,-8.14,-8.09,-8.15,14506,14162000.0,-0.74,0.12,0.01,0.81
2000-05-25,600741,-8.11,-8.07,-8.04,-8.11,32378,32397000.0,-0.86,0.86,0.07,1.8
2000-05-26,600741,-8.05,-8.06,-8.04,-8.08,25051,25117000.0,-0.5,0.12,0.01,1.39
2000-05-29,600741,-8.05,-8.04,-7.99,-8.05,32085,32679000.0,-0.74,0.25,0.02,1.78
2000-05-30,600741,-8.02,-8.02,-7.96,-8.03,28298,29018000.0,-0.87,0.25,0.02,1.57
2000-05-31,600741,-8.02,-8.04,-8.0,-8.06,17365,17559000.0,-0.75,-0.25,-0.02,0.96
2000-06-01,600741,-8.03,-8.05,-8.01,-8.07,22443,22517000.0,-0.75,-0.12,-0.01,1.25
2000-06-02,600741,-8.04,-8.08,-8.04,-8.09,20809,20761000.0,-0.62,-0.37,-0.03,1.16
2000-06-05,600741,-8.08,-8.08,-8.07,-8.09,22310,22184000.0,-0.25,0.0,0.0,1.24
2000-06-06,600741,-8.08,-8.06,-8.04,-8.08,14916,14924000.0,-0.5,0.25,0.02,0.83
2000-06-07,600741,-8.04,-8.08,-8.03,-8.1,19975,19927000.0,-0.87,-0.25,-0.02,1.11
2000-06-08,600741,-8.07,-8.08,-8.06,-8.11,24275,24059000.0,-0.62,0.0,0.0,1.35
2000-06-09,600741,-8.07,-8.06,-8.0,-8.08,24729,25009000.0,-0.99,0.25,0.02,1.37
2000-06-12,600741,-8.07,-8.06,-8.0,-8.09,13934,14091000.0,-1.12,0.0,0.0,0.77
2000-06-13,600741,-8.04,-8.04,-8.02,-8.06,18657,18796000.0,-0.5,0.25,0.02,1.04
2000-06-14,600741,-8.02,-8.0,-7.97,-8.04,52551,53982000.0,-0.87,0.5,0.04,2.92
2000-06-15,600741,-7.98,-8.02,-7.97,-8.04,22416,22872000.0,-0.88,-0.25,-0.02,1.25
2000-06-16,600741,-8.02,-8.05,-8.01,-8.06,21694,21897000.0,-0.62,-0.37,-0.03,1.21
2000-06-19,600741,-8.05,-8.07,-8.03,-8.07,19322,19467000.0,-0.5,-0.25,-0.02,1.07
2000-06-20,600741,-8.07,-8.1,-8.06,-8.1,13505,13432000.0,-0.5,-0.37,-0.03,0.75
2000-06-21,600741,-8.09,-8.08,-8.07,-8.1,7931,7873000.0,-0.37,0.25,0.02,0.44
2000-06-22,600741,-8.07,-8.09,-8.06,-8.1,9850,9770000.0,-0.5,-0.12,-0.01,0.55
2000-06-23,600741,-8.09,-8.07,-8.06,-8.1,10502,10440000.0,-0.49,0.25,0.02,0.58
2000-06-26,600741,-8.07,-8.07,-8.04,-8.09,14992,14992000.0,-0.62,0.0,0.0,0.83
2000-06-27,600741,-8.07,-8.06,-8.04,-8.07,10784,10804000.0,-0.37,0.12,0.01,0.6
2000-06-28,600741,-8.06,-8.02,-8.01,-8.06,16190,16342000.0,-0.62,0.5,0.04,0.9
2000-06-29,600741,-8.0,-8.05,-8.0,-8.06,12709,12853000.0,-0.75,-0.37,-0.03,0.71
2000-06-30,600741,-8.04,-8.03,-8.01,-8.05,20195,20482000.0,-0.5,0.25,0.02,1.12
2000-07-03,600741,-8.03,-8.08,-8.03,-8.1,16994,17069000.0,-0.87,-0.62,-0.05,0.94
2000-07-04,600741,-8.08,-8.07,-8.05,-8.09,9540,9518000.0,-0.5,0.12,0.01,0.53
2000-07-05,600741,-8.07,-8.09,-8.06,-8.09,8419,8392000.0,-0.37,-0.25,-0.02,0.47
2000-07-06,600741,-8.08,-8.1,-8.07,-8.12,11409,11246000.0,-0.62,-0.12,-0.01,0.63
2000-07-07,600741,-8.1,-8.07,-8.07,-8.1,8386,8346000.0,-0.37,0.37,0.03,0.47
2000-07-10,600741,-8.04,-8.06,-8.03,-8.07,15785,15836000.0,-0.5,0.12,0.01,0.88
2000-07-11,600741,-8.04,-7.84,-7.81,-8.07,135954,142866000.0,-3.23,2.73,0.22,7.55
2000-07-12,600741,-7.83,-7.76,-7.74,-7.88,147929,162424000.0,-1.79,1.02,0.08,8.22
2000-07-13,600741,-7.75,-7.8,-7.73,-7.83,63587,70529040.0,-1.29,-0.52,-0.04,3.53
2000-07-14,600741,-7.8,-7.81,-7.75,-7.86,46415,50903000.0,-1.41,-0.13,-0.01,2.58
2000-07-17,600741,-7.79,-7.81,-7.76,-7.82,43262,47924000.0,-0.77,0.0,0.0,2.4
2000-07-18,600741,-7.8,-7.89,-7.79,-7.91,38194,40722000.0,-1.54,-1.02,-0.08,2.12
2000-07-19,600741,-7.89,-7.88,-7.86,-7.9,31616,33804000.0,-0.51,0.13,0.01,1.76
2000-07-20,600741,-7.88,-7.93,-7.87,-7.96,28828,30387000.0,-1.14,-0.63,-0.05,1.6
2000-07-21,600741,-7.93,-7.91,-7.86,-7.93,23661,25180000.0,-0.88,0.25,0.02,1.31
2000-07-24,600741,-7.91,-7.97,-7.91,-7.99,32952,34295000.0,-1.01,-0.76,-0.06,1.83
2000-07-25,600741,-7.96,-7.95,-7.93,-7.97,24338,25358000.0,-0.5,0.25,0.02,1.35
2000-07-26,600741,-7.94,-7.9,-7.9,-7.95,21514,22653000.0,-0.63,0.63,0.05,1.2
2000-07-27,600741,-7.89,-7.9,-7.85,-7.91,21896,23427000.0,-0.76,0.0,0.0,1.22
2000-07-28,600741,-7.88,-7.91,-7.86,-7.92,14935,15880000.0,-0.76,-0.13,-0.01,0.83
2000-07-31,600741,-7.91,-7.9,-7.89,-7.94,19959,21024000.0,-0.63,0.13,0.01,1.11
2000-08-01,600741,-7.9,-7.84,-7.82,-7.9,36936,39919000.0,-1.01,0.76,0.06,2.05
2000-08-02,600741,-7.83,-7.85,-7.82,-7.87,19745,21404000.0,-0.64,-0.13,-0.01,1.1
2000-08-03,600741,-7.86,-7.9,-7.83,-7.92,28591,30727000.0,-1.15,-0.64,-0.05,1.59
2000-08-04,600741,-7.9,-7.86,-7.84,-7.91,42565,45759000.0,-0.89,0.51,0.04,2.36
2000-08-07,600741,-7.84,-7.86,-7.83,-7.88,25072,27050000.0,-0.64,0.0,0.0,1.39
2000-08-08,600741,-7.84,-7.89,-7.84,-7.91,22616,24233000.0,-0.89,-0.38,-0.03,1.26
2000-08-09,600741,-7.89,-7.88,-7.86,-7.89,29124,31183000.0,-0.38,0.13,0.01,1.62
2000-08-10,600741,-7.88,-7.82,-7.8,-7.88,63991,69738000.0,-1.02,0.76,0.06,3.56
2000-08-11,600741,-7.82,-7.85,-7.8,-7.87,30614,33192000.0,-0.9,-0.38,-0.03,1.7
2000-08-14,600741,-7.83,-7.83,-7.82,-7.84,37209,40541000.0,-0.25,0.25,0.02,2.07
2000-08-15,600741,-7.83,-7.84,-7.82,-7.86,38196,41433000.0,-0.51,-0.13,-0.01,2.12
2000-08-16,600741,-7.84,-7.81,-7.8,-7.85,74501,81460000.0,-0.64,0.38,0.03,4.14
2000-08-17,600741,-7.8,-7.76,-7.74,-7.8,181061,201856000.0,-0.77,0.64,0.05,10.06
2000-08-18,600741,-7.7,-7.74,-7.67,-7.76,57405,56900000.0,-1.16,0.26,0.02,2.39
2000-08-21,600741,-7.74,-7.65,-7.64,-7.74,32701,32892000.0,-1.29,1.16,0.09,1.36
2000-08-22,600741,-7.64,-7.73,-7.62,-7.73,35997,36398000.0,-1.44,-1.05,-0.08,1.5
2000-08-23,600741,-7.75,-7.75,-7.7,-7.89,47223,46076000.0,-2.46,-0.26,-0.02,1.97
2000-08-24,600741,-7.74,-7.76,-7.73,-7.79,22867,22465000.0,-0.77,-0.13,-0.01,0.95
2000-08-25,600741,-7.76,-7.77,-7.75,-7.79,19564,19156000.0,-0.52,-0.13,-0.01,0.82
2000-08-28,600741,-7.77,-7.78,-7.75,-7.8,22994,22417000.0,-0.64,-0.13,-0.01,0.96
2000-08-29,600741,-7.77,-7.77,-7.75,-7.79,25480,24961000.0,-0.51,0.13,0.01,1.06
2000-08-30,600741,-7.77,-7.8,-7.76,-7.82,25501,24789000.0,-0.77,-0.39,-0.03,1.06
2000-08-31,600741,-7.81,-7.91,-7.81,-7.92,29823,28364000.0,-1.41,-1.41,-0.11,1.24
2000-09-01,600741,-7.92,-7.96,-7.91,-7.98,20341,18997000.0,-0.88,-0.63,-0.05,0.85
2000-09-04,600741,-7.97,-7.96,-7.96,-8.03,12355,11309000.0,-0.88,0.0,0.0,0.52
2000-09-05,600741,-7.94,-8.02,-7.92,-8.04,8824,8180000.0,-1.51,-0.75,-0.06,0.37
2000-09-06,600741,-8.04,-8.08,-8.0,-8.08,12565,11291000.0,-1.0,-0.75,-0.06,0.52
2000-09-07,600741,-8.08,-8.08,-8.01,-8.1,10349,9271000.0,-1.11,0.0,0.0,0.43
2000-09-08,600741,-8.08,-8.07,-8.05,-8.09,8251,7377000.0,-0.5,0.12,0.01,0.34
2000-09-11,600741,-8.07,-8.01,-8.0,-8.07,5268,4789000.0,-0.87,0.74,0.06,0.22
2000-09-12,600741,-8.01,-8.0,-7.99,-8.01,4390,4004000.0,-0.25,0.12,0.01,0.18
2000-09-13,600741,-8.0,-7.97,-7.93,-8.0,6976,6445000.0,-0.88,0.38,0.03,0.29
2000-09-14,600741,-7.97,-8.03,-7.96,-8.03,5872,5356000.0,-0.88,-0.75,-0.06,0.24
2000-09-15,600741,-8.03,-8.05,-8.01,-8.05,5300,4799000.0,-0.5,-0.25,-0.02,0.22
2000-09-18,600741,-8.03,-8.07,-8.01,-8.07,5453,4908000.0,-0.75,-0.25,-0.02,0.23
2000-09-19,600741,-8.07,-8.13,-8.06,-8.16,7637,6728000.0,-1.24,-0.74,-0.06,0.32
2000-09-20,600741,-8.13,-8.1,-8.09,-8.16,7328,6421000.0,-0.86,0.37,0.03,0.31
2000-09-21,600741,-8.09,-8.14,-8.07,-8.14,3988,3509000.0,-0.86,-0.49,-0.04,0.17
2000-09-22,600741,-8.21,-8.23,-8.12,-8.25,23017,19689000.0,-1.6,-1.11,-0.09,0.96
2000-09-25,600741,-8.23,-8.2,-8.19,-8.3,15753,13257000.0,-1.34,0.36,0.03,0.66
2000-09-26,600741,-8.2,-8.24,-8.19,-8.3,5888,4962000.0,-1.34,-0.49,-0.04,0.25
2000-09-27,600741,-8.24,-8.21,-8.2,-8.24,6826,5801000.0,-0.49,0.36,0.03,0.28
2000-09-28,600741,-8.2,-8.27,-8.2,-8.28,6382,5373000.0,-0.97,-0.73,-0.06,0.27
2000-09-29,600741,-8.27,-8.25,-8.24,-8.27,7460,6272000.0,-0.36,0.24,0.02,0.31
2000-10-09,600741,-8.18,-8.25,-8.18,-8.26,5018,4233000.0,-0.97,0.0,0.0,0.21
2000-10-10,600741,-8.25,-8.22,-8.21,-8.25,6886,5846000.0,-0.48,0.36,0.03,0.29
2000-10-11,600741,-8.21,-8.25,-8.2,-8.25,7733,6546000.0,-0.61,-0.36,-0.03,0.32
2000-10-12,600741,-8.26,-8.26,-8.23,-8.29,7766,6495000.0,-0.73,-0.12,-0.01,0.32
2000-10-13,600741,-8.26,-8.29,-8.25,-8.29,6253,5223000.0,-0.48,-0.36,-0.03,0.26
2000-10-16,600741,-8.28,-8.33,-8.28,-8.33,9438,7809000.0,-0.6,-0.48,-0.04,0.39
2000-10-17,600741,-8.31,-8.32,-8.31,-8.33,4880,4013000.0,-0.24,0.12,0.01,0.2
2000-10-18,600741,-8.31,-8.29,-8.29,-8.31,4385,3636000.0,-0.24,0.36,0.03,0.18
2000-10-19,600741,-8.28,-8.24,-8.2,-8.28,7964,6746000.0,-0.97,0.6,0.05,0.33
2000-10-20,600741,-8.24,-8.23,-8.23,-8.26,6105,5145000.0,-0.36,0.12,0.01,0.25
2000-10-23,600741,-8.22,-8.22,-8.2,-8.23,8122,6923000.0,-0.36,0.12,0.01,0.34
2000-10-24,600741,-8.22,-8.26,-8.21,-8.26,6970,5897000.0,-0.61,-0.49,-0.04,0.29
2000-10-25,600741,-8.26,-8.23,-8.22,-8.26,8991,7608000.0,-0.48,0.36,0.03,0.37
2000-10-26,600741,-8.23,-8.26,-8.21,-8.26,7945,6702000.0,-0.61,-0.36,-0.03,0.33
2000-10-27,600741,-8.25,-8.28,-8.24,-8.3,7562,6316000.0,-0.73,-0.24,-0.02,0.32
2000-10-30,600741,-8.29,-8.28,-8.26,-8.31,8460,7053000.0,-0.6,0.0,0.0,0.35
2000-10-31,600741,-8.28,-8.23,-8.21,-8.29,8035,6774000.0,-0.97,0.6,0.05,0.34
2000-11-01,600741,-8.23,-8.22,-8.21,-8.25,7398,6289000.0,-0.49,0.12,0.01,0.31
2000-11-02,600741,-8.2,-8.17,-8.14,-8.23,18018,15595000.0,-1.09,0.61,0.05,0.75
2000-11-03,600741,-8.19,-8.18,-8.14,-8.19,9239,7998000.0,-0.61,-0.12,-0.01,0.39
2000-11-06,600741,-8.19,-8.14,-8.12,-8.19,11715,10229000.0,-0.86,0.49,0.04,0.49
2000-11-07,600741,-8.13,-8.14,-8.12,-8.17,9925,8656000.0,-0.61,0.0,0.0,0.41
2000-11-08,600741,-8.14,-8.15,-8.14,-8.17,7828,6791000.0,-0.37,-0.12,-0.01,0.33
2000-11-09,600741,-8.15,-8.14,-8.12,-8.17,11080,9672000.0,-0.61,0.12,0.01,0.46
2000-11-10,600741,-8.14,-8.12,-8.1,-8.16,16688,14658000.0,-0.74,0.25,0.02,0.7
2000-11-13,600741,-8.11,-8.09,-8.06,-8.12,25276,22516000.0,-0.74,0.37,0.03,1.05
2000-11-14,600741,-8.09,-7.98,-7.98,-8.1,49383,44819000.0,-1.48,1.36,0.11,2.06
2000-11-15,600741,-7.98,-8.01,-7.96,-8.02,26290,24098000.0,-0.75,-0.38,-0.03,1.1
2000-11-16,600741,-8.02,-8.01,-8.0,-8.05,18385,16695000.0,-0.62,0.0,0.0,0.77
2000-11-17,600741,-8.01,-8.03,-7.98,-8.04,14725,13374000.0,-0.75,-0.25,-0.02,0.61
2000-11-20,600741,-8.03,-8.06,-8.03,-8.08,13332,11954000.0,-0.62,-0.37,-0.03,0.56
2000-11-21,600741,-8.05,-8.05,-8.0,-8.05,14059,12717000.0,-0.62,0.12,0.01,0.59
2000-11-22,600741,-8.06,-8.03,-8.02,-8.08,12725,11458000.0,-0.75,0.25,0.02,0.53
2000-11-23,600741,-8.01,-8.04,-8.01,-8.05,19997,18134000.0,-0.5,-0.12,-0.01,0.83
2000-11-24,600741,-8.04,-8.02,-7.95,-8.05,39815,36277000.0,-1.24,0.25,0.02,1.66
2000-11-27,600741,-8.02,-7.95,-7.95,-8.04,34723,31941000.0,-1.12,0.87,0.07,1.45
2000-11-28,600741,-7.92,-7.92,-7.89,-7.95,28166,26357000.0,-0.75,0.38,0.03,1.17
2000-11-29,600741,-7.92,-7.98,-7.91,-8.01,21318,19633000.0,-1.26,-0.76,-0.06,0.89
2000-11-30,600741,-7.98,-8.01,-7.98,-8.02,10519,9607000.0,-0.5,-0.38,-0.03,0.44
2000-12-01,600741,-8.0,-8.0,-7.98,-8.02,9555,8719000.0,-0.5,0.12,0.01,0.4
2000-12-04,600741,-8.0,-8.01,-7.98,-8.03,11245,10222000.0,-0.63,-0.13,-0.01,0.47
2000-12-05,600741,-8.0,-8.0,-7.98,-8.02,9744,8898000.0,-0.5,0.12,0.01,0.41
2000-12-06,600741,-8.0,-8.04,-7.99,-8.05,10694,9713000.0,-0.75,-0.5,-0.04,0.45
2000-12-07,600741,-8.04,-8.07,-8.04,-8.08,12373,11062000.0,-0.5,-0.37,-0.03,0.52
2000-12-08,600741,-8.08,-8.07,-8.05,-8.1,14704,13113000.0,-0.62,0.0,0.0,0.61
2000-12-11,600741,-8.07,-8.15,-8.07,-8.17,14489,12701000.0,-1.24,-0.99,-0.08,0.6
2000-12-12,600741,-8.15,-8.12,-8.12,-8.18,8763,7631000.0,-0.74,0.37,0.03,0.37
2000-12-13,600741,-8.12,-8.13,-8.12,-8.16,5014,4393000.0,-0.49,-0.12,-0.01,0.21
2000-12-14,600741,-8.13,-8.12,-8.1,-8.13,5271,4636000.0,-0.37,0.12,0.01,0.22
2000-12-15,600741,-8.12,-8.12,-8.11,-8.13,6750,5931000.0,-0.25,0.0,0.0,0.28
2000-12-18,600741,-8.12,-8.11,-8.1,-8.16,8926,7819000.0,-0.74,0.12,0.01,0.37
2000-12-19,600741,-8.11,-8.06,-8.02,-8.11,10549,9461000.0,-1.11,0.62,0.05,0.44
2000-12-20,600741,-8.05,-8.06,-8.04,-8.08,7665,6855000.0,-0.5,0.0,0.0,0.32
2000-12-21,600741,-8.05,-8.05,-8.02,-8.06,10407,9385000.0,-0.5,0.12,0.01,0.43
2000-12-22,600741,-8.05,-8.1,-8.05,-8.11,7658,6823000.0,-0.75,-0.62,-0.05,0.32
2000-12-25,600741,-8.1,-8.13,-8.09,-8.13,8337,7333000.0,-0.49,-0.37,-0.03,0.35
2000-12-26,600741,-8.12,-8.12,-8.08,-8.14,12559,11106000.0,-0.74,0.12,0.01,0.52
2000-12-27,600741,-8.11,-8.11,-8.09,-8.13,9767,8612000.0,-0.49,0.12,0.01,0.41
2000-12-28,600741,-8.12,-8.03,-8.01,-8.12,27716,24848000.0,-1.36,0.99,0.08,1.16
2000-12-29,600741,-8.03,-8.04,-8.01,-8.06,13765,12434000.0,-0.62,-0.12,-0.01,0.57
2001-01-02,600741,-8.02,-7.99,-7.98,-8.02,13025,11911000.0,-0.5,0.62,0.05,0.54
2001-01-03,600741,-7.98,-7.99,-7.97,-8.01,16556,15150000.0,-0.5,0.0,0.0,0.69
2001-01-04,600741,-7.99,-8.0,-7.98,-8.01,15579,14224000.0,-0.38,-0.13,-0.01,0.65
2001-01-05,600741,-8.0,-8.02,-8.0,-8.05,13978,12645000.0,-0.63,-0.25,-0.02,0.58
2001-01-08,600741,-8.01,-7.98,-7.96,-8.02,28833,26477000.0,-0.75,0.5,0.04,1.2
2001-01-09,600741,-7.98,-8.0,-7.96,-8.01,16582,15244000.0,-0.63,-0.25,-0.02,0.69
2001-01-10,600741,-7.98,-7.92,-7.92,-7.98,32577,30362000.0,-0.75,1.0,0.08,1.36
2001-01-11,600741,-7.92,-7.93,-7.89,-7.94,25775,24176000.0,-0.63,-0.13,-0.01,1.07
2001-01-12,600741,-7.93,-7.96,-7.91,-7.96,17620,16433000.0,-0.63,-0.38,-0.03,0.73
2001-01-15,600741,-7.96,-8.04,-7.96,-8.04,16295,14835000.0,-1.01,-1.01,-0.08,0.68
2001-01-16,600741,-8.05,-8.02,-8.02,-8.08,10906,9817000.0,-0.75,0.25,0.02,0.45
2001-01-17,600741,-8.02,-8.03,-8.02,-8.05,5566,5038000.0,-0.37,-0.12,-0.01,0.23
2001-01-18,600741,-8.03,-8.02,-8.01,-8.04,8083,7349000.0,-0.37,0.12,0.01,0.34
2001-01-19,600741,-8.02,-8.02,-8.0,-8.03,11177,10172000.0,-0.37,0.0,0.0,0.47
2001-02-05,600741,-8.01,-8.02,-7.99,-8.05,8401,7622000.0,-0.75,0.0,0.0,0.35
2001-02-06,600741,-8.03,-8.06,-8.03,-8.09,8039,7209000.0,-0.75,-0.5,-0.04,0.34
2001-02-07,600741,-8.03,-8.05,-8.03,-8.07,4621,4160000.0,-0.5,0.12,0.01,0.19
2001-02-08,600741,-8.07,-8.12,-8.04,-8.12,6102,5428000.0,-0.99,-0.87,-0.07,0.25
2001-02-09,600741,-8.12,-8.11,-8.07,-8.12,6810,6037000.0,-0.62,0.12,0.01,0.28
2001-02-12,600741,-8.1,-8.06,-8.05,-8.11,4875,4345000.0,-0.74,0.62,0.05,0.2
2001-02-13,600741,-8.05,-8.05,-8.04,-8.06,4235,3815000.0,-0.25,0.12,0.01,0.18
2001-02-14,600741,-8.05,-8.05,-8.04,-8.07,3557,3197000.0,-0.37,0.0,0.0,0.15
2001-02-15,600741,-8.04,-8.02,-8.02,-8.05,6587,5957000.0,-0.37,0.37,0.03,0.27
2001-02-16,600741,-8.04,-8.02,-8.01,-8.09,9712,8743000.0,-1.0,0.0,0.0,0.4
2001-02-19,600741,-8.01,-8.01,-7.99,-8.05,9082,8284000.0,-0.75,0.12,0.01,0.38
2001-02-20,600741,-8.0,-8.02,-7.98,-8.02,9379,8576000.0,-0.5,-0.12,-0.01,0.39
2001-02-21,600741,-8.02,-8.11,-8.02,-8.11,9126,8130000.0,-1.12,-1.12,-0.09,0.38
2001-02-22,600741,-8.11,-8.09,-8.08,-8.12,4138,3676000.0,-0.49,0.25,0.02,0.17
2001-02-23,600741,-8.09,-8.03,-8.02,-8.09,4536,4065000.0,-0.87,0.74,0.06,0.19
2001-02-26,600741,-8.01,-8.01,-7.98,-8.03,7435,6785000.0,-0.62,0.25,0.02,0.31
2001-02-27,600741,-8.01,-7.98,-7.98,-8.01,10374,9502000.0,-0.37,0.37,0.03,0.43
2001-02-28,600741,-7.97,-8.0,-7.96,-8.0,5759,5281000.0,-0.5,-0.25,-0.02,0.24
2001-03-01,600741,-8.0,-7.99,-7.98,-8.0,6495,5952000.0,-0.25,0.13,0.01,0.27
2001-03-02,600741,-7.99,-7.99,-7.98,-8.0,9567,8780000.0,-0.25,0.0,0.0,0.4
2001-03-05,600741,-7.99,-8.01,-7.98,-8.01,6529,5970000.0,-0.38,-0.25,-0.02,0.27
2001-03-06,600741,-8.01,-8.0,-7.98,-8.03,6857,6242000.0,-0.62,0.12,0.01,0.29
2001-03-07,600741,-8.0,-7.95,-7.94,-8.0,26216,24283000.0,-0.75,0.63,0.05,1.09
2001-03-08,600741,-7.94,-7.95,-7.92,-7.95,15328,14268000.0,-0.38,0.0,0.0,0.64
2001-03-09,600741,-7.94,-7.97,-7.94,-7.99,11615,10741000.0,-0.63,-0.25,-0.02,0.48
2001-03-12,600741,-7.97,-7.98,-7.94,-7.98,7870,7281000.0,-0.5,-0.13,-0.01,0.33
2001-03-13,600741,-7.97,-8.0,-7.96,-8.01,6050,5553000.0,-0.63,-0.25,-0.02,0.25
2001-03-14,600741,-8.0,-7.99,-7.98,-8.0,4534,4155000.0,-0.25,0.13,0.01,0.19
2001-03-15,600741,-7.99,-7.98,-7.97,-7.99,6879,6323000.0,-0.25,0.13,0.01,0.29
2001-03-16,600741,-7.98,-8.01,-7.98,-8.02,8739,7968000.0,-0.5,-0.38,-0.03,0.36
2001-03-19,600741,-8.01,-8.01,-8.0,-8.02,7683,7004000.0,-0.25,0.0,0.0,0.32
2001-03-20,600741,-8.0,-7.94,-7.92,-8.0,19966,18515000.0,-1.0,0.87,0.07,0.83
2001-03-21,600741,-7.93,-7.84,-7.83,-7.95,74949,71450000.0,-1.51,1.26,0.1,3.13
2001-03-22,600741,-7.83,-7.82,-7.8,-7.87,67452,64959000.0,-0.89,0.26,0.02,2.81
2001-03-23,600741,-7.81,-7.87,-7.8,-7.88,33546,32101000.0,-1.02,-0.64,-0.05,1.4
2001-03-26,600741,-7.86,-7.83,-7.82,-7.87,19454,18690000.0,-0.64,0.51,0.04,0.81
2001-03-27,600741,-7.82,-7.81,-7.77,-7.82,26056,25309000.0,-0.64,0.26,0.02,1.09
2001-03-28,600741,-7.81,-7.8,-7.8,-7.85,17770,17145000.0,-0.64,0.13,0.01,0.74
2001-03-29,600741,-7.8,-7.78,-7.77,-7.82,24117,23543000.0,-0.64,0.26,0.02,1.01
2001-03-30,600741,-7.78,-7.81,-7.78,-7.83,13971,13534000.0,-0.64,-0.39,-0.03,0.58
2001-04-02,600741,-7.81,-7.82,-7.8,-7.83,14157,13666000.0,-0.38,-0.13,-0.01,0.59
2001-04-03,600741,-7.79,-7.72,-7.71,-7.82,40489,39905000.0,-1.41,1.28,0.1,1.69
2001-04-04,600741,-7.72,-7.79,-7.7,-7.81,32325,31903000.0,-1.42,-0.91,-0.07,1.35
2001-04-05,600741,-7.8,-7.77,-7.77,-7.82,16250,15815000.0,-0.64,0.26,0.02,0.68
2001-04-06,600741,-7.77,-7.8,-7.75,-7.8,13886,13567000.0,-0.64,-0.39,-0.03,0.58
2001-04-09,600741,-7.8,-7.76,-7.75,-7.8,13884,13569000.0,-0.64,0.51,0.04,0.58
2001-04-10,600741,-7.77,-7.77,-7.74,-7.79,9852,9658000.0,-0.64,-0.13,-0.01,0.41
2001-04-11,600741,-7.77,-7.8,-7.76,-7.81,11830,11505000.0,-0.64,-0.39,-0.03,0.49
2001-04-12,600741,-7.8,-7.8,-7.79,-7.82,18401,17855000.0,-0.38,0.0,0.0,0.77
2001-04-13,600741,-7.8,-7.82,-7.79,-7.86,21316,20530000.0,-0.9,-0.26,-0.02,0.89
2001-04-16,600741,-7.77,-7.78,-7.76,-7.83,22909,22317000.0,-0.9,0.51,0.04,0.96
2001-04-17,600741,-7.77,-7.73,-7.72,-7.77,41871,41409000.0,-0.64,0.64,0.05,1.75
2001-04-18,600741,-7.73,-7.74,-7.73,-7.75,24966,24690000.0,-0.26,-0.13,-0.01,1.04
2001-04-19,600741,-7.74,-7.76,-7.73,-7.8,17573,17188000.0,-0.9,-0.26,-0.02,0.73
2001-04-20,600741,-7.76,-7.79,-7.76,-7.8,16162,15717000.0,-0.52,-0.39,-0.03,0.67
2001-04-23,600741,-7.8,-7.84,-7.8,-7.86,16596,15920000.0,-0.77,-0.64,-0.05,0.69
2001-04-24,600741,-7.84,-7.84,-7.82,-7.85,9454,9082000.0,-0.38,0.0,0.0,0.39
2001-04-25,600741,-7.84,-7.9,-7.82,-7.91,16075,15314000.0,-1.15,-0.77,-0.06,0.67
2001-04-26,600741,-7.92,-7.92,-7.89,-7.93,12933,12153000.0,-0.51,-0.25,-0.02,0.54
2001-04-27,600741,-7.93,-7.9,-7.89,-7.93,10427,9785000.0,-0.51,0.25,0.02,0.43
2001-04-30,600741,-7.91,-7.87,-7.87,-7.92,10561,9928000.0,-0.63,0.38,0.03,0.44
2001-05-08,600741,-7.87,-7.86,-7.86,-7.88,4516,4288145.0,-0.25,0.13,0.01,0.19
2001-05-09,600741,-7.87,-7.92,-7.86,-7.94,7065,6666000.0,-1.02,-0.76,-0.06,0.29
2001-05-10,600741,-7.92,-7.9,-7.87,-7.93,7114,6684000.0,-0.76,0.25,0.02,0.3
2001-05-11,600741,-7.89,-7.91,-7.87,-7.92,7726,7263000.0,-0.63,-0.13,-0.01,0.32
2001-05-14,600741,-7.91,-7.86,-7.86,-7.92,11254,10610000.0,-0.76,0.63,0.05,0.47
2001-05-15,600741,-7.84,-7.83,-7.81,-7.86,14527,13944000.0,-0.64,0.38,0.03,0.61
2001-05-16,600741,-7.83,-7.85,-7.82,-7.86,9556,9152000.0,-0.51,-0.26,-0.02,0.4
2001-05-17,600741,-7.85,-7.81,-7.8,-7.87,24245,23271000.0,-0.89,0.51,0.04,1.01
2001-05-21,600741,-7.8,-7.8,-7.79,-7.84,15834,15314000.0,-0.64,0.13,0.01,0.66
2001-05-22,600741,-7.8,-7.84,-7.8,-7.84,7666,7390000.0,-0.51,-0.51,-0.04,0.32
2001-05-23,600741,-7.85,-7.86,-7.84,-7.91,11580,10966000.0,-0.89,-0.26,-0.02,0.48
2001-05-24,600741,-7.87,-7.85,-7.84,-7.91,11125,10529000.0,-0.89,0.13,0.01,0.46
2001-05-25,600741,-7.86,-7.85,-7.81,-7.91,13527,12944000.0,-1.27,0.0,0.0,0.56
2001-05-28,600741,-7.85,-7.86,-7.85,-7.9,9315,8858000.0,-0.64,-0.13,-0.01,0.39
2001-05-29,600741,-7.87,-7.91,-7.87,-7.91,10120,9567000.0,-0.51,-0.64,-0.05,0.42
2001-05-30,600741,-7.91,-7.87,-7.87,-7.91,7843,7430000.0,-0.51,0.51,0.04,0.33
2001-05-31,600741,-7.87,-7.9,-7.85,-7.91,5493,5187000.0,-0.76,-0.38,-0.03,0.23
2001-06-01,600741,-7.9,-7.91,-7.88,-7.91,10056,9467000.0,-0.38,-0.13,-0.01,0.42
2001-06-04,600741,-7.91,-7.94,-7.91,-7.95,18725,17444000.0,-0.51,-0.38,-0.03,0.78
2001-06-05,600741,-7.93,-7.86,-7.86,-7.93,13514,12745000.0,-0.88,1.01,0.08,0.56
2001-06-06,600741,-7.86,-7.86,-7.86,-7.88,13595,12926000.0,-0.25,0.0,0.0,0.57
2001-06-07,600741,-7.87,-7.87,-7.85,-7.88,13725,13052000.0,-0.38,-0.13,-0.01,0.57
2001-06-08,600741,-7.87,-7.9,-7.86,-7.92,12572,11892000.0,-0.76,-0.38,-0.03,0.52
2001-06-11,600741,-7.87,-7.86,-7.85,-7.91,12043,11456000.0,-0.76,0.51,0.04,0.5
2001-06-12,600741,-7.87,-7.84,-7.83,-7.88,13948,13356000.0,-0.64,0.25,0.02,0.58
2001-06-13,600741,-7.83,-7.83,-7.82,-7.85,16553,15936000.0,-0.38,0.13,0.01,0.69
2001-06-14,600741,-7.82,-7.89,-7.8,-7.89,17539,16874000.0,-1.15,-0.77,-0.06,0.73
2001-06-15,600741,-7.89,-7.84,-7.82,-7.89,15326,14676000.0,-0.89,0.63,0.05,0.64
2001-06-18,600741,-7.84,-7.92,-7.84,-7.93,10350,9753000.0,-1.15,-1.02,-0.08,0.43
2001-06-19,600741,-7.92,-7.81,-7.8,-7.93,34376,33016000.0,-1.64,1.39,0.11,1.43
2001-06-20,600741,-7.77,-7.8,-7.72,-7.81,101323,99156000.0,-1.15,0.13,0.01,4.22
2001-06-21,600741,-7.8,-7.82,-7.79,-7.83,17846,17249000.0,-0.51,-0.26,-0.02,0.74
2001-06-22,600741,-7.81,-7.78,-7.76,-7.82,31804,31014000.0,-0.77,0.51,0.04,1.33
2001-06-25,600741,-7.77,-7.77,-7.75,-7.79,20565,20110000.0,-0.51,0.13,0.01,0.86
2001-06-26,600741,-7.75,-7.8,-7.75,-7.81,13784,13418000.0,-0.77,-0.39,-0.03,0.57
2001-06-27,600741,-7.79,-7.81,-7.78,-7.83,10452,10116000.0,-0.64,-0.13,-0.01,0.44
2001-06-28,600741,-7.82,-7.84,-7.81,-7.84,8383,8068000.0,-0.38,-0.38,-0.03,0.35
2001-06-29,600741,-7.84,-7.85,-7.82,-7.86,12268,11753000.0,-0.51,-0.13,-0.01,0.51
2001-07-02,600741,-7.83,-7.83,-7.82,-7.84,5735,5520000.0,-0.25,0.25,0.02,0.24
2001-07-03,600741,-7.82,-7.81,-7.8,-7.83,7648,7396000.0,-0.38,0.26,0.02,0.32
2001-07-04,600741,-7.77,-7.85,-7.77,-7.86,5412,5135000.0,-1.15,-0.51,-0.04,0.23
2001-07-05,600741,-7.84,-7.87,-7.81,-7.87,6358,5943000.0,-0.76,-0.25,-0.02,0.27
2001-07-06,600741,-7.87,-7.89,-7.87,-7.9,8253,7651000.0,-0.38,-0.25,-0.02,0.34
2001-07-09,600741,-7.89,-7.87,-7.83,-7.91,4400,4083000.0,-1.01,0.25,0.02,0.18
2001-07-10,600741,-7.87,-7.86,-7.85,-7.88,3262,3047000.0,-0.38,0.13,0.01,0.14
2001-07-11,600741,-7.86,-7.89,-7.85,-7.89,2731,2533000.0,-0.51,-0.38,-0.03,0.11
2001-07-12,600741,-7.89,-7.91,-7.88,-7.91,5404,4983000.0,-0.38,-0.25,-0.02,0.23
2001-07-13,600741,-7.91,-7.92,-7.89,-7.92,4821,4441295.0,-0.38,-0.13,-0.01,0.2
2001-07-16,600741,-7.88,-7.92,-7.83,-7.93,5699,5270000.0,-1.26,0.0,0.0,0.24
2001-07-17,600741,-7.91,-7.94,-7.9,-7.96,7455,6797000.0,-0.76,-0.25,-0.02,0.31
2001-07-18,600741,-7.94,-7.93,-7.91,-7.94,2877,2631000.0,-0.38,0.13,0.01,0.12
2001-07-19,600741,-7.91,-7.95,-7.91,-7.97,5636,5124000.0,-0.76,-0.25,-0.02,0.23
2001-07-20,600741,-8.06,-8.02,-8.01,-8.11,29771,26249000.0,-1.26,-0.88,-0.07,1.24
2001-07-23,600741,-8.02,-8.05,-8.02,-8.09,20152,17618000.0,-0.87,-0.37,-0.03,0.84
2001-07-24,600741,-8.06,-8.02,-8.02,-8.09,9566,8394000.0,-0.87,0.37,0.03,0.4
2001-07-25,600741,-8.02,-8.07,-8.02,-8.07,6409,5632000.0,-0.62,-0.62,-0.05,0.27
2001-07-26,600741,-8.07,-8.11,-8.05,-8.12,6970,6056000.0,-0.87,-0.5,-0.04,0.29
2001-07-27,600741,-8.1,-8.16,-8.09,-8.16,6593,5643000.0,-0.86,-0.62,-0.05,0.27
2001-07-30,600741,-8.16,-8.26,-8.15,-8.26,10915,9109000.0,-1.35,-1.23,-0.1,0.46
2001-07-31,600741,-8.26,-8.26,-8.22,-8.29,11118,9180000.0,-0.85,0.0,0.0,0.46
2001-08-01,600741,-8.25,-8.16,-8.16,-8.25,6910,5775000.0,-1.09,1.21,0.1,0.29
2001-08-02,600741,-8.16,-8.23,-8.16,-8.26,18070,14975000.0,-1.23,-0.86,-0.07,0.75
2001-08-03,600741,-8.23,-8.23,-8.19,-8.24,4098,3406000.0,-0.61,0.0,0.0,0.17
2001-08-06,600741,-8.23,-8.27,-8.23,-8.28,7963,6519000.0,-0.61,-0.49,-0.04,0.33
2001-08-07,600741,-8.27,-8.23,-8.2,-8.33,6173,5048000.0,-1.57,0.48,0.04,0.26
2001-08-08,600741,-8.23,-8.25,-8.23,-8.3,6058,4977000.0,-0.85,-0.24,-0.02,0.25
2001-08-09,600741,-8.25,-8.17,-8.17,-8.25,8518,7147000.0,-0.97,0.97,0.08,0.36
2001-08-10,600741,-8.17,-8.14,-8.14,-8.2,9918,8424000.0,-0.73,0.37,0.03,0.41
2001-08-13,600741,-8.14,-8.13,-8.12,-8.18,9185,7822000.0,-0.74,0.12,0.01,0.38
2001-08-14,600741,-8.15,-8.11,-8.11,-8.17,8027,6873000.0,-0.74,0.25,0.02,0.33
2001-08-15,600741,-8.14,-8.06,-8.04,-8.15,16594,14500000.0,-1.36,0.62,0.05,0.69
2001-08-16,600741,-8.09,-8.01,-8.01,-8.1,12424,10937000.0,-1.12,0.62,0.05,0.52
2001-08-17,600741,-8.04,-7.99,-7.99,-8.09,20930,18588000.0,-1.25,0.25,0.02,0.87
2001-08-21,600741,-8.04,-8.08,-8.03,-8.12,12080,10541000.0,-1.13,-1.13,-0.09,0.5
2001-08-22,600741,-8.11,-8.19,-8.11,-8.19,7211,6139000.0,-0.99,-1.36,-0.11,0.3
2001-08-23,600741,-8.2,-8.19,-8.17,-8.26,4906,4074000.0,-1.1,0.0,0.0,0.2
2001-08-24,600741,-8.19,-8.22,-8.17,-8.23,3345,2791000.0,-0.73,-0.37,-0.03,0.14
2001-08-27,600741,-8.26,-8.29,-8.22,-8.29,7707,6318000.0,-0.85,-0.85,-0.07,0.32
2001-08-28,600741,-8.3,-8.25,-8.25,-8.33,6402,5193000.0,-0.97,0.48,0.04,0.27
2001-08-29,600741,-8.23,-8.24,-8.22,-8.26,1824,1509000.0,-0.48,0.12,0.01,0.08
2001-08-30,600741,-8.26,-8.26,-8.23,-8.26,1161,958000.0,-0.36,-0.24,-0.02,0.05
2001-08-31,600741,-8.26,-8.25,-8.22,-8.27,1383,1138000.0,-0.61,0.12,0.01,0.06
2001-09-03,600741,-8.26,-8.26,-8.24,-8.27,1760,1445000.0,-0.36,-0.12,-0.01,0.07
2001-09-04,600741,-8.26,-8.2,-8.2,-8.26,2762,2293000.0,-0.73,0.73,0.06,0.12
2001-09-05,600741,-8.2,-8.21,-8.17,-8.23,2727,2288000.0,-0.73,-0.12,-0.01,0.11
2001-09-06,600741,-8.21,-8.24,-8.21,-8.24,1706,1415000.0,-0.37,-0.37,-0.03,0.07
2001-09-07,600741,-8.25,-8.29,-8.24,-8.29,2798,2288000.0,-0.61,-0.61,-0.05,0.12
2001-09-10,600741,-8.29,-8.24,-8.24,-8.32,2863,2338000.0,-0.97,0.6,0.05,0.12
2001-09-11,600741,-8.24,-8.25,-8.23,-8.26,1999,1648000.0,-0.36,-0.12,-0.01,0.08
2001-09-12,600741,-8.27,-8.29,-8.27,-8.33,5267,4262000.0,-0.73,-0.48,-0.04,0.22
2001-09-13,600741,-8.29,-8.29,-8.25,-8.3,1570,1277000.0,-0.6,0.0,0.0,0.07
2001-09-14,600741,-8.3,-8.31,-8.29,-8.32,2450,1977000.0,-0.36,-0.24,-0.02,0.1
2001-09-17,600741,-8.31,-8.36,-8.3,-8.36,4219,3372000.0,-0.72,-0.6,-0.05,0.18
2001-09-18,600741,-8.37,-8.34,-8.3,-8.37,3518,2814000.0,-0.84,0.24,0.02,0.15
2001-09-19,600741,-8.33,-8.32,-8.32,-8.37,2923,2333000.0,-0.6,0.24,0.02,0.12
2001-09-20,600741,-8.31,-8.3,-8.28,-8.35,3793,3072000.0,-0.84,0.24,0.02,0.16
2001-09-21,600741,-8.31,-8.35,-8.31,-8.36,2049,1638000.0,-0.6,-0.6,-0.05,0.09
2001-09-24,600741,-8.34,-8.36,-8.33,-8.37,1277,1016000.0,-0.48,-0.12,-0.01,0.05
2001-09-25,600741,-8.36,-8.36,-8.33,-8.36,1602,1275000.0,-0.36,0.0,0.0,0.07
2001-09-26,600741,-8.36,-8.39,-8.33,-8.39,1735,1371000.0,-0.72,-0.36,-0.03,0.07
2001-09-27,600741,-8.39,-8.35,-8.34,-8.42,2455,1921000.0,-0.95,0.48,0.04,0.1
2001-09-28,600741,-8.37,-8.37,-8.35,-8.38,1247,987000.0,-0.36,-0.24,-0.02,0.05
2001-10-08,600741,-8.37,-8.45,-8.37,-8.48,1910,1476000.0,-1.31,-0.96,-0.08,0.08
2001-10-09,600741,-8.45,-8.44,-8.43,-8.48,3800,2918000.0,-0.59,0.12,0.01,0.16
2001-10-10,600741,-8.44,-8.51,-8.42,-8.52,3119,2370000.0,-1.18,-0.83,-0.07,0.13
2001-10-11,600741,-8.51,-8.59,-8.48,-8.61,4952,3662000.0,-1.53,-0.94,-0.08,0.21
2001-10-12,600741,-8.59,-8.49,-8.34,-8.63,11653,8798000.0,-3.38,1.16,0.1,0.49
2001-10-15,600741,-8.48,-8.43,-8.31,-8.49,12891,9968000.0,-2.12,0.71,0.06,0.54
2001-10-16,600741,-8.43,-8.53,-8.42,-8.53,3999,3021000.0,-1.3,-1.19,-0.1,0.17
2001-10-17,600741,-8.53,-8.55,-8.49,-8.57,1809,1342000.0,-0.94,-0.23,-0.02,0.08
2001-10-18,600741,-8.55,-8.55,-8.51,-8.58,2721,2010000.0,-0.82,0.0,0.0,0.11
2001-10-19,600741,-8.55,-8.62,-8.55,-8.65,4298,3102000.0,-1.17,-0.82,-0.07,0.18
2001-10-22,600741,-8.62,-8.73,-8.62,-8.73,4551,3190000.0,-1.28,-1.28,-0.11,0.19
2001-10-23,600741,-8.49,-8.49,-8.49,-8.57,18065,13584000.0,-0.92,2.75,0.24,0.75
2001-10-24,600741,-8.42,-8.45,-8.33,-8.48,29213,22635000.0,-1.77,0.47,0.04,1.22
2001-10-25,600741,-8.46,-8.56,-8.46,-8.56,7788,5788000.0,-1.18,-1.3,-0.11,0.32
2001-10-26,600741,-8.58,-8.55,-8.55,-8.6,3695,2702000.0,-0.58,0.12,0.01,0.15
2001-10-29,600741,-8.56,-8.54,-8.53,-8.58,3904,2882000.0,-0.58,0.12,0.01,0.16
2001-10-30,600741,-8.54,-8.56,-8.53,-8.57,3045,2240000.0,-0.47,-0.23,-0.02,0.13
2001-10-31,600741,-8.56,-8.58,-8.56,-8.6,3198,2329000.0,-0.47,-0.23,-0.02,0.13
2001-11-01,600741,-8.58,-8.53,-8.51,-8.58,4956,3692000.0,-0.82,0.58,0.05,0.21
2001-11-02,600741,-8.53,-8.54,-8.51,-8.56,1746,1295000.0,-0.59,-0.12,-0.01,0.07
2001-11-05,600741,-8.55,-8.56,-8.54,-8.58,1635,1203000.0,-0.47,-0.23,-0.02,0.07
2001-11-06,600741,-8.54,-8.57,-8.52,-8.57,1937,1428000.0,-0.58,-0.12,-0.01,0.08
2001-11-07,600741,-8.57,-8.69,-8.57,-8.69,5733,4071000.0,-1.4,-1.4,-0.12,0.24
2001-11-08,600741,-8.72,-8.63,-8.63,-8.75,4734,3306000.0,-1.38,0.69,0.06,0.2
2001-11-09,600741,-8.65,-8.57,-8.53,-8.69,6801,4913000.0,-1.85,0.7,0.06,0.28
2001-11-12,600741,-8.54,-8.57,-8.51,-8.58,5660,4187000.0,-0.82,0.0,0.0,0.24
2001-11-13,600741,-8.59,-8.61,-8.59,-8.68,1731,1245000.0,-1.05,-0.47,-0.04,0.07
2001-11-14,600741,-8.62,-8.61,-8.56,-8.62,1220,883000.0,-0.7,0.0,0.0,0.05
2001-11-15,600741,-8.61,-8.62,-8.61,-8.63,1312,942000.0,-0.23,-0.12,-0.01,0.05
2001-11-16,600741,-8.46,-8.56,-8.44,-8.58,9661,7212000.0,-1.62,0.7,0.06,0.4
2001-11-19,600741,-8.58,-8.53,-8.53,-8.58,9662,7212358.0,-0.58,0.35,0.03,0.4
2001-11-20,600741,-8.51,-8.45,-8.44,-8.55,3484,2582619.0,-1.29,0.94,0.08,0.15
2001-11-21,600741,-8.46,-8.46,-8.45,-8.49,6105,4647000.0,-0.47,-0.12,-0.01,0.25
2001-11-22,600741,-8.46,-8.44,-8.42,-8.48,7893,6057000.0,-0.71,0.24,0.02,0.33
2001-11-23,600741,-8.44,-8.47,-8.44,-8.49,4645,3537000.0,-0.59,-0.36,-0.03,0.19
2001-11-26,600741,-8.47,-8.43,-8.38,-8.47,8973,6973000.0,-1.06,0.47,0.04,0.37
2001-11-27,600741,-8.43,-8.42,-8.42,-8.44,3836,2965000.0,-0.24,0.12,0.01,0.16
2001-11-28,600741,-8.41,-8.4,-8.36,-8.44,16725,13147000.0,-0.95,0.24,0.02,0.7
2001-11-29,600741,-8.4,-8.39,-8.38,-8.42,7030,5505000.0,-0.48,0.12,0.01,0.29
2001-11-30,600741,-8.38,-8.35,-8.35,-8.39,6730,5318000.0,-0.48,0.48,0.04,0.28
2001-12-03,600741,-8.36,-8.34,-8.32,-8.37,10715,8552000.0,-0.6,0.12,0.01,0.45
2001-12-04,600741,-8.35,-8.3,-8.3,-8.37,12877,10325000.0,-0.84,0.48,0.04,0.54
2001-12-05,600741,-8.3,-8.33,-8.26,-8.34,13202,10673734.0,-0.96,-0.36,-0.03,0.55
2001-12-06,600741,-8.34,-8.3,-8.3,-8.36,18607,14993764.0,-0.72,0.36,0.03,0.78
2001-12-07,600741,-8.28,-8.28,-8.23,-8.29,18700,15366474.0,-0.72,0.24,0.02,0.78
2001-12-10,600741,-8.28,-8.3,-8.26,-8.31,6680,5423406.0,-0.6,-0.24,-0.02,0.28
2001-12-11,600741,-8.31,-8.3,-8.28,-8.32,13045,10570706.0,-0.48,0.0,0.0,0.54
2001-12-12,600741,-8.32,-8.36,-8.3,-8.37,14480,11619703.0,-0.84,-0.72,-0.06,0.6
2001-12-13,600741,-8.37,-8.42,-8.35,-8.44,8245,6441055.0,-1.08,-0.72,-0.06,0.34
2001-12-14,600741,-8.45,-8.42,-8.41,-8.45,15213,11738138.0,-0.48,0.0,0.0,0.63
2001-12-17,600741,-8.42,-8.43,-8.41,-8.45,3773,2911063.0,-0.48,-0.12,-0.01,0.16
2001-12-18,600741,-8.43,-8.39,-8.34,-8.44,17950,14014023.0,-1.19,0.47,0.04,0.75
2001-12-19,600741,-8.39,-8.41,-8.36,-8.42,11196,8762398.0,-0.72,-0.24,-0.02,0.47
2001-12-20,600741,-8.41,-8.47,-8.41,-8.5,9903,7547571.0,-1.07,-0.71,-0.06,0.41
2001-12-21,600741,-8.48,-8.44,-8.44,-8.49,2323,1771897.0,-0.59,0.35,0.03,0.1
2001-12-24,600741,-8.47,-8.5,-8.44,-8.51,3064,2331240.0,-0.83,-0.71,-0.06,0.13
2001-12-25,600741,-8.5,-8.51,-8.48,-8.54,3790,2839832.0,-0.71,-0.12,-0.01,0.16
2001-12-26,600741,-8.51,-8.49,-8.48,-8.53,9532,7170711.0,-0.59,0.24,0.02,0.4
2001-12-27,600741,-8.49,-8.46,-8.43,-8.49,13450,10269165.0,-0.71,0.35,0.03,0.56
2001-12-28,600741,-8.46,-8.38,-8.38,-8.46,12102,9424913.0,-0.95,0.95,0.08,0.5
2001-12-31,600741,-8.36,-8.3,-8.24,-8.39,12029,9632584.0,-1.79,0.95,0.08,0.5
2002-01-04,600741,-8.34,-8.42,-8.34,-8.43,4173,3269099.0,-1.08,-1.45,-0.12,0.17
2002-01-07,600741,-8.44,-8.44,-8.44,-8.46,1751,1345076.0,-0.24,-0.24,-0.02,0.07
2002-01-08,600741,-8.44,-8.45,-8.4,-8.45,5809,4493134.0,-0.59,-0.12,-0.01,0.24
2002-01-09,600741,-8.47,-8.48,-8.45,-8.48,2377,1812699.0,-0.36,-0.36,-0.03,0.1
2002-01-10,600741,-8.48,-8.48,-8.42,-8.54,9556,7225101.0,-1.42,0.0,0.0,0.4
2002-01-11,600741,-8.47,-8.54,-8.47,-8.54,4058,3043853.0,-0.83,-0.71,-0.06,0.17
2002-01-14,600741,-8.57,-8.68,-8.57,-8.68,9407,6738139.0,-1.29,-1.64,-0.14,0.39
2002-01-15,600741,-8.7,-8.69,-8.64,-8.71,4933,3476182.0,-0.81,-0.12,-0.01,0.21
2002-01-16,600741,-8.62,-8.62,-8.62,-8.68,4157,2966840.0,-0.69,0.81,0.07,0.17
2002-01-17,600741,-8.64,-8.72,-8.64,-8.72,4312,3015550.0,-0.93,-1.16,-0.1,0.18
2002-01-18,600741,-8.72,-8.74,-8.68,-8.8,7574,5187165.0,-1.38,-0.23,-0.02,0.32
2002-01-21,600741,-8.74,-8.79,-8.71,-8.8,6133,4142433.0,-1.03,-0.57,-0.05,0.26
2002-01-22,600741,-8.81,-8.76,-8.6,-8.81,9949,6845762.0,-2.39,0.34,0.03,0.41
2002-01-23,600741,-8.75,-8.57,-8.56,-8.75,11283,8005298.0,-2.17,2.17,0.19,0.47
2002-01-24,600741,-8.6,-8.56,-8.54,-8.64,19586,14367466.0,-1.17,0.12,0.01,0.82
2002-01-25,600741,-8.58,-8.56,-8.52,-8.59,9703,7153788.0,-0.82,0.0,0.0,0.4
2002-01-28,600741,-8.56,-8.72,-8.56,-8.74,9477,6697408.0,-2.1,-1.87,-0.16,0.4
2002-01-29,600741,-8.79,-8.65,-8.64,-8.8,5540,3891554.0,-1.83,0.8,0.07,0.23
2002-01-30,600741,-8.65,-8.66,-8.62,-8.69,5475,3873030.0,-0.81,-0.12,-0.01,0.23
2002-01-31,600741,-8.68,-8.51,-8.47,-8.68,22810,16978959.0,-2.42,1.73,0.15,0.95
2002-02-01,600741,-8.51,-8.48,-8.42,-8.54,15594,11863866.0,-1.41,0.35,0.03,0.65
2002-02-04,600741,-8.49,-8.45,-8.43,-8.49,7117,5442553.0,-0.71,0.35,0.03,0.3
2002-02-05,600741,-8.45,-8.47,-8.44,-8.51,6091,4639124.0,-0.83,-0.24,-0.02,0.25
2002-02-06,600741,-8.48,-8.47,-8.44,-8.51,10180,7731201.0,-0.83,0.0,0.0,0.42
2002-02-07,600741,-8.48,-8.42,-8.38,-8.48,11739,9137902.0,-1.18,0.59,0.05,0.49
2002-02-08,600741,-8.38,-8.45,-8.38,-8.45,7647,5949834.0,-0.83,-0.36,-0.03,0.32
2002-02-25,600741,-8.37,-8.29,-8.28,-8.37,53930,43495858.0,-1.07,1.89,0.16,2.25
2002-02-26,600741,-8.29,-8.26,-8.25,-8.3,40642,33262112.0,-0.6,0.36,0.03,1.69
2002-02-27,600741,-8.26,-8.24,-8.23,-8.28,23234,19160496.0,-0.61,0.24,0.02,0.97
2002-02-28,600741,-8.24,-8.29,-8.24,-8.3,21395,17502501.0,-0.73,-0.61,-0.05,0.89
2002-03-01,600741,-8.3,-8.32,-8.3,-8.34,14037,11271111.0,-0.48,-0.36,-0.03,0.59
2002-03-04,600741,-8.33,-8.2,-8.2,-8.33,24387,20171096.0,-1.56,1.44,0.12,1.02
2002-03-05,600741,-8.2,-8.17,-8.14,-8.21,35997,30432979.0,-0.85,0.37,0.03,1.5
2002-03-06,600741,-8.17,-8.14,-8.08,-8.19,43238,37089933.0,-1.35,0.37,0.03,1.8
2002-03-07,600741,-8.12,-8.07,-8.04,-8.12,60491,52939911.0,-0.98,0.86,0.07,2.52
2002-03-08,600741,-8.06,-8.05,-8.0,-8.08,82890,73023915.0,-0.99,0.25,0.02,3.46
2002-03-11,600741,-8.05,-7.98,-7.97,-8.09,72625,64621533.0,-1.49,0.87,0.07,3.03
2002-03-12,600741,-7.98,-7.99,-7.95,-8.04,65810,58958592.0,-1.13,-0.13,-0.01,2.74
2002-03-13,600741,-7.99,-8.03,-7.88,-8.04,78305,70757375.0,-2.0,-0.5,-0.04,3.27
2002-03-14,600741,-7.91,-8.01,-7.91,-8.08,104308,92537158.0,-2.12,0.25,0.02,4.35
2002-03-15,600741,-7.99,-8.11,-7.97,-8.12,71666,63173432.0,-1.87,-1.25,-0.1,2.99
2002-03-18,600741,-8.04,-8.08,-8.02,-8.1,39303,34492033.0,-0.99,0.37,0.03,1.64
2002-03-19,600741,-8.06,-8.04,-8.03,-8.08,44911,39555977.0,-0.62,0.5,0.04,1.87
2002-03-20,600741,-8.02,-8.01,-7.95,-8.02,50193,45046132.0,-0.87,0.37,0.03,2.09
2002-03-21,600741,-7.98,-7.99,-7.97,-8.04,45511,40736823.0,-0.87,0.25,0.02,1.9
2002-03-22,600741,-7.98,-8.02,-7.98,-8.05,21096,18813597.0,-0.88,-0.38,-0.03,0.88
2002-03-25,600741,-8.02,-8.04,-8.02,-8.06,16827,14860422.0,-0.5,-0.25,-0.02,0.7
2002-03-26,600741,-8.04,-8.06,-8.04,-8.08,16749,14687069.0,-0.5,-0.25,-0.02,0.7
2002-03-27,600741,-8.06,-8.06,-8.02,-8.09,20821,18231323.0,-0.87,0.0,0.0,0.87
2002-03-28,600741,-8.05,-8.01,-8.0,-8.07,26105,23207798.0,-0.87,0.62,0.05,1.09
2002-03-29,600741,-8.01,-8.09,-8.01,-8.1,18698,16350039.0,-1.12,-1.0,-0.08,0.78
2002-04-01,600741,-8.09,-8.06,-8.03,-8.1,13237,11582859.0,-0.87,0.37,0.03,0.55
2002-04-02,600741,-8.06,-8.12,-8.05,-8.13,16563,14343320.0,-0.99,-0.74,-0.06,0.69
2002-04-03,600741,-8.12,-8.11,-8.07,-8.14,15565,13439219.0,-0.86,0.12,0.01,0.65
2002-04-04,600741,-8.1,-8.02,-8.02,-8.14,22957,20107657.0,-1.48,1.11,0.09,0.96
2002-04-05,600741,-8.02,-8.08,-8.01,-8.1,20484,18023690.0,-1.12,-0.75,-0.06,0.85
2002-04-08,600741,-8.09,-8.08,-8.06,-8.11,7288,6353578.0,-0.62,0.0,0.0,0.3
2002-04-09,600741,-8.07,-7.92,-7.89,-8.07,98494,89304809.0,-2.23,1.98,0.16,4.11
2002-04-10,600741,-7.91,-7.91,-7.91,-7.98,52318,47652984.0,-0.88,0.13,0.01,2.18
2002-04-11,600741,-7.91,-7.98,-7.89,-8.0,60033,54701533.0,-1.39,-0.88,-0.07,2.5
2002-04-12,600741,-7.98,-7.97,-7.95,-7.99,18463,16696165.0,-0.5,0.13,0.01,0.77
2002-04-15,600741,-7.97,-8.0,-7.94,-8.02,17746,15895766.0,-1.0,-0.38,-0.03,0.74
2002-04-16,600741,-7.98,-8.04,-7.98,-8.04,13046,11578591.0,-0.75,-0.5,-0.04,0.54
2002-04-17,600741,-8.02,-7.98,-7.98,-8.03,13500,12083145.0,-0.62,0.75,0.06,0.56
2002-04-18,600741,-7.97,-8.01,-7.97,-8.04,9524,8499804.0,-0.88,-0.38,-0.03,0.4
2002-04-19,600741,-8.01,-8.02,-8.01,-8.07,12943,11425532.0,-0.75,-0.12,-0.01,0.54
2002-04-22,600741,-8.02,-8.04,-8.02,-8.06,5034,4449300.0,-0.5,-0.25,-0.02,0.21
2002-04-23,600741,-8.04,-8.05,-8.02,-8.05,5112,4521461.0,-0.37,-0.12,-0.01,0.21
2002-04-24,600741,-8.04,-8.07,-8.04,-8.07,8494,7458993.0,-0.37,-0.25,-0.02,0.35
2002-04-25,600741,-8.07,-8.05,-8.05,-8.08,5153,4521524.0,-0.37,0.25,0.02,0.21
2002-04-26,600741,-8.04,-8.0,-8.0,-8.06,11969,10670960.0,-0.75,0.62,0.05,0.5
2002-04-29,600741,-8.0,-7.96,-7.93,-8.01,21559,19470814.0,-1.0,0.5,0.04,0.9
2002-04-30,600741,-7.95,-7.99,-7.95,-8.0,12804,11532791.0,-0.63,-0.38,-0.03,0.53
2002-05-08,600741,-7.98,-8.01,-7.98,-8.02,8798,7831093.0,-0.5,-0.25,-0.02,0.37
2002-05-09,600741,-8.02,-8.05,-8.01,-8.06,9749,8627586.0,-0.62,-0.5,-0.04,0.41
2002-05-10,600741,-8.05,-8.05,-8.02,-8.06,6989,6171810.0,-0.5,0.0,0.0,0.29
2002-05-13,600741,-8.06,-8.06,-8.03,-8.07,8142,7147725.0,-0.5,-0.12,-0.01,0.34
2002-05-14,600741,-8.07,-8.07,-8.05,-8.08,4957,4338565.0,-0.37,-0.12,-0.01,0.21
2002-05-16,600741,-8.09,-8.21,-8.09,-8.21,20891,17701910.0,-1.49,-1.73,-0.14,0.87
2002-05-17,600741,-8.2,-8.14,-8.14,-8.24,17212,14474877.0,-1.22,0.85,0.07,0.72
2002-05-20,600741,-8.15,-8.24,-8.15,-8.26,7386,6111547.0,-1.35,-1.23,-0.1,0.31
2002-05-21,600741,-8.14,-8.11,-8.09,-8.2,26338,22438392.0,-1.33,1.58,0.13,1.1
2002-05-22,600741,-8.11,-8.19,-8.11,-8.2,5647,4792317.0,-1.11,-0.99,-0.08,0.24
2002-05-23,600741,-8.13,-8.18,-8.12,-8.18,4957,4228319.0,-0.73,0.12,0.01,0.21
2002-05-24,600741,-8.16,-8.19,-8.16,-8.21,5454,4571990.0,-0.61,-0.12,-0.01,0.23
2002-05-27,600741,-8.21,-8.19,-8.16,-8.23,3225,2703844.0,-0.85,0.0,0.0,0.13
2002-05-28,600741,-8.17,-8.19,-8.17,-8.21,3397,2865031.0,-0.49,0.0,0.0,0.14
2002-05-29,600741,-8.18,-8.23,-8.18,-8.25,9674,8028361.0,-0.85,-0.49,-0.04,0.4
2002-05-30,600741,-8.24,-8.24,-8.22,-8.27,4930,4064328.0,-0.61,-0.12,-0.01,0.21
2002-05-31,600741,-8.24,-8.25,-8.23,-8.27,3411,2805174.0,-0.49,-0.12,-0.01,0.14
2002-06-03,600741,-8.27,-8.31,-8.27,-8.35,12466,10017962.0,-0.97,-0.73,-0.06,0.52
2002-06-04,600741,-8.3,-8.3,-8.29,-8.35,5038,4053630.0,-0.72,0.12,0.01,0.21
2002-06-05,600741,-8.31,-8.31,-8.3,-8.36,7418,5934257.0,-0.72,-0.12,-0.01,0.31
2002-06-06,600741,-8.33,-8.2,-8.17,-8.37,12031,9889742.0,-2.41,1.32,0.11,0.5
2002-06-07,600741,-8.2,-8.2,-8.17,-8.25,11823,9927966.0,-0.98,0.0,0.0,0.49
2002-06-10,600741,-8.19,-8.2,-8.19,-8.23,3965,3311209.0,-0.49,0.0,0.0,0.17
2002-06-11,600741,-8.18,-8.12,-8.12,-8.18,18617,15879365.0,-0.73,0.98,0.08,0.78
2002-06-12,600741,-8.09,-8.14,-8.09,-8.16,13855,11916273.0,-0.86,-0.25,-0.02,0.58
2002-06-13,600741,-8.13,-8.16,-8.12,-8.16,8605,7356535.0,-0.49,-0.25,-0.02,0.36
2002-06-14,600741,-8.16,-8.15,-8.14,-8.2,15329,12927571.0,-0.74,0.12,0.01,0.64
2002-06-17,600741,-8.22,-8.2,-8.16,-8.24,5806,3435985.0,-0.98,-0.61,-0.05,0.17
2002-06-18,600741,-8.2,-8.18,-8.16,-8.22,8319,4968324.0,-0.73,0.24,0.02,0.25
2002-06-19,600741,-8.18,-8.22,-8.18,-8.22,5365,3169136.0,-0.49,-0.49,-0.04,0.16
2002-06-20,600741,-8.21,-8.22,-8.17,-8.22,6241,3692117.0,-0.61,0.0,0.0,0.19
2002-06-21,600741,-8.22,-8.1,-8.09,-8.22,32346,19636397.0,-1.58,1.46,0.12,0.96
2002-06-24,600741,-7.8,-7.8,-7.8,-7.97,214755,142493601.0,-2.1,3.7,0.3,6.39
2002-06-25,600741,-7.79,-7.83,-7.67,-7.87,130851,88703611.0,-2.56,-0.38,-0.03,3.89
2002-06-26,600741,-7.86,-7.81,-7.77,-7.88,50122,33480778.0,-1.4,0.26,0.02,1.49
2002-06-27,600741,-7.8,-7.77,-7.72,-7.8,61349,41700000.0,-1.02,0.51,0.04,1.83
2002-06-28,600741,-7.76,-7.62,-7.62,-7.76,240241,168590462.0,-1.8,1.93,0.15,7.15
2002-07-01,600741,-7.59,-7.8,-7.56,-7.84,166040,116501875.0,-3.67,-2.36,-0.18,4.94
2002-07-02,600741,-7.8,-7.69,-7.68,-7.81,66667,45526806.0,-1.67,1.41,0.11,1.98
2002-07-03,600741,-7.69,-7.68,-7.68,-7.74,49762,34373893.0,-0.78,0.13,0.01,1.48
2002-07-04,600741,-7.69,-7.72,-7.68,-7.74,37555,25891895.0,-0.78,-0.52,-0.04,1.12
2002-07-05,600741,-7.73,-7.73,-7.71,-7.76,27682,19002835.0,-0.65,-0.13,-0.01,0.82
2002-07-08,600741,-7.72,-7.74,-7.71,-7.76,22340,15316599.0,-0.65,-0.13,-0.01,0.66
2002-07-09,600741,-7.74,-7.75,-7.72,-7.77,20021,13670875.0,-0.65,-0.13,-0.01,0.6
2002-07-10,600741,-7.74,-7.86,-7.74,-7.87,39986,26727244.0,-1.68,-1.42,-0.11,1.19
2002-07-11,600741,-7.86,-7.85,-7.81,-7.86,25647,17044588.0,-0.64,0.13,0.01,0.76
2002-07-12,600741,-7.85,-7.84,-7.82,-7.85,9840,6552993.0,-0.38,0.13,0.01,0.29
2002-07-15,600741,-7.84,-7.88,-7.83,-7.89,12419,8176713.0,-0.77,-0.51,-0.04,0.37
2002-07-16,600741,-7.87,-7.88,-7.83,-7.89,9604,6333167.0,-0.76,0.0,0.0,0.29
2002-07-18,600741,-7.81,-7.83,-7.8,-7.87,17108,11406034.0,-0.89,0.63,0.05,0.51
2002-07-19,600741,-7.82,-7.8,-7.8,-7.84,12738,8526922.0,-0.51,0.38,0.03,0.38
2002-07-22,600741,-7.78,-7.85,-7.78,-7.86,14283,9509036.0,-1.03,-0.64,-0.05,0.43
2002-07-23,600741,-7.85,-7.86,-7.82,-7.87,8993,5961782.0,-0.64,-0.13,-0.01,0.27
2002-07-24,600741,-7.84,-7.85,-7.82,-7.86,7648,5059136.0,-0.51,0.13,0.01,0.23
2002-07-25,600741,-7.84,-7.87,-7.82,-7.87,7415,4903081.0,-0.64,-0.25,-0.02,0.22
2002-07-26,600741,-7.85,-7.88,-7.85,-7.89,6450,4242507.0,-0.51,-0.13,-0.01,0.19
2002-07-29,600741,-7.88,-7.92,-7.88,-7.95,11075,7168983.0,-0.89,-0.51,-0.04,0.33
2002-07-30,600741,-7.91,-7.92,-7.89,-7.93,6934,4513189.0,-0.51,0.0,0.0,0.21
2002-07-31,600741,-7.91,-7.92,-7.89,-7.93,6714,4362860.0,-0.51,0.0,0.0,0.2
2002-08-01,600741,-7.92,-7.94,-7.92,-7.96,6205,3991768.0,-0.51,-0.25,-0.02,0.18
2002-08-02,600741,-7.96,-7.9,-7.89,-7.96,9840,6393075.0,-0.88,0.5,0.04,0.29
2002-08-05,600741,-7.9,-7.89,-7.88,-7.94,8027,5231000.0,-0.76,0.13,0.01,0.24
2002-08-06,600741,-7.89,-7.86,-7.84,-7.92,10327,6821034.0,-1.01,0.38,0.03,0.31
2002-08-07,600741,-7.86,-7.87,-7.86,-7.9,4617,3035714.0,-0.51,-0.13,-0.01,0.14
2002-08-08,600741,-7.87,-7.93,-7.84,-7.96,17681,11463964.0,-1.52,-0.76,-0.06,0.53
2002-08-09,600741,-7.93,-7.92,-7.89,-7.93,9435,6129207.0,-0.5,0.13,0.01,0.28
2002-08-12,600741,-7.92,-7.94,-7.91,-7.96,5416,3508319.0,-0.63,-0.25,-0.02,0.16
2002-08-13,600741,-7.95,-7.91,-7.89,-7.95,4058,2630858.0,-0.76,0.38,0.03,0.12
2002-08-14,600741,-7.91,-7.9,-7.9,-7.94,3998,2598421.0,-0.51,0.13,0.01,0.12
2002-08-15,600741,-7.9,-7.93,-7.9,-7.93,2822,1827641.0,-0.38,-0.38,-0.03,0.08
2002-08-16,600741,-7.89,-7.9,-7.89,-7.94,4356,2832583.0,-0.63,0.38,0.03,0.13
2002-08-19,600741,-7.91,-7.92,-7.9,-7.93,4161,2701723.0,-0.38,-0.25,-0.02,0.12
2002-08-20,600741,-7.93,-7.87,-7.84,-7.93,11894,7816832.0,-1.14,0.63,0.05,0.35
2002-08-21,600741,-7.86,-7.9,-7.86,-7.91,6025,3942762.0,-0.64,-0.38,-0.03,0.18
2002-08-22,600741,-7.9,-7.88,-7.84,-7.9,9738,6410052.0,-0.76,0.25,0.02,0.29
2002-08-23,600741,-7.87,-7.85,-7.84,-7.88,12560,8303291.0,-0.51,0.38,0.03,0.37
2002-08-26,600741,-7.86,-7.88,-7.86,-7.89,5212,3426608.0,-0.38,-0.38,-0.03,0.16
2002-08-27,600741,-7.89,-7.88,-7.86,-7.89,5893,3876781.0,-0.38,0.0,0.0,0.18
2002-08-28,600741,-7.88,-7.89,-7.88,-7.9,5812,3808000.0,-0.25,-0.13,-0.01,0.17
2002-08-29,600741,-7.89,-7.91,-7.88,-7.92,4377,2856345.0,-0.51,-0.25,-0.02,0.13
2002-08-30,600741,-7.91,-7.92,-7.9,-7.93,6107,3959376.0,-0.38,-0.13,-0.01,0.18
2002-09-02,600741,-7.92,-7.92,-7.91,-7.94,3036,1966118.0,-0.38,0.0,0.0,0.09
2002-09-03,600741,-7.92,-7.92,-7.89,-7.93,4166,2701051.0,-0.51,0.0,0.0,0.12
2002-09-04,600741,-7.92,-7.93,-7.91,-7.94,4810,3109532.0,-0.38,-0.13,-0.01,0.14
2002-09-05,600741,-7.93,-7.98,-7.93,-8.0,10129,6474815.0,-0.88,-0.63,-0.05,0.3
2002-09-06,600741,-7.98,-8.01,-7.97,-8.01,6893,4369109.0,-0.5,-0.38,-0.03,0.21
2002-09-09,600741,-8.02,-8.01,-7.99,-8.06,21419,13496676.0,-0.87,0.0,0.0,0.64
2002-09-10,600741,-8.0,-8.01,-7.99,-8.01,4246,2681315.0,-0.25,0.0,0.0,0.13
2002-09-11,600741,-8.01,-8.03,-8.0,-8.06,3910,2441157.0,-0.75,-0.25,-0.02,0.12
2002-09-12,600741,-8.02,-8.03,-8.01,-8.04,2188,1373947.0,-0.37,0.0,0.0,0.07
2002-09-13,600741,-8.03,-8.04,-8.03,-8.06,5504,3433066.0,-0.37,-0.12,-0.01,0.16
2002-09-16,600741,-8.04,-8.09,-8.04,-8.15,15203,9282182.0,-1.37,-0.62,-0.05,0.45
2002-09-17,600741,-8.09,-8.09,-8.07,-8.1,3544,2176432.0,-0.37,0.0,0.0,0.11
2002-09-18,600741,-8.11,-8.1,-8.08,-8.11,2714,1661456.0,-0.37,-0.12,-0.01,0.08
2002-09-19,600741,-8.1,-8.06,-8.04,-8.15,8286,5064293.0,-1.36,0.49,0.04,0.25
2002-09-20,600741,-8.06,-8.11,-8.06,-8.11,3567,2186688.0,-0.62,-0.62,-0.05,0.11
2002-09-23,600741,-8.11,-8.09,-8.05,-8.11,4224,2601763.0,-0.74,0.25,0.02,0.13
2002-09-24,600741,-8.09,-8.1,-8.08,-8.1,3017,1850681.0,-0.25,-0.12,-0.01,0.09
2002-09-25,600741,-8.09,-8.08,-8.07,-8.11,3093,1898783.0,-0.49,0.25,0.02,0.09
2002-09-26,600741,-8.08,-8.09,-8.07,-8.1,3515,2155315.0,-0.37,-0.12,-0.01,0.1
2002-09-27,600741,-8.09,-8.07,-8.06,-8.1,6934,4272220.0,-0.49,0.25,0.02,0.21
2002-10-08,600741,-8.08,-8.08,-8.07,-8.1,3828,2349102.0,-0.37,-0.12,-0.01,0.11
2002-10-09,600741,-8.08,-8.15,-8.07,-8.16,9860,5982188.0,-1.11,-0.87,-0.07,0.29
2002-10-10,600741,-8.15,-8.15,-8.13,-8.16,3845,2315416.0,-0.37,0.0,0.0,0.11
2002-10-11,600741,-8.15,-8.15,-8.12,-8.16,4559,2744160.0,-0.49,0.0,0.0,0.14
2002-10-14,600741,-8.15,-8.13,-8.13,-8.17,4590,2760422.0,-0.49,0.25,0.02,0.14
2002-10-15,600741,-8.13,-8.14,-8.12,-8.15,2778,1678076.0,-0.37,-0.12,-0.01,0.08
2002-10-16,600741,-8.14,-8.13,-8.1,-8.14,2412,1465611.0,-0.49,0.12,0.01,0.07
2002-10-17,600741,-8.13,-8.2,-8.13,-8.21,7378,4385593.0,-0.98,-0.86,-0.07,0.22
2002-10-18,600741,-8.2,-8.26,-8.18,-8.28,12508,7312690.0,-1.22,-0.73,-0.06,0.37
2002-10-21,600741,-8.24,-8.24,-8.24,-8.31,5062,2924402.0,-0.85,0.24,0.02,0.15
2002-10-22,600741,-8.23,-8.19,-8.17,-8.26,7497,4409702.0,-1.09,0.61,0.05,0.22
2002-10-23,600741,-8.19,-8.2,-8.18,-8.23,3776,2223208.0,-0.61,-0.12,-0.01,0.11
2002-10-24,600741,-8.21,-8.21,-8.2,-8.22,3205,1891172.0,-0.24,-0.12,-0.01,0.1
2002-10-25,600741,-8.22,-8.27,-8.2,-8.29,10452,6121517.0,-1.1,-0.73,-0.06,0.31
2002-10-28,600741,-8.28,-8.29,-8.25,-8.3,8935,5149179.0,-0.6,-0.24,-0.02,0.27
2002-10-29,600741,-8.29,-8.27,-8.27,-8.31,3737,2147217.0,-0.48,0.24,0.02,0.11
2002-10-30,600741,-8.28,-8.28,-8.25,-8.28,2858,1649632.0,-0.36,-0.12,-0.01,0.09
2002-10-31,600741,-8.28,-8.28,-8.26,-8.28,4973,2872038.0,-0.24,0.0,0.0,0.15
2002-11-01,600741,-8.27,-8.26,-8.26,-8.3,3201,1844700.0,-0.48,0.24,0.02,0.1
2002-11-04,600741,-8.21,-8.23,-8.18,-8.27,3824,2234168.0,-1.09,0.36,0.03,0.11
2002-11-05,600741,-8.22,-8.19,-8.17,-8.23,8768,5199976.0,-0.73,0.49,0.04,0.26
2002-11-06,600741,-8.19,-8.18,-8.16,-8.2,7155,4260982.0,-0.49,0.12,0.01,0.21
2002-11-07,600741,-8.18,-8.2,-8.17,-8.21,3458,2049345.0,-0.49,-0.24,-0.02,0.1
2002-11-08,600741,-8.17,-8.28,-8.15,-8.28,10739,6278849.0,-1.59,-0.98,-0.08,0.32
2002-11-11,600741,-8.27,-8.31,-8.26,-8.31,5660,3250498.0,-0.6,-0.36,-0.03,0.17
2002-11-12,600741,-8.31,-8.35,-8.28,-8.36,9234,5221944.0,-0.96,-0.48,-0.04,0.27
2002-11-13,600741,-8.36,-8.34,-8.34,-8.39,6548,3652134.0,-0.6,0.12,0.01,0.19
2002-11-14,600741,-8.35,-8.37,-8.33,-8.38,3906,2186674.0,-0.6,-0.36,-0.03,0.12
2002-11-15,600741,-8.37,-8.37,-8.32,-8.38,4349,2436924.0,-0.72,0.0,0.0,0.13
2002-11-18,600741,-8.38,-8.39,-8.33,-8.4,3282,1819587.0,-0.84,-0.24,-0.02,0.1
2002-11-19,600741,-8.39,-8.37,-8.37,-8.41,3756,2080224.0,-0.48,0.24,0.02,0.11
2002-11-20,600741,-8.38,-8.44,-8.38,-8.46,6922,3783840.0,-0.96,-0.84,-0.07,0.21
2002-11-21,600741,-8.44,-8.52,-8.44,-8.52,9844,5259226.0,-0.95,-0.95,-0.08,0.29
2002-11-22,600741,-8.51,-8.52,-8.47,-8.56,8346,4393782.0,-1.06,0.0,0.0,0.25
2002-11-25,600741,-8.52,-8.52,-8.48,-8.57,9231,4863297.0,-1.06,0.0,0.0,0.27
2002-11-26,600741,-8.52,-8.63,-8.5,-8.63,12228,6336537.0,-1.53,-1.29,-0.11,0.36
2002-11-27,600741,-8.64,-8.58,-8.56,-8.65,12326,6258195.0,-1.04,0.58,0.05,0.37
2002-11-28,600741,-8.58,-8.49,-8.49,-8.58,12902,6751741.0,-1.05,1.05,0.09,0.38
2002-11-29,600741,-8.49,-8.46,-8.4,-8.51,22807,12360044.0,-1.3,0.35,0.03,0.68
2002-12-02,600741,-8.46,-8.53,-8.41,-8.54,16858,9053465.0,-1.54,-0.83,-0.07,0.5
2002-12-03,600741,-8.54,-8.46,-8.46,-8.55,9084,4847791.0,-1.06,0.82,0.07,0.27
2002-12-04,600741,-8.38,-8.44,-8.35,-8.46,33584,18484162.0,-1.3,0.24,0.02,1.0
2002-12-05,600741,-8.45,-8.46,-8.45,-8.5,10036,5359958.0,-0.59,-0.24,-0.02,0.3
2002-12-06,600741,-8.47,-8.44,-8.4,-8.5,7702,4162819.0,-1.18,0.24,0.02,0.23
2002-12-09,600741,-8.45,-8.46,-8.42,-8.47,5240,2838383.0,-0.59,-0.24,-0.02,0.16
2002-12-10,600741,-8.46,-8.48,-8.43,-8.49,7965,4286508.0,-0.71,-0.24,-0.02,0.24
2002-12-11,600741,-8.48,-8.49,-8.47,-8.52,9993,5304100.0,-0.59,-0.12,-0.01,0.3
2002-12-12,600741,-8.49,-8.49,-8.45,-8.5,6770,3628617.0,-0.59,0.0,0.0,0.2
2002-12-13,600741,-8.52,-8.47,-8.45,-8.53,7937,4224173.0,-0.94,0.24,0.02,0.24
2002-12-16,600741,-8.47,-8.43,-8.42,-8.48,6707,3640431.0,-0.71,0.47,0.04,0.2
2002-12-17,600741,-8.43,-8.41,-8.4,-8.44,6140,3362872.0,-0.47,0.24,0.02,0.18
2002-12-18,600741,-8.41,-8.42,-8.4,-8.43,5658,3103281.0,-0.36,-0.12,-0.01,0.17
2002-12-19,600741,-8.44,-8.42,-8.42,-8.44,3704,2017854.0,-0.24,0.0,0.0,0.11
2002-12-20,600741,-8.43,-8.38,-8.36,-8.44,11066,6153391.0,-0.95,0.48,0.04,0.33
2002-12-23,600741,-8.39,-8.37,-8.33,-8.39,10229,5732770.0,-0.72,0.12,0.01,0.3
2002-12-24,600741,-8.37,-8.34,-8.34,-8.39,7511,4198539.0,-0.6,0.36,0.03,0.22
2002-12-25,600741,-8.34,-8.39,-8.34,-8.39,7359,4105252.0,-0.6,-0.6,-0.05,0.22
2002-12-26,600741,-8.4,-8.45,-8.38,-8.45,14306,7845107.0,-0.83,-0.72,-0.06,0.43
2002-12-27,600741,-8.48,-8.39,-8.38,-8.49,7985,4329452.0,-1.3,0.71,0.06,0.24
2002-12-30,600741,-8.42,-8.42,-8.41,-8.48,8630,4659229.0,-0.83,-0.36,-0.03,0.26
2002-12-31,600741,-8.44,-8.47,-8.43,-8.51,7259,3892312.0,-0.95,-0.59,-0.05,0.22
2003-01-02,600741,-8.55,-8.6,-8.53,-8.61,13205,6785220.0,-0.94,-1.53,-0.13,0.39
2003-01-03,600741,-8.61,-8.59,-8.57,-8.61,3431,1758591.0,-0.47,0.12,0.01,0.1
2003-01-06,600741,-8.56,-8.58,-8.56,-8.61,4606,2366222.0,-0.58,0.12,0.01,0.14
2003-01-07,600741,-8.57,-8.58,-8.55,-8.58,3816,1972002.0,-0.35,0.0,0.0,0.11
2003-01-08,600741,-8.57,-8.52,-8.51,-8.58,5638,2944858.0,-0.82,0.7,0.06,0.17
2003-01-09,600741,-8.5,-8.46,-8.45,-8.53,12597,6732512.0,-0.94,0.7,0.06,0.37
2003-01-10,600741,-8.46,-8.46,-8.43,-8.49,12238,6596878.0,-0.71,0.0,0.0,0.36
2003-01-13,600741,-8.49,-8.44,-8.43,-8.5,7975,4311979.0,-0.83,0.24,0.02,0.24
2003-01-14,600741,-8.44,-8.31,-8.18,-8.44,52602,30239353.0,-3.08,1.54,0.13,1.57
2003-01-15,600741,-8.27,-8.35,-8.26,-8.36,18913,10782999.0,-1.2,-0.48,-0.04,0.56
2003-01-16,600741,-8.36,-8.31,-8.28,-8.36,11086,6295057.0,-0.96,0.48,0.04,0.33
2003-01-17,600741,-8.3,-8.35,-8.29,-8.36,12204,6914259.0,-0.84,-0.48,-0.04,0.36
2003-01-20,600741,-8.33,-8.35,-8.32,-8.37,7749,4340792.0,-0.6,0.0,0.0,0.23
2003-01-21,600741,-8.34,-8.43,-8.33,-8.44,10662,5918101.0,-1.32,-0.96,-0.08,0.32
2003-01-22,600741,-8.44,-8.42,-8.42,-8.44,4862,2652949.0,-0.24,0.12,0.01,0.14
2003-01-23,600741,-8.42,-8.43,-8.4,-8.44,6312,3448390.0,-0.48,-0.12,-0.01,0.19
2003-01-24,600741,-8.43,-8.37,-8.37,-8.44,6965,3835282.0,-0.83,0.71,0.06,0.21
2003-01-27,600741,-8.36,-8.36,-8.31,-8.37,15740,8871160.0,-0.72,0.12,0.01,0.47
2003-01-28,600741,-8.35,-8.33,-8.32,-8.36,8933,5026194.0,-0.48,0.36,0.03,0.27
2003-01-29,600741,-8.33,-8.29,-8.27,-8.33,19927,11420283.0,-0.72,0.48,0.04,0.59
2003-02-10,600741,-8.29,-8.36,-8.28,-8.36,5028,2846937.0,-0.97,-0.84,-0.07,0.15
2003-02-11,600741,-8.36,-8.33,-8.33,-8.37,3140,1762012.0,-0.48,0.36,0.03,0.09
2003-02-12,600741,-8.35,-8.3,-8.29,-8.36,11206,6374189.0,-0.84,0.36,0.03,0.33
2003-02-13,600741,-8.29,-8.28,-8.25,-8.31,19525,11235607.0,-0.72,0.24,0.02,0.58
2003-02-14,600741,-8.23,-8.25,-8.18,-8.26,38191,22412874.0,-0.97,0.36,0.03,1.14
2003-02-17,600741,-8.24,-8.28,-8.23,-8.3,13853,8008538.0,-0.85,-0.36,-0.03,0.41
2003-02-18,600741,-8.28,-8.26,-8.26,-8.29,16123,9288430.0,-0.36,0.24,0.02,0.48
2003-02-19,600741,-8.23,-8.22,-8.19,-8.26,45026,26408520.0,-0.85,0.48,0.04,1.34
2003-02-20,600741,-8.21,-8.26,-8.2,-8.27,16691,9751358.0,-0.85,-0.49,-0.04,0.5
2003-02-21,600741,-8.26,-8.31,-8.26,-8.33,13289,7587211.0,-0.85,-0.61,-0.05,0.4
2003-02-24,600741,-8.31,-8.32,-8.29,-8.33,4711,2682289.0,-0.48,-0.12,-0.01,0.14
2003-02-25,600741,-8.32,-8.27,-8.27,-8.32,7827,4501150.0,-0.6,0.6,0.05,0.23
2003-02-26,600741,-8.26,-8.26,-8.23,-8.31,7412,4285222.0,-0.97,0.12,0.01,0.22
2003-02-27,600741,-8.26,-8.24,-8.24,-8.28,11268,6541132.0,-0.48,0.24,0.02,0.34
2003-02-28,600741,-8.26,-8.28,-8.25,-8.31,5514,3169917.0,-0.73,-0.49,-0.04,0.16
2003-03-03,600741,-8.29,-8.26,-8.25,-8.31,6636,3808110.0,-0.72,0.24,0.02,0.2
2003-03-04,600741,-8.25,-8.24,-8.22,-8.26,26283,15316538.0,-0.48,0.24,0.02,0.78
2003-03-05,600741,-8.24,-8.22,-8.22,-8.29,8593,4979436.0,-0.85,0.24,0.02,0.26
2003-03-06,600741,-8.24,-8.28,-8.24,-8.28,6854,3961559.0,-0.49,-0.73,-0.06,0.2
2003-03-07,600741,-8.29,-8.29,-8.28,-8.31,5294,3029109.0,-0.36,-0.12,-0.01,0.16
2003-03-10,600741,-8.29,-8.38,-8.29,-8.38,13885,7792909.0,-1.09,-1.09,-0.09,0.41
2003-03-11,600741,-8.38,-8.38,-8.35,-8.4,6823,3791519.0,-0.6,0.0,0.0,0.2
2003-03-12,600741,-8.38,-8.36,-8.36,-8.4,4006,2229049.0,-0.48,0.24,0.02,0.12
2003-03-13,600741,-8.36,-8.37,-8.36,-8.39,3531,1970236.0,-0.36,-0.12,-0.01,0.11
2003-03-14,600741,-8.38,-8.38,-8.37,-8.39,3038,1687539.0,-0.24,-0.12,-0.01,0.09
2003-03-17,600741,-8.38,-8.39,-8.38,-8.42,4902,2695933.0,-0.48,-0.12,-0.01,0.15
2003-03-18,600741,-8.39,-8.41,-8.36,-8.41,3816,2114680.0,-0.6,-0.24,-0.02,0.11
2003-03-19,600741,-8.42,-8.41,-8.38,-8.43,4039,2210986.0,-0.59,0.0,0.0,0.12
2003-03-20,600741,-8.41,-8.4,-8.39,-8.42,3512,1934339.0,-0.36,0.12,0.01,0.1
2003-03-21,600741,-8.4,-8.39,-8.38,-8.43,2480,1369345.0,-0.6,0.12,0.01,0.07
2003-03-24,600741,-8.39,-8.38,-8.37,-8.41,2573,1427109.0,-0.48,0.12,0.01,0.08
2003-03-25,600741,-8.38,-8.38,-8.36,-8.39,6691,3720762.0,-0.36,0.0,0.0,0.2
2003-03-26,600741,-8.38,-8.41,-8.37,-8.41,4916,2721952.0,-0.48,-0.36,-0.03,0.15
2003-03-27,600741,-8.41,-8.34,-8.33,-8.43,17777,9859295.0,-1.19,0.83,0.07,0.53
2003-03-28,600741,-8.34,-8.27,-8.27,-8.38,26085,14909816.0,-1.32,0.84,0.07,0.78
2003-03-31,600741,-8.24,-8.25,-8.23,-8.29,64466,37349331.0,-0.73,0.24,0.02,1.92
2003-04-01,600741,-8.25,-8.26,-8.23,-8.27,24726,14385305.0,-0.48,-0.12,-0.01,0.74
2003-04-02,600741,-8.26,-8.24,-8.21,-8.27,21211,12404914.0,-0.73,0.24,0.02,0.63
2003-04-03,600741,-8.23,-8.23,-8.22,-8.26,15090,8820509.0,-0.49,0.12,0.01,0.45
2003-04-04,600741,-8.24,-8.22,-8.21,-8.28,22798,13278445.0,-0.85,0.12,0.01,0.68
2003-04-07,600741,-8.22,-8.27,-8.22,-8.27,7422,4324198.0,-0.61,-0.61,-0.05,0.22
2003-04-08,600741,-8.27,-8.28,-8.26,-8.3,6756,3884943.0,-0.48,-0.12,-0.01,0.2
2003-04-09,600741,-8.28,-8.23,-8.22,-8.32,25889,14967339.0,-1.21,0.6,0.05,0.77
2003-04-10,600741,-8.18,-8.17,-8.11,-8.21,64547,38776633.0,-1.22,0.73,0.06,1.92
2003-04-11,600741,-8.15,-8.09,-8.08,-8.16,61489,37375003.0,-0.98,0.98,0.08,1.83
2003-04-14,600741,-8.07,-8.05,-8.02,-8.1,62070,38489078.0,-0.99,0.49,0.04,1.85
2003-04-15,600741,-8.04,-8.07,-8.04,-8.1,35664,22020061.0,-0.75,-0.25,-0.02,1.06
2003-04-16,600741,-8.08,-8.15,-8.07,-8.16,54778,33299067.0,-1.12,-0.99,-0.08,1.63
2003-04-17,600741,-8.16,-8.21,-8.13,-8.22,39012,23200975.0,-1.1,-0.74,-0.06,1.16
2003-04-18,600741,-8.21,-8.18,-8.12,-8.21,32003,19061313.0,-1.1,0.37,0.03,0.95
2003-04-21,600741,-8.19,-8.27,-8.19,-8.28,24537,14237477.0,-1.1,-1.1,-0.09,0.73
2003-04-22,600741,-8.26,-8.31,-8.25,-8.33,23785,13576544.0,-0.97,-0.48,-0.04,0.71
2003-04-23,600741,-8.31,-8.37,-8.3,-8.37,25194,14146233.0,-0.84,-0.72,-0.06,0.75
2003-04-24,600741,-8.37,-8.43,-8.37,-8.46,37158,20385876.0,-1.08,-0.72,-0.06,1.11
2003-04-25,600741,-8.43,-8.45,-8.4,-8.45,17331,9449709.0,-0.59,-0.24,-0.02,0.52
2003-04-28,600741,-8.45,-8.36,-8.32,-8.48,24576,13449273.0,-1.89,1.07,0.09,0.73
2003-04-29,600741,-8.36,-8.47,-8.36,-8.47,38473,20799604.0,-1.32,-1.32,-0.11,1.15
2003-04-30,600741,-8.41,-8.45,-8.41,-8.51,34479,18415659.0,-1.18,0.24,0.02,1.03
2003-05-12,600741,-8.45,-8.57,-8.43,-8.61,28476,14951083.0,-2.13,-1.42,-0.12,0.85
2003-05-13,600741,-8.56,-8.63,-8.55,-8.66,77120,38770767.0,-1.28,-0.7,-0.06,2.3
2003-05-14,600741,-8.62,-8.58,-8.56,-8.63,46438,23753781.0,-0.81,0.58,0.05,1.38
2003-05-15,600741,-8.58,-8.47,-8.46,-8.6,62916,32994419.0,-1.63,1.28,0.11,1.87
2003-05-16,600741,-8.46,-8.41,-8.4,-8.5,62308,33854933.0,-1.18,0.71,0.06,1.85
2003-05-19,600741,-8.41,-8.4,-8.38,-8.43,27284,14989236.0,-0.59,0.12,0.01,0.81
2003-05-20,600741,-8.41,-8.45,-8.41,-8.48,21063,11393965.0,-0.83,-0.6,-0.05,0.63
2003-05-21,600741,-8.45,-8.45,-8.43,-8.45,10458,5678302.0,-0.24,0.0,0.0,0.31
2003-05-22,600741,-8.45,-8.44,-8.43,-8.48,12016,6483760.0,-0.59,0.12,0.01,0.36
2003-05-23,600741,-8.44,-8.39,-8.39,-8.45,30435,16618032.0,-0.71,0.59,0.05,0.91
2003-05-26,600741,-8.38,-8.4,-8.37,-8.43,13525,7435110.0,-0.72,-0.12,-0.01,0.4
2003-05-27,600741,-8.41,-8.41,-8.38,-8.44,16853,9239651.0,-0.71,-0.12,-0.01,0.5
2003-05-28,600741,-8.41,-8.44,-8.39,-8.44,12682,6953659.0,-0.59,-0.36,-0.03,0.38
2003-05-29,600741,-8.45,-8.43,-8.43,-8.5,23713,12729349.0,-0.83,0.12,0.01,0.71
2003-05-30,600741,-8.43,-8.33,-8.31,-8.44,84227,47055654.0,-1.54,1.19,0.1,2.51
2003-06-02,600741,-8.32,-8.29,-8.23,-8.32,71520,41115440.0,-1.08,0.48,0.04,2.13
2003-06-03,600741,-8.28,-8.35,-8.27,-8.36,25886,14675572.0,-1.09,-0.72,-0.06,0.77
2003-06-04,600741,-8.36,-8.34,-8.32,-8.38,17483,9827759.0,-0.72,0.12,0.01,0.52
2003-06-05,600741,-8.34,-8.38,-8.33,-8.38,11579,6474726.0,-0.6,-0.48,-0.04,0.34
2003-06-06,600741,-8.38,-8.43,-8.38,-8.43,13901,7643725.0,-0.6,-0.6,-0.05,0.41
2003-06-09,600741,-8.43,-8.46,-8.43,-8.47,11961,6459336.0,-0.47,-0.36,-0.03,0.36
2003-06-10,600741,-8.47,-8.45,-8.43,-8.48,11999,6482619.0,-0.59,0.12,0.01,0.36
2003-06-11,600741,-8.45,-8.39,-8.39,-8.45,10456,5736128.0,-0.71,0.71,0.06,0.31
2003-06-13,600741,-8.4,-8.41,-8.39,-8.43,11684,6425882.0,-0.48,-0.24,-0.02,0.35
2003-06-16,600741,-8.4,-8.44,-8.39,-8.46,19194,10436482.0,-0.83,-0.36,-0.03,0.57
2003-06-17,600741,-8.44,-8.44,-8.43,-8.48,18690,10064327.0,-0.59,0.0,0.0,0.56
2003-06-18,600741,-8.45,-8.45,-8.43,-8.46,8643,4682307.0,-0.36,-0.12,-0.01,0.26
2003-06-19,600741,-8.44,-8.46,-8.43,-8.47,10255,5521506.0,-0.47,-0.12,-0.01,0.31
2003-06-20,600741,-8.45,-8.47,-8.44,-8.47,7928,4265591.0,-0.35,-0.12,-0.01,0.24
2003-06-23,600741,-8.47,-8.44,-8.43,-8.48,8532,4599536.0,-0.59,0.35,0.03,0.25
2003-06-24,600741,-8.45,-8.45,-8.44,-8.47,7232,3892939.0,-0.36,-0.12,-0.01,0.22
2003-06-25,600741,-8.45,-8.46,-8.44,-8.47,4811,2595513.0,-0.36,-0.12,-0.01,0.14
2003-06-26,600741,-8.45,-8.49,-8.45,-8.54,19663,10398427.0,-1.06,-0.35,-0.03,0.59
2003-06-27,600741,-8.45,-8.54,-8.45,-8.56,14789,7761082.0,-1.3,-0.59,-0.05,0.44
2003-06-30,600741,-8.55,-8.55,-8.52,-8.56,4656,2426491.0,-0.47,-0.12,-0.01,0.14
2003-07-01,600741,-8.54,-8.55,-8.52,-8.55,4995,2615063.0,-0.35,0.0,0.0,0.15
2003-07-02,600741,-8.65,-8.57,-8.56,-8.65,11146,5727709.0,-1.05,-0.23,-0.02,0.33
2003-07-03,600741,-8.57,-8.58,-8.56,-8.61,12253,6275669.0,-0.58,-0.12,-0.01,0.36
2003-07-04,600741,-8.57,-8.58,-8.57,-8.6,7744,3982898.0,-0.35,0.0,0.0,0.23
2003-07-07,600741,-8.58,-8.58,-8.56,-8.59,4463,2302176.0,-0.35,0.0,0.0,0.13
2003-07-08,600741,-8.57,-8.54,-8.54,-8.59,8242,4275561.0,-0.58,0.47,0.04,0.25
2003-07-09,600741,-8.55,-8.56,-8.53,-8.56,3076,1601883.0,-0.35,-0.23,-0.02,0.09
2003-07-10,600741,-8.56,-8.53,-8.52,-8.57,12456,6500362.0,-0.58,0.35,0.03,0.37
2003-07-11,600741,-8.48,-8.52,-8.48,-8.53,12542,6629098.0,-0.59,0.12,0.01,0.37
2003-07-14,600741,-8.51,-8.54,-8.5,-8.55,6979,3585189.0,-0.59,-0.23,-0.02,0.21
2003-07-15,600741,-8.54,-8.55,-8.53,-8.56,9448,4819782.0,-0.35,-0.12,-0.01,0.28
2003-07-16,600741,-8.55,-8.54,-8.53,-8.55,4011,2052004.0,-0.23,0.12,0.01,0.12
2003-07-17,600741,-8.53,-8.51,-8.51,-8.56,16125,8272970.0,-0.59,0.35,0.03,0.48
2003-07-18,600741,-8.51,-8.55,-8.51,-8.55,12189,6242403.0,-0.47,-0.47,-0.04,0.36
2003-07-21,600741,-8.58,-8.56,-8.54,-8.58,11173,5675212.0,-0.47,-0.12,-0.01,0.33
2003-07-22,600741,-8.55,-8.56,-8.52,-8.56,11129,5701167.0,-0.47,0.0,0.0,0.33
2003-07-23,600741,-8.55,-8.54,-8.53,-8.56,6345,3240303.0,-0.35,0.23,0.02,0.19
2003-07-24,600741,-8.54,-8.55,-8.53,-8.55,3080,1574178.0,-0.23,-0.12,-0.01,0.09
2003-07-25,600741,-8.55,-8.58,-8.54,-8.58,7062,3582675.0,-0.47,-0.35,-0.03,0.21
2003-07-28,600741,-8.58,-8.58,-8.58,-8.59,3988,2009491.0,-0.12,0.0,0.0,0.12
2003-07-29,600741,-8.58,-8.57,-8.57,-8.59,3530,1780648.0,-0.23,0.12,0.01,0.11
2003-07-30,600741,-8.57,-8.56,-8.56,-8.58,2957,1496510.0,-0.23,0.12,0.01,0.09
2003-07-31,600741,-8.56,-8.58,-8.56,-8.59,4440,2240889.0,-0.35,-0.23,-0.02,0.13
2003-08-01,600741,-8.58,-8.58,-8.58,-8.59,3706,1867137.0,-0.12,0.0,0.0,0.11
2003-08-04,600741,-8.58,-8.54,-8.54,-8.59,5989,3046643.0,-0.58,0.47,0.04,0.18
2003-08-05,600741,-8.55,-8.54,-8.52,-8.56,4296,2207495.0,-0.47,0.0,0.0,0.13
2003-08-06,600741,-8.55,-8.52,-8.51,-8.56,6084,3131741.0,-0.59,0.23,0.02,0.18
2003-08-07,600741,-8.52,-8.54,-8.52,-8.55,4505,2306101.0,-0.35,-0.23,-0.02,0.13
2003-08-08,600741,-8.54,-8.56,-8.54,-8.57,4383,2231026.0,-0.35,-0.23,-0.02,0.13
2003-08-11,600741,-8.56,-8.55,-8.53,-8.57,2984,1524923.0,-0.47,0.12,0.01,0.09
2003-08-12,600741,-8.55,-8.52,-8.5,-8.55,6892,3559714.0,-0.58,0.35,0.03,0.21
2003-08-13,600741,-8.43,-8.53,-8.43,-8.53,18167,9454141.0,-1.17,-0.12,-0.01,0.54
2003-08-14,600741,-8.53,-8.55,-8.53,-8.56,4934,2525520.0,-0.35,-0.23,-0.02,0.15
2003-08-15,600741,-8.55,-8.56,-8.54,-8.56,3621,1844046.0,-0.23,-0.12,-0.01,0.11
2003-08-18,600741,-8.56,-8.55,-8.54,-8.56,3914,1995703.0,-0.23,0.12,0.01,0.12
2003-08-19,600741,-8.56,-8.56,-8.55,-8.56,2491,1268632.0,-0.12,-0.12,-0.01,0.07
2003-08-20,600741,-8.54,-8.55,-8.54,-8.57,4100,2085113.0,-0.35,0.12,0.01,0.12
2003-08-21,600741,-8.56,-8.57,-8.55,-8.57,2550,1295069.0,-0.23,-0.23,-0.02,0.08
2003-08-22,600741,-8.57,-8.57,-8.56,-8.58,3305,1673828.0,-0.23,0.0,0.0,0.1
2003-08-25,600741,-8.58,-8.59,-8.57,-8.6,6550,3293593.0,-0.35,-0.23,-0.02,0.19
2003-08-26,600741,-8.59,-8.59,-8.59,-8.61,4531,2269781.0,-0.23,0.0,0.0,0.13
2003-08-27,600741,-8.59,-8.6,-8.59,-8.61,3462,1732817.0,-0.23,-0.12,-0.01,0.1
2003-08-28,600741,-8.6,-8.65,-8.6,-8.66,6766,3362396.0,-0.7,-0.58,-0.05,0.2
2003-08-29,600741,-8.65,-8.69,-8.65,-8.72,10538,5075066.0,-0.81,-0.46,-0.04,0.31
2003-09-01,600741,-8.69,-8.62,-8.62,-8.69,20017,9767851.0,-0.81,0.81,0.07,0.6
2003-09-02,600741,-8.62,-8.64,-8.6,-8.65,11742,5805932.0,-0.58,-0.23,-0.02,0.35
2003-09-03,600741,-8.64,-8.6,-8.58,-8.66,16333,8105566.0,-0.93,0.46,0.04,0.49
2003-09-04,600741,-8.6,-8.62,-8.6,-8.63,17508,8712023.0,-0.35,-0.23,-0.02,0.52
2003-09-05,600741,-8.58,-8.59,-8.54,-8.61,47267,23861212.0,-0.81,0.35,0.03,1.41
2003-09-08,600741,-8.62,-8.64,-8.59,-8.65,10474,5167754.0,-0.7,-0.58,-0.05,0.31
2003-09-09,600741,-8.65,-8.67,-8.64,-8.68,7970,3893611.0,-0.46,-0.35,-0.03,0.24
2003-09-10,600741,-8.67,-8.68,-8.67,-8.69,7465,3621311.0,-0.23,-0.12,-0.01,0.22
2003-09-11,600741,-8.68,-8.68,-8.67,-8.7,3100,1502562.0,-0.35,0.0,0.0,0.09
2003-09-12,600741,-8.68,-8.71,-8.67,-8.72,10387,4982921.0,-0.58,-0.35,-0.03,0.31
2003-09-15,600741,-8.72,-8.73,-8.69,-8.74,5628,2688443.0,-0.57,-0.23,-0.02,0.17
2003-09-16,600741,-8.74,-8.71,-8.69,-8.74,11514,5489749.0,-0.57,0.23,0.02,0.34
2003-09-17,600741,-8.71,-8.74,-8.69,-8.74,6198,2940305.0,-0.57,-0.34,-0.03,0.18
2003-09-18,600741,-8.74,-8.73,-8.72,-8.74,3306,1566696.0,-0.23,0.11,0.01,0.1
2003-09-19,600741,-8.73,-8.72,-8.69,-8.73,2245,1068278.0,-0.46,0.11,0.01,0.07
2003-09-22,600741,-8.72,-8.73,-8.7,-8.74,2410,1144846.0,-0.46,-0.11,-0.01,0.07
2003-09-23,600741,-8.73,-8.72,-8.71,-8.76,4868,2305739.0,-0.57,0.11,0.01,0.14
2003-09-24,600741,-8.71,-8.7,-8.7,-8.72,3255,1558252.0,-0.23,0.23,0.02,0.1
2003-09-25,600741,-8.7,-8.74,-8.7,-8.74,1951,925591.0,-0.46,-0.46,-0.04,0.06
2003-09-26,600741,-8.75,-8.73,-8.72,-8.75,6505,3069826.0,-0.34,0.11,0.01,0.19
2003-09-29,600741,-8.75,-8.75,-8.74,-8.76,3088,1451019.0,-0.23,-0.23,-0.02,0.09
2003-09-30,600741,-8.75,-8.74,-8.72,-8.76,4330,2042133.0,-0.46,0.11,0.01,0.13
2003-10-08,600741,-8.75,-8.77,-8.73,-8.82,12270,5689532.0,-1.03,-0.34,-0.03,0.37
2003-10-09,600741,-8.77,-8.78,-8.74,-8.79,6753,3150183.0,-0.57,-0.11,-0.01,0.2
2003-10-10,600741,-8.79,-8.69,-8.68,-8.79,12007,5694177.0,-1.25,1.03,0.09,0.36
2003-10-13,600741,-8.68,-8.72,-8.66,-8.72,6628,3209078.0,-0.69,-0.35,-0.03,0.2
2003-10-14,600741,-8.72,-8.75,-8.72,-8.78,7757,3630713.0,-0.69,-0.34,-0.03,0.23
2003-10-15,600741,-8.76,-8.76,-8.72,-8.78,2817,1329481.0,-0.69,-0.11,-0.01,0.08
2003-10-16,600741,-8.77,-8.77,-8.75,-8.78,2750,1284561.0,-0.34,-0.11,-0.01,0.08
2003-10-17,600741,-8.78,-8.77,-8.76,-8.79,2752,1278410.0,-0.34,0.0,0.0,0.08
2003-10-20,600741,-8.77,-8.79,-8.77,-8.8,3325,1532495.0,-0.34,-0.23,-0.02,0.1
2003-10-21,600741,-8.8,-8.79,-8.79,-8.81,2917,1339569.0,-0.23,0.0,0.0,0.09
2003-10-22,600741,-8.79,-8.74,-8.7,-8.79,9539,4515495.0,-1.02,0.57,0.05,0.28
2003-10-23,600741,-8.74,-8.76,-8.7,-8.76,3908,1853288.0,-0.69,-0.23,-0.02,0.12
2003-10-24,600741,-8.77,-8.79,-8.75,-8.79,2824,1315804.0,-0.46,-0.34,-0.03,0.08
2003-10-27,600741,-8.78,-8.8,-8.77,-8.81,4204,1936449.0,-0.46,-0.11,-0.01,0.13
2003-10-28,600741,-8.8,-8.82,-8.8,-8.82,5929,2708993.0,-0.23,-0.23,-0.02,0.18
2003-10-29,600741,-8.82,-8.88,-8.8,-8.91,9683,4327452.0,-1.25,-0.68,-0.06,0.29
2003-10-30,600741,-8.88,-8.9,-8.88,-8.93,7596,3312638.0,-0.56,-0.23,-0.02,0.23
2003-10-31,600741,-8.88,-8.92,-8.87,-8.93,3899,1717831.0,-0.67,-0.22,-0.02,0.12
2003-11-03,600741,-8.91,-8.9,-8.9,-8.92,4027,1767295.0,-0.22,0.22,0.02,0.12
2003-11-04,600741,-8.88,-8.86,-8.81,-8.9,9494,4254545.0,-1.01,0.45,0.04,0.28
2003-11-05,600741,-8.87,-8.9,-8.87,-8.91,6947,3066256.0,-0.45,-0.45,-0.04,0.21
2003-11-06,600741,-8.9,-8.96,-8.9,-8.97,10066,4326413.0,-0.79,-0.67,-0.06,0.3
2003-11-07,600741,-8.96,-9.0,-8.96,-9.02,8726,3664077.0,-0.67,-0.45,-0.04,0.26
2003-11-10,600741,-9.0,-9.02,-9.0,-9.03,3934,1635911.0,-0.33,-0.22,-0.02,0.12
2003-11-11,600741,-9.01,-8.98,-8.98,-9.01,4879,2051340.0,-0.33,0.44,0.04,0.15
2003-11-12,600741,-8.98,-8.96,-8.94,-9.01,7774,3304918.0,-0.78,0.22,0.02,0.23
2003-11-13,600741,-8.97,-8.97,-8.92,-9.01,8893,3811294.0,-1.0,-0.11,-0.01,0.26
2003-11-14,600741,-8.97,-8.95,-8.94,-8.98,2618,1119798.0,-0.45,0.22,0.02,0.08
2003-11-17,600741,-8.95,-8.95,-8.95,-8.97,3049,1305551.0,-0.22,0.0,0.0,0.09
2003-11-18,600741,-8.94,-9.0,-8.94,-9.0,4021,1705581.0,-0.67,-0.56,-0.05,0.12
2003-11-19,600741,-8.99,-8.93,-8.93,-8.99,8154,3498266.0,-0.67,0.78,0.07,0.24
2003-11-20,600741,-8.91,-8.85,-8.82,-8.91,33647,14989191.0,-1.01,0.9,0.08,1.0
2003-11-21,600741,-8.84,-8.9,-8.81,-8.9,17172,7694360.0,-1.02,-0.56,-0.05,0.51
2003-11-24,600741,-8.88,-8.81,-8.79,-8.9,26831,12232476.0,-1.24,1.01,0.09,0.8
2003-11-25,600741,-8.81,-8.81,-8.76,-8.86,30924,14131777.0,-1.14,0.0,0.0,0.92
2003-11-26,600741,-8.81,-8.8,-8.77,-8.83,15457,7115434.0,-0.68,0.11,0.01,0.46
2003-11-27,600741,-8.79,-8.82,-8.78,-8.84,27720,12671369.0,-0.68,-0.23,-0.02,0.83
2003-11-28,600741,-8.83,-8.81,-8.8,-8.84,6848,3117832.0,-0.45,0.11,0.01,0.2
2003-12-01,600741,-8.82,-8.75,-8.73,-8.82,26336,12232905.0,-1.02,0.68,0.06,0.78
2003-12-02,600741,-8.75,-8.68,-8.68,-8.77,33575,15925211.0,-1.03,0.8,0.07,1.0
2003-12-03,600741,-8.66,-8.7,-8.65,-8.76,62138,29671334.0,-1.27,-0.23,-0.02,1.85
2003-12-04,600741,-8.71,-8.73,-8.71,-8.77,21935,10343919.0,-0.69,-0.34,-0.03,0.65
2003-12-05,600741,-8.72,-8.72,-8.71,-8.75,12182,5793505.0,-0.46,0.11,0.01,0.36
2003-12-08,600741,-8.74,-8.79,-8.73,-8.79,11001,5137331.0,-0.69,-0.8,-0.07,0.33
2003-12-09,600741,-8.79,-8.79,-8.79,-8.81,7186,3304770.0,-0.23,0.0,0.0,0.21
2003-12-10,600741,-8.79,-8.79,-8.77,-8.79,10131,4693084.0,-0.23,0.0,0.0,0.3
2003-12-11,600741,-8.78,-8.79,-8.77,-8.81,13297,6137345.0,-0.46,0.0,0.0,0.4
2003-12-12,600741,-8.78,-8.8,-8.77,-8.81,9380,4322991.0,-0.46,-0.11,-0.01,0.28
2003-12-15,600741,-8.8,-8.77,-8.75,-8.8,9864,4609635.0,-0.57,0.34,0.03,0.29
2003-12-16,600741,-8.78,-8.78,-8.77,-8.82,7761,3566890.0,-0.57,-0.11,-0.01,0.23
2003-12-17,600741,-8.78,-8.81,-8.77,-8.82,9036,4175452.0,-0.57,-0.34,-0.03,0.27
2003-12-18,600741,-8.82,-8.87,-8.82,-8.89,16289,7266445.0,-0.79,-0.68,-0.06,0.48
2003-12-19,600741,-8.87,-8.94,-8.86,-8.94,17002,7410398.0,-0.9,-0.79,-0.07,0.51
2003-12-22,600741,-8.95,-8.9,-8.89,-8.97,23565,10187054.0,-0.89,0.45,0.04,0.7
2003-12-23,600741,-8.89,-8.84,-8.83,-8.89,18211,8166394.0,-0.67,0.67,0.06,0.54
2003-12-24,600741,-8.84,-8.84,-8.84,-8.88,10586,4754069.0,-0.45,0.0,0.0,0.32
2003-12-25,600741,-8.84,-8.87,-8.83,-8.88,9323,4170850.0,-0.57,-0.34,-0.03,0.28
2003-12-26,600741,-8.87,-8.89,-8.85,-8.9,13275,5860118.0,-0.56,-0.23,-0.02,0.4
2003-12-29,600741,-8.9,-8.92,-8.9,-8.93,9013,3933011.0,-0.34,-0.34,-0.03,0.27
2003-12-30,600741,-8.93,-8.93,-8.91,-8.95,12479,5402674.0,-0.45,-0.11,-0.01,0.37
2003-12-31,600741,-8.91,-8.94,-8.91,-8.94,6399,2768380.0,-0.34,-0.11,-0.01,0.19
2004-01-02,600741,-8.94,-8.85,-8.75,-8.95,25184,11438369.0,-2.24,1.01,0.09,0.75
2004-01-05,600741,-8.85,-8.85,-8.83,-8.87,11836,5322599.0,-0.45,0.0,0.0,0.35
2004-01-06,600741,-8.85,-8.84,-8.83,-8.88,18141,8132252.0,-0.56,0.11,0.01,0.54
2004-01-07,600741,-8.84,-8.76,-8.74,-8.85,29345,13562231.0,-1.24,0.9,0.08,0.87
2004-01-08,600741,-8.77,-8.77,-8.75,-8.8,14500,6728871.0,-0.57,-0.11,-0.01,0.43
2004-01-09,600741,-8.78,-8.82,-8.78,-8.84,19398,8880172.0,-0.68,-0.57,-0.05,0.58
2004-01-12,600741,-8.82,-8.84,-8.82,-8.9,14238,6356875.0,-0.91,-0.23,-0.02,0.42
2004-01-13,600741,-8.82,-8.82,-8.81,-8.85,14940,6776838.0,-0.45,0.23,0.02,0.44
2004-01-14,600741,-8.81,-8.8,-8.79,-8.84,11020,5018098.0,-0.57,0.23,0.02,0.33
2004-01-15,600741,-8.8,-8.78,-8.76,-8.83,16134,7460097.0,-0.8,0.23,0.02,0.48
2004-01-16,600741,-8.79,-8.8,-8.78,-8.81,11358,5220051.0,-0.34,-0.23,-0.02,0.34
2004-01-29,600741,-8.81,-8.73,-8.73,-8.81,18632,8703954.0,-0.91,0.8,0.07,0.55
2004-01-30,600741,-8.73,-8.77,-8.72,-8.78,18519,8694187.0,-0.69,-0.46,-0.04,0.55
2004-02-02,600741,-8.77,-8.67,-8.65,-8.77,55559,26693491.0,-1.37,1.14,0.1,1.65
2004-02-03,600741,-8.67,-8.61,-8.59,-8.7,44111,21709364.0,-1.27,0.69,0.06,1.31
2004-02-04,600741,-8.61,-8.6,-8.58,-8.63,52342,26168723.0,-0.58,0.12,0.01,1.56
2004-02-05,600741,-8.6,-8.55,-8.53,-8.6,55412,28033705.0,-0.81,0.58,0.05,1.65
2004-02-06,600741,-8.55,-8.59,-8.52,-8.6,58128,29630745.0,-0.94,-0.47,-0.04,1.73
2004-02-09,600741,-8.59,-8.57,-8.54,-8.59,33289,16884172.0,-0.58,0.23,0.02,0.99
2004-02-10,600741,-8.55,-8.53,-8.49,-8.55,41219,21273864.0,-0.7,0.47,0.04,1.23
2004-02-11,600741,-8.52,-8.56,-8.51,-8.59,25467,12920079.0,-0.94,-0.35,-0.03,0.76
2004-02-12,600741,-8.56,-8.53,-8.52,-8.56,25053,12861720.0,-0.47,0.35,0.03,0.75
2004-02-13,600741,-8.53,-8.51,-8.51,-8.54,29897,15438064.0,-0.35,0.23,0.02,0.89
2004-02-16,600741,-8.51,-8.45,-8.45,-8.52,31103,16245076.0,-0.82,0.71,0.06,0.93
2004-02-17,600741,-8.45,-8.46,-8.44,-8.47,31312,16597131.0,-0.36,-0.12,-0.01,0.93
2004-02-18,600741,-8.46,-8.45,-8.44,-8.5,36856,19456656.0,-0.71,0.12,0.01,1.1
2004-02-19,600741,-8.45,-8.47,-8.43,-8.49,19770,10454076.0,-0.71,-0.24,-0.02,0.59
2004-02-20,600741,-8.48,-8.5,-8.47,-8.53,23823,12352076.0,-0.71,-0.35,-0.03,0.71
2004-02-23,600741,-8.51,-8.53,-8.48,-8.53,26260,13584760.0,-0.59,-0.35,-0.03,0.78
2004-02-24,600741,-8.55,-8.48,-8.47,-8.58,43285,22260903.0,-1.29,0.59,0.05,1.29
2004-02-25,600741,-8.43,-8.45,-8.37,-8.46,153098,82904386.0,-1.06,0.35,0.03,4.56
2004-02-26,600741,-8.48,-8.49,-8.45,-8.53,34445,17968167.0,-0.95,-0.47,-0.04,1.03
2004-02-27,600741,-8.49,-8.45,-8.43,-8.51,25555,13496241.0,-0.94,0.47,0.04,0.76
2004-03-01,600741,-8.45,-8.4,-8.4,-8.45,36666,19716823.0,-0.59,0.59,0.05,1.09
2004-03-02,600741,-8.4,-8.36,-8.32,-8.4,68534,37714576.0,-0.95,0.48,0.04,2.04
2004-03-03,600741,-8.35,-8.42,-8.33,-8.43,42519,23117848.0,-1.2,-0.72,-0.06,1.27
2004-03-04,600741,-8.44,-8.42,-8.41,-8.46,18380,9802604.0,-0.59,0.0,0.0,0.55
2004-03-05,600741,-8.42,-8.43,-8.38,-8.46,20586,11035345.0,-0.95,-0.12,-0.01,0.61
2004-03-08,600741,-8.44,-8.47,-8.43,-8.47,16960,8987114.0,-0.47,-0.47,-0.04,0.5
2004-03-09,600741,-8.48,-8.53,-8.46,-8.54,23870,12401245.0,-0.94,-0.71,-0.06,0.71
2004-03-10,600741,-8.53,-8.5,-8.49,-8.55,19527,10052334.0,-0.7,0.35,0.03,0.58
2004-03-11,600741,-8.5,-8.48,-8.46,-8.52,15568,8151828.0,-0.71,0.24,0.02,0.46
2004-03-12,600741,-8.47,-8.48,-8.45,-8.51,11187,5859136.0,-0.71,0.0,0.0,0.33
2004-03-15,600741,-8.5,-8.43,-8.42,-8.5,18599,9901990.0,-0.94,0.59,0.05,0.55
2004-03-16,600741,-8.43,-8.43,-8.42,-8.46,19317,10286947.0,-0.47,0.0,0.0,0.57
2004-03-17,600741,-8.43,-8.4,-8.37,-8.44,26603,14385640.0,-0.83,0.36,0.03,0.79
2004-03-18,600741,-8.4,-8.44,-8.39,-8.45,16673,8962803.0,-0.71,-0.48,-0.04,0.5
2004-03-19,600741,-8.45,-8.43,-8.43,-8.47,14192,7550241.0,-0.47,0.12,0.01,0.42
2004-03-22,600741,-8.43,-8.44,-8.41,-8.45,11766,6264444.0,-0.47,-0.12,-0.01,0.35
2004-03-23,600741,-8.44,-8.43,-8.43,-8.46,13563,7194440.0,-0.36,0.12,0.01,0.4
2004-03-24,600741,-8.44,-8.43,-8.41,-8.45,13665,7314124.0,-0.47,0.0,0.0,0.41
2004-03-25,600741,-8.44,-8.43,-8.4,-8.45,12035,6452034.0,-0.59,0.0,0.0,0.36
2004-03-26,600741,-8.43,-8.45,-8.42,-8.45,9508,5058762.0,-0.36,-0.24,-0.02,0.28
2004-03-29,600741,-8.45,-8.45,-8.44,-8.48,21554,11395288.0,-0.47,0.0,0.0,0.64
2004-03-30,600741,-8.46,-8.47,-8.45,-8.49,16611,8754803.0,-0.47,-0.24,-0.02,0.49
2004-03-31,600741,-8.47,-8.44,-8.43,-8.49,20027,10634475.0,-0.71,0.35,0.03,0.6
2004-04-01,600741,-8.44,-8.43,-8.4,-8.45,12603,6771788.0,-0.59,0.12,0.01,0.38
2004-04-02,600741,-8.43,-8.27,-8.26,-8.43,83983,46309256.0,-2.02,1.9,0.16,2.5
2004-04-05,600741,-8.29,-8.3,-8.26,-8.34,40871,22983875.0,-0.97,-0.36,-0.03,1.22
2004-04-06,600741,-8.3,-8.27,-8.26,-8.33,38033,21410201.0,-0.84,0.36,0.03,1.13
2004-04-07,600741,-8.27,-8.27,-8.25,-8.29,32812,18671342.0,-0.48,0.0,0.0,0.98
2004-04-08,600741,-8.28,-8.32,-8.28,-8.33,16729,9360349.0,-0.6,-0.6,-0.05,0.5
2004-04-09,600741,-8.32,-8.37,-8.23,-8.39,49390,27765520.0,-1.92,-0.6,-0.05,1.47
2004-04-12,600741,-8.39,-8.35,-8.34,-8.41,17046,9350234.0,-0.84,0.24,0.02,0.51
2004-04-13,600741,-8.35,-8.41,-8.35,-8.43,23428,12718244.0,-0.96,-0.72,-0.06,0.7
2004-04-14,600741,-8.41,-8.44,-8.4,-8.46,12936,6902663.0,-0.71,-0.36,-0.03,0.39
2004-04-15,600741,-8.45,-8.45,-8.43,-8.46,10487,5587128.0,-0.36,-0.12,-0.01,0.31
2004-04-16,600741,-8.45,-8.4,-8.4,-8.46,18613,9947246.0,-0.71,0.59,0.05,0.55
2004-04-19,600741,-8.45,-8.39,-8.38,-8.45,10477,5666412.0,-0.83,0.12,0.01,0.31
2004-04-20,600741,-8.4,-8.37,-8.34,-8.42,17492,9569920.0,-0.95,0.24,0.02,0.52
2004-04-21,600741,-8.37,-8.41,-8.3,-8.44,44092,24267021.0,-1.67,-0.48,-0.04,1.31
2004-04-22,600741,-8.42,-8.41,-8.39,-8.44,14616,7885942.0,-0.59,0.0,0.0,0.43
2004-04-23,600741,-8.42,-8.5,-8.42,-8.5,19706,10329102.0,-0.95,-1.07,-0.09,0.59
2004-04-26,600741,-8.51,-8.51,-8.48,-8.52,9066,4716486.0,-0.47,-0.12,-0.01,0.27
2004-04-27,600741,-8.51,-8.51,-8.49,-8.56,17372,8962272.0,-0.82,0.0,0.0,0.52
2004-04-28,600741,-8.51,-8.5,-8.49,-8.57,18235,9440764.0,-0.94,0.12,0.01,0.54
2004-04-29,600741,-8.51,-8.53,-8.49,-8.54,21074,10913496.0,-0.59,-0.35,-0.03,0.63
2004-04-30,600741,-8.57,-8.51,-8.48,-8.57,11961,6158730.0,-1.06,0.23,0.02,0.36
2004-05-10,600741,-8.51,-8.6,-8.51,-8.61,6637,3365415.0,-1.18,-1.06,-0.09,0.2
2004-05-11,600741,-8.61,-8.58,-8.56,-8.62,6490,3270288.0,-0.7,0.23,0.02,0.19
2004-05-12,600741,-8.58,-8.55,-8.54,-8.6,7816,3973867.0,-0.7,0.35,0.03,0.23
2004-05-13,600741,-8.55,-8.53,-8.53,-8.58,6100,3108180.0,-0.58,0.23,0.02,0.18
2004-05-14,600741,-8.51,-8.57,-8.51,-8.6,11477,5819361.0,-1.06,-0.47,-0.04,0.34
2004-05-17,600741,-8.59,-8.59,-8.54,-8.59,6194,3135181.0,-0.58,-0.23,-0.02,0.18
2004-05-18,600741,-8.61,-8.6,-8.57,-8.65,16130,8018852.0,-0.93,-0.12,-0.01,0.48
2004-05-19,600741,-8.59,-8.58,-8.56,-8.6,9525,4817952.0,-0.47,0.23,0.02,0.28
2004-05-20,600741,-8.55,-8.55,-8.53,-8.59,11712,5978254.0,-0.7,0.35,0.03,0.35
2004-05-21,600741,-8.6,-8.56,-8.51,-8.6,5163,2642164.0,-1.05,-0.12,-0.01,0.15
2004-05-24,600741,-8.56,-8.58,-8.56,-8.59,4403,2221713.0,-0.35,-0.23,-0.02,0.13
2004-05-25,600741,-8.59,-8.6,-8.57,-8.61,5306,2664714.0,-0.47,-0.23,-0.02,0.16
2004-05-26,600741,-8.6,-8.65,-8.6,-8.67,11490,5672998.0,-0.81,-0.58,-0.05,0.34
2004-05-27,600741,-8.65,-8.6,-8.59,-8.67,8286,4107772.0,-0.92,0.58,0.05,0.25
2004-05-28,600741,-8.6,-8.6,-8.59,-8.63,4402,2194716.0,-0.47,0.0,0.0,0.13
2004-05-31,600741,-8.6,-8.59,-8.58,-8.62,4033,2019596.0,-0.47,0.12,0.01,0.12
2004-06-01,600741,-8.59,-8.56,-8.56,-8.61,10745,5426900.0,-0.58,0.35,0.03,0.32
2004-06-02,600741,-8.56,-8.59,-8.56,-8.6,5941,2987158.0,-0.47,-0.35,-0.03,0.18
2004-06-03,600741,-8.59,-8.62,-8.59,-8.63,3857,1916692.0,-0.47,-0.35,-0.03,0.11
2004-06-04,600741,-8.62,-8.63,-8.6,-8.64,5288,2618868.0,-0.46,-0.12,-0.01,0.16
2004-06-07,600741,-8.64,-8.65,-8.63,-8.66,3828,1876643.0,-0.35,-0.23,-0.02,0.11
2004-06-08,600741,-8.66,-8.66,-8.65,-8.68,4055,1974954.0,-0.35,-0.12,-0.01,0.12
2004-06-09,600741,-8.69,-8.68,-8.65,-8.71,7249,3504441.0,-0.69,-0.23,-0.02,0.22
2004-06-11,600741,-8.69,-8.66,-8.63,-8.7,11020,5395540.0,-0.81,0.23,0.02,0.33
2004-06-14,600741,-8.68,-8.66,-8.65,-8.7,11085,5418416.0,-0.58,0.0,0.0,0.33
2004-06-15,600741,-8.66,-8.65,-8.65,-8.68,6775,3307974.0,-0.35,0.12,0.01,0.2
2004-06-16,600741,-8.65,-8.64,-8.62,-8.67,9756,4795522.0,-0.58,0.12,0.01,0.29
2004-06-17,600741,-8.64,-8.67,-8.64,-8.7,3801,1848275.0,-0.69,-0.35,-0.03,0.11
2004-06-18,600741,-8.75,-8.71,-8.66,-8.76,11361,5426473.0,-1.15,-0.46,-0.04,0.34
2004-06-21,600741,-8.73,-8.72,-8.71,-8.8,11864,5536162.0,-1.03,-0.11,-0.01,0.35
2004-06-22,600741,-8.73,-8.73,-8.72,-8.76,7093,3350326.0,-0.46,-0.11,-0.01,0.21
2004-06-23,600741,-8.75,-8.72,-8.7,-8.78,3893,1832914.0,-0.92,0.11,0.01,0.12
2004-06-24,600741,-8.72,-8.72,-8.71,-8.74,3235,1535785.0,-0.34,0.0,0.0,0.1
2004-06-25,600741,-8.74,-8.75,-8.73,-8.79,2907,1356414.0,-0.69,-0.34,-0.03,0.09
2004-06-28,600741,-8.76,-8.77,-8.75,-8.8,2802,1303311.0,-0.57,-0.23,-0.02,0.08
2004-06-29,600741,-8.78,-8.77,-8.75,-8.83,4086,1889337.0,-0.91,0.0,0.0,0.12
2004-06-30,600741,-8.78,-8.77,-8.75,-8.8,1868,865804.0,-0.57,0.0,0.0,0.06
2004-07-01,600741,-8.78,-8.72,-8.71,-8.8,13134,6196671.0,-1.03,0.57,0.05,0.39
2004-07-02,600741,-8.75,-8.73,-8.71,-8.77,4185,1977298.0,-0.69,-0.11,-0.01,0.12
2004-07-05,600741,-8.73,-8.74,-8.73,-8.82,3373,1576694.0,-1.03,-0.11,-0.01,0.1
2004-07-06,600741,-8.73,-8.71,-8.67,-8.75,11276,5415888.0,-0.92,0.34,0.03,0.34
2004-07-07,600741,-8.74,-8.72,-8.72,-8.79,6013,2810360.0,-0.8,-0.11,-0.01,0.18
2004-07-08,600741,-8.75,-8.79,-8.75,-8.8,9866,4570940.0,-0.57,-0.8,-0.07,0.29
2004-07-09,600741,-8.79,-8.81,-8.79,-8.82,7104,3260105.0,-0.34,-0.23,-0.02,0.21
2004-07-12,600741,-8.81,-8.81,-8.81,-8.83,4400,2004497.0,-0.23,0.0,0.0,0.13
2004-07-13,600741,-8.84,-8.81,-8.81,-8.85,6203,2810369.0,-0.45,0.0,0.0,0.18
2004-07-14,600741,-8.82,-8.84,-8.79,-8.86,9793,4431460.0,-0.79,-0.34,-0.03,0.29
2004-07-15,600741,-8.84,-8.88,-8.82,-8.91,13446,5967490.0,-1.02,-0.45,-0.04,0.4
2004-07-16,600741,-8.87,-8.81,-8.76,-8.87,14198,6510444.0,-1.24,0.79,0.07,0.42
2004-07-19,600741,-8.81,-8.79,-8.77,-8.82,7560,3466331.0,-0.57,0.23,0.02,0.22
2004-07-20,600741,-8.82,-8.84,-8.82,-8.86,7144,3217713.0,-0.46,-0.57,-0.05,0.21
2004-07-21,600741,-8.84,-8.83,-8.82,-8.89,5755,2572920.0,-0.79,0.11,0.01,0.17
2004-07-22,600741,-8.86,-8.87,-8.85,-8.91,7598,3356558.0,-0.68,-0.45,-0.04,0.23
2004-07-23,600741,-8.88,-8.9,-8.87,-8.92,5872,2575887.0,-0.56,-0.34,-0.03,0.17
2004-07-26,600741,-8.91,-8.91,-8.9,-8.95,13962,6018136.0,-0.56,-0.11,-0.01,0.42
2004-07-27,600741,-8.91,-8.91,-8.91,-8.94,5536,2381705.0,-0.34,0.0,0.0,0.16
2004-07-28,600741,-8.91,-8.91,-8.91,-8.95,9614,4124743.0,-0.45,0.0,0.0,0.29
2004-07-29,600741,-8.92,-8.91,-8.89,-8.93,5332,2306429.0,-0.45,0.0,0.0,0.16
2004-07-30,600741,-8.88,-8.91,-8.88,-8.93,5582,2404560.0,-0.56,0.0,0.0,0.17
2004-08-02,600741,-8.94,-8.94,-8.93,-8.95,4563,1945302.0,-0.22,-0.34,-0.03,0.14
2004-08-03,600741,-8.93,-8.94,-8.9,-8.96,4783,2052590.0,-0.67,0.0,0.0,0.14
2004-08-04,600741,-8.94,-8.9,-8.88,-8.95,8621,3732588.0,-0.78,0.45,0.04,0.26
2004-08-05,600741,-8.9,-8.92,-8.9,-8.93,5403,2327215.0,-0.34,-0.22,-0.02,0.16
2004-08-06,600741,-8.93,-8.9,-8.9,-8.94,7354,3174909.0,-0.45,0.22,0.02,0.22
2004-08-09,600741,-8.92,-8.94,-8.91,-8.94,3418,1463700.0,-0.34,-0.45,-0.04,0.1
2004-08-10,600741,-8.93,-8.93,-8.92,-8.94,3848,1649910.0,-0.22,0.11,0.01,0.11
2004-08-11,600741,-8.92,-8.92,-8.92,-8.96,8043,3429259.0,-0.45,0.11,0.01,0.24
2004-08-12,600741,-8.92,-8.94,-8.92,-8.95,6784,2890088.0,-0.34,-0.22,-0.02,0.2
2004-08-13,600741,-8.96,-8.9,-8.89,-8.97,10302,4435116.0,-0.89,0.45,0.04,0.31
2004-08-16,600741,-8.91,-8.94,-8.91,-8.96,2784,1186907.0,-0.56,-0.45,-0.04,0.08
2004-08-17,600741,-8.94,-8.95,-8.94,-8.96,2599,1103139.0,-0.22,-0.11,-0.01,0.08
2004-08-18,600741,-8.96,-8.94,-8.91,-8.96,5282,2266015.0,-0.56,0.11,0.01,0.16
2004-08-19,600741,-8.96,-8.95,-8.94,-8.97,2980,1264394.0,-0.34,-0.11,-0.01,0.09
2004-08-20,600741,-8.94,-8.95,-8.93,-8.96,4262,1817055.0,-0.34,0.0,0.0,0.13
2004-08-23,600741,-8.95,-9.03,-8.94,-9.07,7578,3165662.0,-1.45,-0.89,-0.08,0.23
2004-08-24,600741,-9.02,-8.97,-8.97,-9.05,15807,6579602.0,-0.89,0.66,0.06,0.47
2004-08-25,600741,-8.97,-8.94,-8.94,-9.0,4078,1722046.0,-0.67,0.33,0.03,0.12
2004-08-26,600741,-8.91,-8.93,-8.91,-8.94,5055,2171026.0,-0.34,0.11,0.01,0.15
2004-08-27,600741,-8.93,-8.95,-8.93,-8.97,3772,1599095.0,-0.45,-0.22,-0.02,0.11
2004-08-30,600741,-8.96,-8.95,-8.95,-8.97,2122,896532.0,-0.22,0.0,0.0,0.06
2004-08-31,600741,-8.92,-8.92,-8.9,-8.93,8782,3774559.0,-0.34,0.34,0.03,0.26
2004-09-01,600741,-8.93,-8.95,-8.93,-8.96,1542,655552.0,-0.34,-0.34,-0.03,0.05
2004-09-02,600741,-8.96,-8.92,-8.91,-8.97,5958,2545076.0,-0.67,0.34,0.03,0.18
2004-09-03,600741,-8.92,-8.9,-8.89,-8.93,21942,9496927.0,-0.45,0.22,0.02,0.65
2004-09-06,600741,-8.9,-8.88,-8.88,-8.91,14382,6258799.0,-0.34,0.22,0.02,0.43
2004-09-07,600741,-8.88,-8.87,-8.87,-8.9,9738,4260861.0,-0.34,0.11,0.01,0.29
2004-09-08,600741,-8.87,-8.89,-8.87,-8.92,7726,3358662.0,-0.56,-0.23,-0.02,0.23
2004-09-09,600741,-8.91,-8.93,-8.89,-8.94,8421,3624730.0,-0.56,-0.45,-0.04,0.25
2004-09-10,600741,-8.93,-8.89,-8.89,-8.95,5782,2501521.0,-0.67,0.45,0.04,0.17
2004-09-13,600741,-8.92,-8.91,-8.89,-8.92,3327,1442291.0,-0.34,-0.22,-0.02,0.1
2004-09-14,600741,-8.91,-8.85,-8.85,-8.91,14347,6319839.0,-0.67,0.67,0.06,0.43
2004-09-15,600741,-8.85,-8.8,-8.75,-8.86,47883,21846262.0,-1.24,0.56,0.05,1.43
2004-09-16,600741,-8.8,-8.79,-8.76,-8.82,15109,6898478.0,-0.68,0.11,0.01,0.45
2004-09-17,600741,-8.79,-8.75,-8.74,-8.79,25868,11940226.0,-0.57,0.46,0.04,0.77
2004-09-20,600741,-8.73,-8.7,-8.68,-8.77,27033,12676694.0,-1.03,0.57,0.05,0.8
2004-09-21,600741,-8.7,-8.73,-8.69,-8.77,25292,11813700.0,-0.92,-0.34,-0.03,0.75
2004-09-22,600741,-8.74,-8.79,-8.74,-8.81,22762,10459342.0,-0.8,-0.69,-0.06,0.68
2004-09-23,600741,-8.8,-8.68,-8.67,-8.81,25352,11765463.0,-1.59,1.25,0.11,0.75
2004-09-24,600741,-8.62,-8.73,-8.55,-8.74,106393,52233828.0,-2.19,-0.58,-0.05,3.17
2004-09-27,600741,-8.72,-8.72,-8.68,-8.75,21517,10117842.0,-0.8,0.11,0.01,0.64
2004-09-28,600741,-8.72,-8.71,-8.7,-8.76,13142,6169585.0,-0.69,0.11,0.01,0.39
2004-09-29,600741,-8.69,-8.7,-8.68,-8.73,13663,6502948.0,-0.57,0.11,0.01,0.41
2004-09-30,600741,-8.7,-8.74,-8.7,-8.74,17555,8265005.0,-0.46,-0.46,-0.04,0.52
2004-10-08,600741,-8.78,-8.76,-8.74,-8.83,14083,6400825.0,-1.03,-0.23,-0.02,0.42
2004-10-11,600741,-8.76,-8.78,-8.75,-8.81,21235,9742713.0,-0.68,-0.23,-0.02,0.63
2004-10-12,600741,-8.8,-8.76,-8.75,-8.84,18899,8621863.0,-1.03,0.23,0.02,0.56
2004-10-13,600741,-8.76,-8.79,-8.76,-8.81,6027,2749642.0,-0.57,-0.34,-0.03,0.18
2004-10-14,600741,-8.79,-8.83,-8.79,-8.86,17400,7820912.0,-0.8,-0.46,-0.04,0.52
2004-10-15,600741,-8.76,-8.87,-8.76,-8.87,17404,7805463.0,-1.25,-0.45,-0.04,0.52
2004-10-18,600741,-8.87,-8.89,-8.85,-8.9,8255,3621785.0,-0.56,-0.23,-0.02,0.25
2004-10-19,600741,-8.88,-8.89,-8.85,-8.91,10796,4720672.0,-0.67,0.0,0.0,0.32
2004-10-20,600741,-8.92,-8.91,-8.88,-8.92,4681,2025200.0,-0.45,-0.22,-0.02,0.14
2004-10-21,600741,-8.91,-8.95,-8.9,-8.97,7999,3422301.0,-0.79,-0.45,-0.04,0.24
2004-10-22,600741,-8.95,-8.94,-8.93,-9.0,6895,2913267.0,-0.78,0.11,0.01,0.21
2004-10-25,600741,-8.9,-8.92,-8.89,-8.94,6491,2792909.0,-0.56,0.22,0.02,0.19
2004-10-26,600741,-8.92,-8.89,-8.89,-8.93,5774,2489630.0,-0.45,0.34,0.03,0.17
2004-10-27,600741,-8.89,-8.89,-8.89,-8.93,5482,2368733.0,-0.45,0.0,0.0,0.16
2004-10-28,600741,-8.88,-8.86,-8.85,-8.89,8072,3566384.0,-0.45,0.34,0.03,0.24
2004-10-29,600741,-8.88,-8.87,-8.84,-8.89,14744,6476898.0,-0.56,-0.11,-0.01,0.44
2004-11-01,600741,-8.87,-8.91,-8.87,-8.91,5411,2362101.0,-0.45,-0.45,-0.04,0.16
2004-11-02,600741,-8.91,-8.92,-8.91,-8.93,5375,2311217.0,-0.22,-0.11,-0.01,0.16
2004-11-03,600741,-8.92,-8.89,-8.88,-8.92,3882,1689373.0,-0.45,0.34,0.03,0.12
2004-11-04,600741,-8.89,-8.87,-8.84,-8.89,8547,3771339.0,-0.56,0.22,0.02,0.25
2004-11-05,600741,-8.87,-8.84,-8.84,-8.89,6667,2955003.0,-0.56,0.34,0.03,0.2
2004-11-08,600741,-8.84,-8.85,-8.83,-8.87,4939,2199988.0,-0.45,-0.11,-0.01,0.15
2004-11-09,600741,-8.86,-8.81,-8.8,-8.86,19697,8854032.0,-0.68,0.45,0.04,0.59
2004-11-10,600741,-8.81,-8.75,-8.74,-8.83,17308,7987633.0,-1.02,0.68,0.06,0.52
2004-11-11,600741,-8.75,-8.76,-8.74,-8.78,21824,10147691.0,-0.46,-0.11,-0.01,0.65
2004-11-12,600741,-8.78,-8.78,-8.75,-8.79,8367,3848503.0,-0.46,-0.23,-0.02,0.25
2004-11-15,600741,-8.79,-8.77,-8.75,-8.79,5778,2659946.0,-0.46,0.11,0.01,0.17
2004-11-16,600741,-8.75,-8.79,-8.75,-8.82,19500,8913764.0,-0.8,-0.23,-0.02,0.58
2004-11-17,600741,-8.83,-8.83,-8.79,-8.88,16439,7334545.0,-1.02,-0.46,-0.04,0.49
2004-11-18,600741,-8.84,-8.83,-8.81,-8.85,6811,3057972.0,-0.45,0.0,0.0,0.2
2004-11-19,600741,-8.8,-8.76,-8.76,-8.83,23137,10606622.0,-0.79,0.79,0.07,0.69
2004-11-22,600741,-8.76,-8.75,-8.74,-8.79,10833,5021725.0,-0.57,0.11,0.01,0.32
2004-11-23,600741,-8.75,-8.79,-8.75,-8.8,12298,5654472.0,-0.57,-0.46,-0.04,0.37
2004-11-24,600741,-8.79,-8.79,-8.76,-8.8,9191,4209181.0,-0.46,0.0,0.0,0.27
2004-11-25,600741,-8.79,-8.79,-8.79,-8.81,8549,3883558.0,-0.23,0.0,0.0,0.25
2004-11-26,600741,-8.79,-8.79,-8.79,-8.81,3142,1430717.0,-0.23,0.0,0.0,0.09
2004-11-29,600741,-8.8,-8.82,-8.79,-8.82,4299,1943056.0,-0.34,-0.34,-0.03,0.13
2004-11-30,600741,-8.82,-8.82,-8.81,-8.84,4136,1854165.0,-0.34,0.0,0.0,0.12
2004-12-01,600741,-8.82,-8.83,-8.81,-8.84,2290,1025420.0,-0.34,-0.11,-0.01,0.07
2004-12-02,600741,-8.83,-8.82,-8.81,-8.86,6295,2806950.0,-0.57,0.11,0.01,0.19
2004-12-03,600741,-8.8,-8.79,-8.78,-8.82,11345,5155829.0,-0.45,0.34,0.03,0.34
2004-12-06,600741,-8.76,-8.78,-8.75,-8.8,15329,7037271.0,-0.57,0.11,0.01,0.46
2004-12-07,600741,-8.78,-8.83,-8.78,-8.83,5110,2315790.0,-0.57,-0.57,-0.05,0.15
2004-12-08,600741,-8.82,-8.83,-8.8,-8.84,2675,1204778.0,-0.45,0.0,0.0,0.08
2004-12-09,600741,-8.8,-8.8,-8.78,-8.83,6517,2961627.0,-0.57,0.34,0.03,0.19
2004-12-10,600741,-8.81,-8.84,-8.8,-8.85,5563,2492031.0,-0.57,-0.45,-0.04,0.17
2004-12-13,600741,-8.84,-8.85,-8.82,-8.86,4541,2022599.0,-0.45,-0.11,-0.01,0.14
2004-12-14,600741,-8.85,-8.83,-8.82,-8.86,2965,1323653.0,-0.45,0.23,0.02,0.09
2004-12-15,600741,-8.82,-8.85,-8.82,-8.86,4851,2157950.0,-0.45,-0.23,-0.02,0.14
2004-12-16,600741,-8.86,-8.89,-8.85,-8.9,18001,7901057.0,-0.56,-0.45,-0.04,0.54
2004-12-17,600741,-8.91,-8.92,-8.89,-8.93,9023,3890175.0,-0.45,-0.34,-0.03,0.27
2004-12-20,600741,-8.93,-8.93,-8.9,-8.95,4139,1781172.0,-0.56,-0.11,-0.01,0.12
2004-12-21,600741,-8.93,-8.93,-8.9,-8.94,1999,858693.0,-0.45,0.0,0.0,0.06
2004-12-22,600741,-8.9,-8.88,-8.87,-8.92,3568,1553965.0,-0.56,0.56,0.05,0.11
2004-12-23,600741,-8.86,-8.91,-8.86,-8.92,3891,1692824.0,-0.68,-0.34,-0.03,0.12
2004-12-24,600741,-8.92,-8.92,-8.89,-8.93,2482,1074421.0,-0.45,-0.11,-0.01,0.07
2004-12-27,600741,-8.92,-8.9,-8.9,-8.93,1792,773024.0,-0.34,0.22,0.02,0.05
2004-12-28,600741,-8.93,-8.89,-8.87,-8.93,2217,963927.0,-0.67,0.11,0.01,0.07
2004-12-29,600741,-8.91,-8.91,-8.87,-8.91,1437,626322.0,-0.45,-0.22,-0.02,0.04
2004-12-30,600741,-8.91,-8.9,-8.89,-8.92,11706,5065193.0,-0.34,0.11,0.01,0.35
2004-12-31,600741,-8.82,-8.9,-8.82,-8.91,7711,3365615.0,-1.01,0.0,0.0,0.23
2005-01-04,600741,-8.9,-8.93,-8.9,-8.96,3630,1548639.0,-0.67,-0.34,-0.03,0.11
2005-01-05,600741,-8.93,-8.9,-8.9,-8.96,7423,3208137.0,-0.67,0.34,0.03,0.22
2005-01-06,600741,-8.89,-8.88,-8.86,-8.9,18237,8001519.0,-0.45,0.22,0.02,0.54
2005-01-07,600741,-8.88,-8.86,-8.85,-8.88,9812,4339837.0,-0.34,0.23,0.02,0.29
2005-01-10,600741,-8.88,-8.86,-8.86,-8.9,3415,1500596.0,-0.45,0.0,0.0,0.1
2005-01-11,600741,-8.86,-8.85,-8.84,-8.88,4094,1816005.0,-0.45,0.11,0.01,0.12
2005-01-12,600741,-8.85,-8.84,-8.84,-8.87,5741,2551022.0,-0.34,0.11,0.01,0.17
2005-01-13,600741,-8.84,-8.85,-8.83,-8.87,5012,2229411.0,-0.45,-0.11,-0.01,0.15
2005-01-14,600741,-8.86,-8.88,-8.84,-8.89,6844,3035178.0,-0.56,-0.34,-0.03,0.2
2005-01-17,600741,-8.9,-8.92,-8.89,-8.93,5289,2287092.0,-0.45,-0.45,-0.04,0.16
2005-01-18,600741,-8.91,-8.9,-8.9,-8.95,4168,1793647.0,-0.56,0.22,0.02,0.12
2005-01-19,600741,-8.92,-8.93,-8.91,-8.94,4190,1793622.0,-0.34,-0.34,-0.03,0.12
2005-01-20,600741,-8.93,-8.98,-8.93,-8.98,5483,2318481.0,-0.56,-0.56,-0.05,0.16
2005-01-21,600741,-8.98,-8.93,-8.93,-9.07,7027,2936243.0,-1.56,0.56,0.05,0.21
2005-01-24,600741,-8.9,-8.92,-8.88,-8.97,13788,5923745.0,-1.01,0.11,0.01,0.41
2005-01-25,600741,-8.91,-8.94,-8.91,-8.96,5277,2253511.0,-0.56,-0.22,-0.02,0.16
2005-01-26,600741,-8.96,-8.95,-8.93,-8.96,4047,1721476.0,-0.34,-0.11,-0.01,0.12
2005-01-27,600741,-8.96,-8.97,-8.95,-8.98,3920,1652520.0,-0.34,-0.22,-0.02,0.12
2005-01-28,600741,-8.98,-8.98,-8.97,-9.01,4607,1922270.0,-0.45,-0.11,-0.01,0.14
2005-01-31,600741,-9.0,-9.02,-8.98,-9.05,3561,1460669.0,-0.78,-0.45,-0.04,0.11
2005-02-01,600741,-9.03,-9.04,-9.01,-9.05,7355,3004518.0,-0.44,-0.22,-0.02,0.22
2005-02-02,600741,-9.02,-8.95,-8.95,-9.03,4463,1868447.0,-0.88,1.0,0.09,0.13
2005-02-03,600741,-8.95,-8.98,-8.95,-9.02,10518,4372906.0,-0.78,-0.34,-0.03,0.31
2005-02-04,600741,-8.98,-8.96,-8.94,-9.01,10346,4354320.0,-0.78,0.22,0.02,0.31
2005-02-16,600741,-8.96,-8.96,-8.93,-8.98,3877,1640319.0,-0.56,0.0,0.0,0.12
2005-02-17,600741,-8.97,-8.95,-8.95,-8.97,2684,1132451.0,-0.22,0.11,0.01,0.08
2005-02-18,600741,-8.94,-8.99,-8.92,-8.99,11032,4657436.0,-0.78,-0.45,-0.04,0.33
2005-02-21,600741,-9.0,-8.97,-8.96,-9.0,15729,6570427.0,-0.44,0.22,0.02,0.47
2005-02-22,600741,-8.97,-8.92,-8.9,-8.99,20127,8595646.0,-1.0,0.56,0.05,0.6
2005-02-23,600741,-8.92,-8.89,-8.88,-8.93,15741,6830439.0,-0.56,0.34,0.03,0.47
2005-02-24,600741,-8.89,-8.89,-8.88,-8.92,8264,3595424.0,-0.45,0.0,0.0,0.25
2005-02-25,600741,-8.89,-8.88,-8.85,-8.9,19998,8764952.0,-0.56,0.11,0.01,0.6
2005-02-28,600741,-8.88,-8.87,-8.86,-8.91,11442,5015289.0,-0.56,0.11,0.01,0.34
2005-03-01,600741,-8.88,-8.89,-8.88,-8.92,5550,2411674.0,-0.45,-0.23,-0.02,0.17
2005-03-02,600741,-8.89,-8.94,-8.88,-8.94,10225,4426084.0,-0.67,-0.56,-0.05,0.3
2005-03-03,600741,-8.95,-8.92,-8.92,-8.95,3754,1605858.0,-0.34,0.22,0.02,0.11
2005-03-04,600741,-8.91,-8.92,-8.88,-8.92,3697,1600146.0,-0.45,0.0,0.0,0.11
2005-03-07,600741,-8.92,-8.93,-8.9,-8.93,4198,1816178.0,-0.34,-0.11,-0.01,0.12
2005-03-08,600741,-8.93,-8.9,-8.9,-8.93,8264,3574301.0,-0.34,0.34,0.03,0.25
2005-03-09,600741,-8.91,-8.91,-8.88,-8.92,11482,4963060.0,-0.45,-0.11,-0.01,0.34
2005-03-10,600741,-8.92,-8.97,-8.92,-8.98,9164,3876684.0,-0.67,-0.67,-0.06,0.27
2005-03-11,600741,-8.96,-8.92,-8.91,-8.99,12283,5241772.0,-0.89,0.56,0.05,0.37
2005-03-14,600741,-8.91,-8.95,-8.9,-8.97,5708,2426557.0,-0.78,-0.34,-0.03,0.17
2005-03-15,600741,-8.97,-8.99,-8.95,-9.0,12130,5077444.0,-0.56,-0.45,-0.04,0.36
2005-03-16,600741,-8.99,-9.04,-8.99,-9.06,14694,5983155.0,-0.78,-0.56,-0.05,0.44
2005-03-17,600741,-9.04,-9.04,-8.99,-9.06,7718,3141966.0,-0.77,0.0,0.0,0.23
2005-03-18,600741,-9.04,-9.04,-9.03,-9.07,7392,2979895.0,-0.44,0.0,0.0,0.22
2005-03-21,600741,-9.04,-9.03,-9.03,-9.07,5043,2047747.0,-0.44,0.11,0.01,0.15
2005-03-22,600741,-9.04,-9.17,-9.04,-9.2,30227,11663069.0,-1.77,-1.55,-0.14,0.9
2005-03-23,600741,-9.17,-9.14,-9.13,-9.18,8446,3233006.0,-0.55,0.33,0.03,0.25
2005-03-24,600741,-9.14,-9.14,-9.13,-9.2,18939,7134817.0,-0.77,0.0,0.0,0.56
2005-03-25,600741,-9.14,-9.16,-9.14,-9.24,49663,18525219.0,-1.09,-0.22,-0.02,1.48
2005-03-28,600741,-9.18,-9.16,-9.15,-9.19,14587,5562491.0,-0.44,0.0,0.0,0.43
2005-03-29,600741,-9.17,-9.17,-9.16,-9.18,5174,1959445.0,-0.22,-0.11,-0.01,0.15
2005-03-30,600741,-9.17,-9.19,-9.17,-9.21,8618,3220469.0,-0.44,-0.22,-0.02,0.26
2005-03-31,600741,-9.19,-9.18,-9.18,-9.21,4208,1578157.0,-0.33,0.11,0.01,0.13
2005-04-01,600741,-9.18,-9.14,-9.11,-9.19,9257,3551874.0,-0.87,0.44,0.04,0.28
2005-04-04,600741,-9.16,-9.08,-9.07,-9.18,64482,25294914.0,-1.2,0.66,0.06,1.92
2005-04-05,600741,-9.08,-9.12,-9.08,-9.14,39498,15443853.0,-0.66,-0.44,-0.04,1.18
2005-04-06,600741,-9.12,-9.07,-9.05,-9.13,37279,14803867.0,-0.88,0.55,0.05,1.11
2005-04-07,600741,-9.07,-9.07,-9.05,-9.11,100849,40071024.0,-0.66,0.0,0.0,3.0
2005-04-08,600741,-9.05,-8.99,-8.98,-9.08,81527,33287513.0,-1.1,0.88,0.08,2.43
2005-04-11,600741,-9.0,-9.01,-8.97,-9.02,31796,13209092.0,-0.56,-0.22,-0.02,0.95
2005-04-12,600741,-9.01,-9.02,-8.99,-9.03,16231,6679724.0,-0.44,-0.11,-0.01,0.48
2005-04-13,600741,-8.97,-9.01,-8.97,-9.02,17260,7142345.0,-0.55,0.11,0.01,0.51
2005-04-14,600741,-9.0,-9.08,-8.98,-9.08,18753,7588247.0,-1.11,-0.78,-0.07,0.56
2005-04-15,600741,-9.09,-9.12,-9.07,-9.14,18389,7180167.0,-0.77,-0.44,-0.04,0.55
2005-04-18,600741,-9.13,-9.14,-9.12,-9.16,12420,4788248.0,-0.44,-0.22,-0.02,0.37
2005-04-19,600741,-9.14,-9.13,-9.12,-9.15,9546,3693748.0,-0.33,0.11,0.01,0.28
2005-04-20,600741,-9.12,-9.1,-9.07,-9.12,20687,8207851.0,-0.55,0.33,0.03,0.62
2005-04-21,600741,-9.11,-9.07,-9.07,-9.11,15701,6237994.0,-0.44,0.33,0.03,0.47
2005-04-22,600741,-9.08,-9.08,-9.07,-9.11,15351,6096766.0,-0.44,-0.11,-0.01,0.46
2005-04-25,600741,-9.08,-9.05,-9.01,-9.08,19425,7848717.0,-0.77,0.33,0.03,0.58
2005-04-26,600741,-9.06,-9.07,-9.04,-9.14,20123,7986801.0,-1.1,-0.22,-0.02,0.6
2005-04-27,600741,-9.08,-9.12,-9.08,-9.13,11741,4607664.0,-0.55,-0.55,-0.05,0.35
2005-04-28,600741,-9.12,-9.06,-9.04,-9.12,13425,5383826.0,-0.88,0.66,0.06,0.4
2005-04-29,600741,-9.05,-9.07,-9.05,-9.08,10377,4150620.0,-0.33,-0.11,-0.01,0.31
2005-05-09,600741,-9.07,-9.08,-9.05,-9.09,10180,4076461.0,-0.44,-0.11,-0.01,0.3
2005-05-10,600741,-9.08,-9.05,-9.05,-9.09,13458,5389560.0,-0.44,0.33,0.03,0.4
2005-05-11,600741,-9.05,-9.09,-9.04,-9.09,6768,2716518.0,-0.55,-0.44,-0.04,0.2
2005-05-12,600741,-9.09,-9.17,-9.08,-9.21,10995,4217743.0,-1.43,-0.88,-0.08,0.33
2005-05-13,600741,-9.17,-9.14,-9.14,-9.17,9113,3502842.0,-0.33,0.33,0.03,0.27
2005-05-16,600741,-9.14,-9.14,-9.14,-9.16,3277,1261771.0,-0.22,0.0,0.0,0.1
2005-05-17,600741,-9.14,-9.14,-9.12,-9.16,4701,1818656.0,-0.44,0.0,0.0,0.14
2005-05-18,600741,-9.14,-9.14,-9.12,-9.14,2146,832624.0,-0.22,0.0,0.0,0.06
2005-05-19,600741,-9.13,-9.14,-9.11,-9.16,4110,1587940.0,-0.55,0.0,0.0,0.12
2005-05-20,600741,-9.13,-9.13,-9.11,-9.14,4103,1596973.0,-0.33,0.11,0.01,0.12
2005-05-23,600741,-9.13,-9.14,-9.13,-9.16,4266,1643349.0,-0.33,-0.11,-0.01,0.13
2005-05-24,600741,-9.14,-9.13,-9.12,-9.16,7144,2757117.0,-0.44,0.11,0.01,0.21
2005-05-25,600741,-9.13,-9.12,-9.11,-9.14,2901,1132916.0,-0.33,0.11,0.01,0.09
2005-05-26,600741,-9.13,-9.15,-9.12,-9.16,2981,1146864.0,-0.44,-0.33,-0.03,0.09
2005-05-30,600741,-9.16,-9.17,-9.14,-9.2,5366,2029550.0,-0.66,-0.22,-0.02,0.16
2005-05-31,600741,-9.17,-9.18,-9.15,-9.19,2011,763940.0,-0.44,-0.11,-0.01,0.06
2005-06-01,600741,-9.18,-9.22,-9.17,-9.22,3595,1337812.0,-0.54,-0.44,-0.04,0.11
2005-06-02,600741,-9.23,-9.26,-9.22,-9.28,5830,2119842.0,-0.65,-0.43,-0.04,0.17
2005-06-03,600741,-9.27,-9.29,-9.26,-9.3,4057,1451185.0,-0.43,-0.32,-0.03,0.12
2005-06-06,600741,-9.31,-9.26,-9.25,-9.31,3528,1259459.0,-0.65,0.32,0.03,0.1
2005-06-07,600741,-9.26,-9.28,-9.22,-9.28,4099,1489353.0,-0.65,-0.22,-0.02,0.12
2005-06-08,600741,-9.29,-9.14,-9.11,-9.29,18719,7128155.0,-1.94,1.51,0.14,0.56
2005-06-09,600741,-9.13,-9.14,-9.13,-9.18,17848,6839311.0,-0.55,0.0,0.0,0.53
2005-06-10,600741,-9.14,-9.19,-9.14,-9.21,9261,3489866.0,-0.77,-0.55,-0.05,0.28
2005-06-13,600741,-9.2,-9.17,-9.17,-9.22,6986,2610941.0,-0.54,0.22,0.02,0.21
2005-06-14,600741,-9.17,-9.19,-9.14,-9.19,6051,2311865.0,-0.55,-0.22,-0.02,0.18
2005-06-15,600741,-9.19,-9.24,-9.19,-9.26,9120,3339031.0,-0.76,-0.54,-0.05,0.27
2005-06-16,600741,-9.24,-9.22,-9.22,-9.24,3831,1406274.0,-0.22,0.22,0.02,0.11
2005-06-17,600741,-9.22,-9.2,-9.19,-9.23,5159,1918117.0,-0.43,0.22,0.02,0.15
2005-06-20,600741,-9.22,-9.18,-9.17,-9.25,6038,2250107.0,-0.87,0.22,0.02,0.18
2005-06-21,600741,-9.18,-9.23,-9.18,-9.23,5099,1893025.0,-0.54,-0.54,-0.05,0.15
2005-06-22,600741,-9.23,-9.23,-9.2,-9.24,6003,2209882.0,-0.43,0.0,0.0,0.18
2005-06-23,600741,-9.23,-9.25,-9.22,-9.25,11091,4069364.0,-0.33,-0.22,-0.02,0.33
2005-06-24,600741,-9.25,-9.27,-9.23,-9.27,8644,3134844.0,-0.43,-0.22,-0.02,0.26
2005-06-27,600741,-9.26,-9.23,-9.2,-9.26,13740,5052164.0,-0.65,0.43,0.04,0.41
2005-06-28,600741,-9.23,-9.25,-9.23,-9.27,9495,3433733.0,-0.43,-0.22,-0.02,0.28
2005-06-29,600741,-9.24,-9.26,-9.24,-9.27,5281,1910489.0,-0.32,-0.11,-0.01,0.16
2005-06-30,600741,-9.27,-9.29,-9.26,-9.29,5913,2114578.0,-0.32,-0.32,-0.03,0.18
2005-07-01,600741,-9.29,-9.36,-9.29,-9.37,10066,3501296.0,-0.86,-0.75,-0.07,0.3
2005-07-04,600741,-9.36,-9.43,-9.36,-9.5,9899,3181523.0,-1.5,-0.75,-0.07,0.29
2005-07-05,600741,-9.44,-9.47,-9.44,-9.48,5562,1782773.0,-0.42,-0.42,-0.04,0.17
2005-07-06,600741,-9.46,-9.49,-9.46,-9.5,3696,1171152.0,-0.42,-0.21,-0.02,0.11
2005-07-07,600741,-9.49,-9.48,-9.48,-9.5,2457,777687.0,-0.21,0.11,0.01,0.07
2005-07-08,600741,-9.48,-9.51,-9.48,-9.52,6009,1873743.0,-0.42,-0.32,-0.03,0.18
2005-07-11,600741,-9.5,-9.53,-9.49,-9.53,4508,1400643.0,-0.42,-0.21,-0.02,0.13
2005-07-12,600741,-9.52,-9.51,-9.49,-9.55,5533,1721022.0,-0.63,0.21,0.02,0.16
2005-07-13,600741,-9.5,-9.5,-9.49,-9.52,5538,1731617.0,-0.32,0.11,0.01,0.16
2005-07-14,600741,-9.5,-9.5,-9.49,-9.51,5408,1687426.0,-0.21,0.0,0.0,0.16
2005-07-15,600741,-9.5,-9.52,-9.5,-9.53,4156,1284550.0,-0.32,-0.21,-0.02,0.12
2005-07-18,600741,-9.53,-9.54,-9.53,-9.55,4507,1368545.0,-0.21,-0.21,-0.02,0.13
2005-07-19,600741,-9.54,-9.54,-9.53,-9.57,5643,1709344.0,-0.42,0.0,0.0,0.17
2005-07-20,600741,-9.55,-9.54,-9.52,-9.55,4340,1325839.0,-0.31,0.0,0.0,0.13
2005-07-21,600741,-9.54,-9.54,-9.53,-9.56,3180,933768.0,-0.31,0.0,0.0,0.09
2005-07-22,600741,-9.52,-9.47,-9.45,-9.53,11754,3589146.0,-0.84,0.73,0.07,0.35
2005-07-25,600741,-9.49,-9.44,-9.44,-9.51,14865,4595267.0,-0.74,0.32,0.03,0.44
2005-07-26,600741,-9.44,-9.42,-9.41,-9.46,14595,4631109.0,-0.53,0.21,0.02,0.43
2005-07-27,600741,-9.43,-9.41,-9.4,-9.45,10638,3385928.0,-0.53,0.11,0.01,0.32
2005-07-28,600741,-9.41,-9.42,-9.39,-9.43,16595,5342315.0,-0.43,-0.11,-0.01,0.49
2005-07-29,600741,-9.42,-9.43,-9.42,-9.44,4868,1542402.0,-0.21,-0.11,-0.01,0.14
2005-08-01,600741,-9.44,-9.43,-9.42,-9.45,5060,1604116.0,-0.32,0.0,0.0,0.15
2005-08-02,600741,-9.43,-9.36,-9.34,-9.44,30575,9995930.0,-1.06,0.74,0.07,0.91
2005-08-03,600741,-9.35,-9.34,-9.3,-9.37,45771,15458676.0,-0.75,0.21,0.02,1.36
2005-08-04,600741,-9.37,-9.36,-9.35,-9.39,15865,5229536.0,-0.43,-0.21,-0.02,0.47
2005-08-05,600741,-9.36,-9.35,-9.34,-9.38,17349,5759157.0,-0.43,0.11,0.01,0.52
2005-08-08,600741,-9.35,-9.34,-9.29,-9.36,21419,7232658.0,-0.75,0.11,0.01,0.64
2005-08-09,600741,-9.34,-9.34,-9.33,-9.37,14575,4849266.0,-0.43,0.0,0.0,0.43
2005-08-10,600741,-9.34,-9.32,-9.3,-9.35,19389,6572218.0,-0.54,0.21,0.02,0.58
2005-08-11,600741,-9.32,-9.28,-9.28,-9.34,31642,10810760.0,-0.64,0.43,0.04,0.94
2005-08-12,600741,-9.31,-9.32,-9.24,-9.33,33074,11479559.0,-0.97,-0.43,-0.04,0.98
2005-08-15,600741,-9.33,-9.27,-9.27,-9.34,23559,8022572.0,-0.75,0.54,0.05,0.7
2005-08-16,600741,-9.27,-9.27,-9.23,-9.28,43686,15432657.0,-0.54,0.0,0.0,1.3
2005-08-17,600741,-9.27,-9.27,-9.25,-9.32,19947,6895218.0,-0.76,0.0,0.0,0.59
2005-08-18,600741,-9.27,-9.37,-9.22,-9.37,28740,10021468.0,-1.62,-1.08,-0.1,0.86
2005-08-19,600741,-9.37,-9.4,-9.34,-9.44,22817,7437651.0,-1.07,-0.32,-0.03,0.68
2005-08-22,600741,-9.4,-9.4,-9.38,-9.44,10263,3298813.0,-0.64,0.0,0.0,0.31
2005-08-23,600741,-9.41,-9.42,-9.4,-9.43,8108,2593195.0,-0.32,-0.21,-0.02,0.24
2005-08-24,600741,-9.42,-9.41,-9.39,-9.42,7861,2529814.0,-0.32,0.11,0.01,0.23
2005-08-25,600741,-9.4,-9.36,-9.35,-9.4,17474,5759138.0,-0.53,0.53,0.05,0.52
2005-08-26,600741,-9.35,-9.33,-9.33,-9.39,16477,5458709.0,-0.64,0.32,0.03,0.49
2005-08-29,600741,-9.32,-9.3,-9.24,-9.32,68278,23636106.0,-0.86,0.32,0.03,2.03
2005-08-30,600741,-9.3,-9.3,-9.26,-9.32,40820,14016905.0,-0.65,0.0,0.0,1.21
2005-08-31,600741,-9.24,-9.2,-9.2,-9.28,124685,44527413.0,-0.86,1.08,0.1,3.71
2005-09-01,600741,-9.19,-9.18,-9.13,-9.19,155165,57622885.0,-0.65,0.22,0.02,4.62
2005-09-02,600741,-9.16,-9.18,-9.14,-9.23,76859,28150732.0,-0.98,0.0,0.0,2.29
2005-09-05,600741,-9.17,-9.18,-9.15,-9.21,43387,15911369.0,-0.65,0.0,0.0,1.29
2005-09-06,600741,-9.18,-9.25,-9.16,-9.26,56522,20492096.0,-1.09,-0.76,-0.07,1.68
2005-09-07,600741,-9.25,-9.21,-9.2,-9.28,55842,19736613.0,-0.86,0.43,0.04,1.66
2005-09-08,600741,-9.21,-9.24,-9.19,-9.27,54842,19568582.0,-0.87,-0.33,-0.03,1.63
2005-09-09,600741,-9.24,-9.24,-9.2,-9.26,22400,7988450.0,-0.65,0.0,0.0,0.67
2005-09-12,600741,-9.23,-9.2,-9.19,-9.25,32128,11605149.0,-0.65,0.43,0.04,0.96
2005-09-13,600741,-9.19,-9.13,-9.13,-9.19,91229,34063165.0,-0.65,0.76,0.07,2.72
2005-09-14,600741,-9.11,-9.08,-9.03,-9.13,174042,67939329.0,-1.1,0.55,0.05,5.18
2005-09-15,600741,-9.08,-9.08,-9.06,-9.1,54408,21165197.0,-0.44,0.0,0.0,1.62
2005-09-16,600741,-9.07,-9.07,-9.05,-9.09,31362,12218250.0,-0.44,0.11,0.01,0.93
2005-09-19,600741,-9.07,-9.07,-9.04,-9.08,36349,14222461.0,-0.44,0.0,0.0,1.08
2005-09-20,600741,-9.08,-9.13,-9.06,-9.14,51126,19544698.0,-0.88,-0.66,-0.06,1.52
2005-09-21,600741,-9.13,-9.15,-9.12,-9.15,33904,12773825.0,-0.33,-0.22,-0.02,1.01
2005-09-22,600741,-9.16,-9.18,-9.15,-9.22,35342,12939498.0,-0.77,-0.33,-0.03,1.05
2005-09-23,600741,-9.18,-9.17,-9.15,-9.19,26952,9964594.0,-0.44,0.11,0.01,0.8
2005-09-26,600741,-9.17,-9.18,-9.16,-9.22,26793,9815772.0,-0.65,-0.11,-0.01,0.8
2005-09-27,600741,-9.18,-9.23,-9.18,-9.26,30526,10943241.0,-0.87,-0.54,-0.05,0.91
2005-09-28,600741,-9.23,-9.22,-9.2,-9.26,13231,4748117.0,-0.65,0.11,0.01,0.39
2005-09-29,600741,-9.22,-9.18,-9.18,-9.22,16501,6024871.0,-0.43,0.43,0.04,0.49
2005-09-30,600741,-9.17,-9.16,-9.11,-9.17,35242,13227396.0,-0.65,0.22,0.02,1.05
2005-10-10,600741,-9.16,-9.15,-9.13,-9.17,31874,11943629.0,-0.44,0.11,0.01,0.95
2005-10-11,600741,-9.14,-9.14,-9.14,-9.18,10813,4035758.0,-0.44,0.11,0.01,0.32
2005-10-12,600741,-9.14,-9.12,-9.09,-9.15,31082,11832050.0,-0.66,0.22,0.02,0.93
2005-10-13,600741,-9.12,-9.14,-9.09,-9.14,20666,7858163.0,-0.55,-0.22,-0.02,0.62
2005-10-14,600741,-9.15,-9.18,-9.12,-9.19,20730,7684283.0,-0.77,-0.44,-0.04,0.62
2005-10-17,600741,-9.17,-9.24,-9.17,-9.26,35181,12529104.0,-0.98,-0.65,-0.06,1.05
2005-10-18,600741,-9.24,-9.2,-9.19,-9.25,20704,7450865.0,-0.65,0.43,0.04,0.62
2005-10-19,600741,-9.21,-9.22,-9.19,-9.23,13755,4976321.0,-0.43,-0.22,-0.02,0.41
2005-10-20,600741,-9.23,-9.22,-9.19,-9.24,15769,5680925.0,-0.54,0.0,0.0,0.47
2005-10-21,600741,-9.22,-9.23,-9.2,-9.24,10981,3939341.0,-0.43,-0.11,-0.01,0.33
2005-10-24,600741,-9.24,-9.23,-9.22,-9.26,12391,4399906.0,-0.43,0.0,0.0,0.37
2005-10-25,600741,-9.24,-9.32,-9.24,-9.33,30147,10333306.0,-0.98,-0.98,-0.09,0.9
2005-10-26,600741,-9.32,-9.4,-9.32,-9.4,14933,4933535.0,-0.86,-0.86,-0.08,0.44
2005-10-27,600741,-9.4,-9.39,-9.38,-9.41,8852,2871545.0,-0.32,0.11,0.01,0.26
2005-10-28,600741,-9.39,-9.41,-9.38,-9.43,9335,2997756.0,-0.53,-0.21,-0.02,0.28
2005-10-31,600741,-9.41,-9.41,-9.38,-9.43,14016,4498448.0,-0.53,0.0,0.0,0.42
2005-11-01,600741,-9.41,-9.39,-9.36,-9.42,19973,6492464.0,-0.64,0.21,0.02,0.59
2005-11-02,600741,-9.37,-9.37,-9.35,-9.39,41047,13473861.0,-0.43,0.21,0.02,1.22
2005-11-03,600741,-9.36,-9.42,-9.36,-9.43,12287,3972243.0,-0.75,-0.53,-0.05,0.37
2005-11-04,600741,-9.42,-9.41,-9.41,-9.45,9565,3045602.0,-0.42,0.11,0.01,0.28
2005-11-07,600741,-9.42,-9.41,-9.41,-9.43,8182,2610440.0,-0.21,0.0,0.0,0.24
2005-11-08,600741,-9.42,-9.39,-9.38,-9.42,14128,4558798.0,-0.43,0.21,0.02,0.42
2005-11-09,600741,-9.39,-9.39,-9.37,-9.4,10877,3544241.0,-0.32,0.0,0.0,0.32
2005-11-10,600741,-9.4,-9.45,-9.4,-9.45,12437,3948723.0,-0.53,-0.64,-0.06,0.37
2005-11-11,600741,-9.45,-9.41,-9.37,-9.49,22450,7163093.0,-1.27,0.42,0.04,0.67
2005-11-14,600741,-9.41,-9.43,-9.41,-9.45,6246,1978793.0,-0.43,-0.21,-0.02,0.19
2005-11-15,600741,-9.43,-9.44,-9.42,-9.47,13553,4237363.0,-0.53,-0.11,-0.01,0.4
2005-11-16,600741,-9.44,-9.43,-9.41,-9.46,5465,1730068.0,-0.53,0.11,0.01,0.16
2005-11-17,600741,-9.43,-9.41,-9.39,-9.43,12620,4055582.0,-0.42,0.21,0.02,0.38
2005-11-18,600741,-9.41,-9.39,-9.38,-9.42,33618,10892287.0,-0.43,0.21,0.02,1.0
2005-11-21,600741,-9.39,-9.42,-9.39,-9.43,22603,7275056.0,-0.43,-0.32,-0.03,0.67
2005-11-22,600741,-9.41,-9.45,-9.41,-9.46,17995,5683868.0,-0.53,-0.32,-0.03,0.54
2005-11-23,600741,-9.45,-9.44,-9.43,-9.47,7179,2257504.0,-0.42,0.11,0.01,0.21
2005-11-24,600741,-9.45,-9.44,-9.43,-9.46,8547,2689451.0,-0.32,0.0,0.0,0.25
2005-11-25,600741,-9.45,-9.45,-9.44,-9.47,8930,2790961.0,-0.32,-0.11,-0.01,0.27
2005-11-28,600741,-9.46,-9.44,-9.43,-9.46,4405,1384336.0,-0.32,0.11,0.01,0.13
2005-11-29,600741,-9.43,-9.44,-9.43,-9.46,6840,2135966.0,-0.32,0.0,0.0,0.2
2005-11-30,600741,-9.46,-9.45,-9.45,-9.46,4713,1470037.0,-0.11,-0.11,-0.01,0.14
2005-12-01,600741,-9.46,-9.43,-9.41,-9.46,15530,4947410.0,-0.53,0.21,0.02,0.46
2005-12-02,600741,-9.43,-9.45,-9.42,-9.46,5881,1854882.0,-0.42,-0.21,-0.02,0.18
2005-12-05,600741,-9.46,-9.47,-9.44,-9.47,11074,3457784.0,-0.32,-0.21,-0.02,0.33
2005-12-06,600741,-9.47,-9.47,-9.46,-9.47,4437,1376028.0,-0.11,0.0,0.0,0.13
2005-12-07,600741,-9.46,-9.46,-9.46,-9.48,4881,1515733.0,-0.21,0.11,0.01,0.15
2005-12-08,600741,-9.46,-9.45,-9.44,-9.47,7689,2394317.0,-0.32,0.11,0.01,0.23
2005-12-09,600741,-9.44,-9.43,-9.42,-9.46,7234,2283449.0,-0.42,0.21,0.02,0.22
2005-12-12,600741,-9.43,-9.41,-9.38,-9.44,17460,5623125.0,-0.64,0.21,0.02,0.52
2005-12-13,600741,-9.41,-9.42,-9.41,-9.45,8563,2716310.0,-0.43,-0.11,-0.01,0.25
2005-12-14,600741,-9.42,-9.41,-9.41,-9.44,16079,5109193.0,-0.32,0.11,0.01,0.48
2005-12-15,600741,-9.41,-9.43,-9.4,-9.43,12777,4089479.0,-0.32,-0.21,-0.02,0.38
2005-12-16,600741,-9.43,-9.41,-9.41,-9.43,8542,2723908.0,-0.21,0.21,0.02,0.25
2005-12-19,600741,-9.41,-9.41,-9.4,-9.43,9200,2951109.0,-0.32,0.0,0.0,0.27
2005-12-20,600741,-9.4,-9.37,-9.36,-9.41,36414,11950119.0,-0.53,0.43,0.04,1.08
2005-12-21,600741,-9.37,-9.35,-9.35,-9.38,34710,11452950.0,-0.32,0.21,0.02,1.03
2005-12-22,600741,-9.36,-9.3,-9.3,-9.37,40873,13736623.0,-0.75,0.53,0.05,1.22
2005-12-23,600741,-9.31,-9.3,-9.28,-9.33,27577,9476313.0,-0.54,0.0,0.0,0.82
2005-12-26,600741,-9.3,-9.3,-9.26,-9.32,35677,12322777.0,-0.65,0.0,0.0,1.06
2005-12-27,600741,-9.31,-9.31,-9.3,-9.32,17756,6048968.0,-0.22,-0.11,-0.01,0.53
2005-12-28,600741,-9.31,-9.33,-9.31,-9.35,14620,4921169.0,-0.43,-0.21,-0.02,0.44
2005-12-29,600741,-9.34,-9.33,-9.32,-9.35,33480,11263645.0,-0.32,0.0,0.0,1.0
2005-12-30,600741,-9.32,-9.32,-9.28,-9.33,56003,19172307.0,-0.54,0.11,0.01,1.67
2006-01-04,600741,-9.31,-9.28,-9.28,-9.32,19699,6781326.0,-0.43,0.43,0.04,0.59
2006-01-05,600741,-9.28,-9.25,-9.23,-9.29,39747,13999390.0,-0.65,0.32,0.03,1.18
2006-01-06,600741,-9.25,-9.24,-9.21,-9.29,65855,23284206.0,-0.86,0.11,0.01,1.96
2006-01-09,600741,-9.28,-9.26,-9.24,-9.28,24508,8614939.0,-0.43,-0.22,-0.02,0.73
2006-01-10,600741,-9.26,-9.26,-9.26,-9.29,17227,5997422.0,-0.32,0.0,0.0,0.51
2006-01-11,600741,-9.27,-9.28,-9.25,-9.3,23804,8296094.0,-0.54,-0.22,-0.02,0.71
2006-01-12,600741,-9.29,-9.22,-9.21,-9.29,57541,20449781.0,-0.86,0.65,0.06,1.71
2006-01-13,600741,-9.23,-9.24,-9.19,-9.27,24615,8780244.0,-0.87,-0.22,-0.02,0.73
2006-01-16,600741,-9.25,-9.27,-9.23,-9.28,27338,9626221.0,-0.54,-0.32,-0.03,0.81
2006-01-17,600741,-9.29,-9.29,-9.27,-9.3,22255,7709430.0,-0.32,-0.22,-0.02,0.66
2006-01-18,600741,-9.3,-9.27,-9.26,-9.3,27520,9572168.0,-0.43,0.22,0.02,0.82
2006-01-19,600741,-9.27,-9.29,-9.25,-9.31,58844,20363754.0,-0.65,-0.22,-0.02,1.75
2006-01-20,600741,-9.28,-9.21,-9.21,-9.28,69953,25081349.0,-0.75,0.86,0.08,2.08
2006-01-23,600741,-9.22,-9.19,-9.16,-9.22,45147,16479324.0,-0.65,0.22,0.02,1.34
2006-01-24,600741,-9.19,-9.16,-9.14,-9.2,39139,14528372.0,-0.65,0.33,0.03,1.16
2006-01-25,600741,-9.18,-9.21,-9.13,-9.23,60912,22142827.0,-1.09,-0.55,-0.05,1.81
2006-02-06,600741,-9.21,-9.17,-9.16,-9.24,53020,19206389.0,-0.87,0.43,0.04,1.58
2006-02-07,600741,-9.16,-9.21,-9.16,-9.23,57131,20750610.0,-0.76,-0.44,-0.04,1.7
2006-02-08,600741,-9.2,-9.09,-9.06,-9.2,132316,49848232.0,-1.52,1.3,0.12,3.94
2006-02-09,600741,-9.09,-9.1,-9.06,-9.12,72070,27835169.0,-0.66,-0.11,-0.01,2.14
2006-02-10,600741,-9.09,-9.07,-9.01,-9.11,157847,62449084.0,-1.1,0.33,0.03,4.7
2006-02-23,600741,-9.14,-9.19,-9.1,-9.22,115324,42616762.0,-1.32,-1.32,-0.12,3.43
2006-02-24,600741,-9.19,-9.15,-9.15,-9.22,53621,19750029.0,-0.76,0.44,0.04,1.6
2006-02-27,600741,-9.14,-9.14,-9.11,-9.16,81645,30819705.0,-0.55,0.11,0.01,2.43
2006-02-28,600741,-9.14,-9.14,-9.12,-9.18,81120,30524538.0,-0.66,0.0,0.0,2.41
2006-03-01,600741,-9.13,-9.16,-9.13,-9.19,77504,28721867.0,-0.66,-0.22,-0.02,2.31
2006-03-02,600741,-9.16,-9.23,-9.16,-9.24,75487,27460302.0,-0.87,-0.76,-0.07,2.25
2006-03-03,600741,-9.23,-9.23,-9.2,-9.24,65041,23383021.0,-0.43,0.0,0.0,1.94
2006-03-31,600741,-9.53,-9.62,-9.53,-9.64,253640,71417697.0,-1.19,-4.23,-0.39,5.81
2006-04-03,600741,-9.61,-9.6,-9.58,-9.61,102942,29150059.0,-0.31,0.21,0.02,2.36
2006-04-04,600741,-9.59,-9.56,-9.56,-9.6,98312,28230464.0,-0.42,0.42,0.04,2.25
2006-04-05,600741,-9.56,-9.52,-9.5,-9.56,146289,43314504.0,-0.63,0.42,0.04,3.35
2006-04-06,600741,-9.51,-9.54,-9.5,-9.54,101638,30188838.0,-0.42,-0.21,-0.02,2.33
2006-04-07,600741,-9.55,-9.55,-9.53,-9.59,79942,23205897.0,-0.63,-0.1,-0.01,1.83
2006-04-10,600741,-9.55,-9.51,-9.5,-9.56,86425,25844446.0,-0.63,0.42,0.04,1.98
2006-04-11,600741,-9.5,-9.48,-9.45,-9.5,134226,41385350.0,-0.53,0.32,0.03,3.07
2006-04-12,600741,-9.44,-9.48,-9.42,-9.5,129653,39956647.0,-0.84,0.0,0.0,2.97
2006-04-13,600741,-9.48,-9.53,-9.47,-9.53,118506,35690585.0,-0.63,-0.53,-0.05,2.71
2006-04-14,600741,-9.53,-9.51,-9.5,-9.53,52597,15765524.0,-0.31,0.21,0.02,1.2
2006-04-17,600741,-9.51,-9.51,-9.51,-9.53,85323,25526622.0,-0.21,0.0,0.0,1.95
2006-04-18,600741,-9.51,-9.51,-9.5,-9.52,55314,16621862.0,-0.21,0.0,0.0,1.27
2006-04-19,600741,-9.51,-9.54,-9.5,-9.55,131324,38925006.0,-0.53,-0.32,-0.03,3.01
2006-04-20,600741,-9.54,-9.55,-9.53,-9.56,67635,19830476.0,-0.31,-0.1,-0.01,1.55
2006-04-21,600741,-9.56,-9.53,-9.53,-9.57,55622,16231693.0,-0.42,0.21,0.02,1.27
2006-04-24,600741,-9.54,-9.56,-9.53,-9.59,71707,20745296.0,-0.63,-0.31,-0.03,1.64
2006-04-25,600741,-9.56,-9.56,-9.55,-9.57,52912,15311160.0,-0.21,0.0,0.0,1.21
2006-04-26,600741,-9.56,-9.58,-9.56,-9.6,68719,19692970.0,-0.42,-0.21,-0.02,1.57
2006-04-27,600741,-9.57,-9.56,-9.54,-9.58,31333,9098705.0,-0.42,0.21,0.02,0.72
2006-04-28,600741,-9.57,-9.56,-9.55,-9.58,39228,11362764.0,-0.31,0.0,0.0,0.9
2006-05-08,600741,-9.56,-9.52,-9.51,-9.56,55515,16417480.0,-0.52,0.42,0.04,1.27
2006-05-09,600741,-9.51,-9.5,-9.49,-9.54,102289,30654749.0,-0.53,0.21,0.02,2.34
2006-05-10,600741,-9.49,-9.46,-9.45,-9.51,138269,42463133.0,-0.63,0.42,0.04,3.17
2006-05-11,600741,-9.44,-9.48,-9.42,-9.48,142184,44825897.0,-0.63,-0.21,-0.02,3.26
2006-05-12,600741,-9.48,-9.33,-9.32,-9.49,187540,59512490.0,-1.79,1.58,0.15,4.29
2006-05-16,600741,-9.16,-9.18,-9.16,-9.27,577971,211366562.0,-1.18,1.61,0.15,13.23
2006-05-17,600741,-9.18,-9.23,-9.18,-9.27,151488,54207396.0,-0.98,-0.54,-0.05,3.47
2006-05-18,600741,-9.25,-9.22,-9.18,-9.27,84998,30529075.0,-0.98,0.11,0.01,1.95
2006-05-19,600741,-9.19,-9.16,-9.14,-9.23,143592,52672067.0,-0.98,0.65,0.06,3.29
2006-05-22,600741,-9.16,-9.16,-9.1,-9.18,113803,42622049.0,-0.87,0.0,0.0,2.61
2006-05-23,600741,-9.17,-9.26,-9.16,-9.26,92002,32931134.0,-1.09,-1.09,-0.1,2.11
2006-05-24,600741,-9.26,-9.33,-9.21,-9.37,79915,27389873.0,-1.73,-0.76,-0.07,1.83
2006-05-25,600741,-9.34,-9.29,-9.29,-9.34,55899,19025529.0,-0.54,0.43,0.04,1.28
2006-05-26,600741,-9.26,-9.25,-9.21,-9.27,75893,27056393.0,-0.65,0.43,0.04,1.74
2006-05-29,600741,-9.22,-9.2,-9.19,-9.24,53379,19226003.0,-0.54,0.54,0.05,1.22
2006-05-30,600741,-9.2,-9.2,-9.19,-9.23,61704,22335203.0,-0.43,0.0,0.0,1.41
2006-05-31,600741,-9.19,-9.18,-9.14,-9.21,106355,39101388.0,-0.76,0.22,0.02,2.43
2006-06-01,600741,-9.15,-9.06,-9.05,-9.19,140191,41371627.0,-1.53,1.31,0.12,2.47
2006-06-02,600741,-9.03,-8.95,-8.87,-9.04,438835,140188022.0,-1.88,1.21,0.11,7.73
2006-06-05,600741,-8.95,-8.96,-8.95,-9.03,176015,54979116.0,-0.89,-0.11,-0.01,3.1
2006-06-06,600741,-8.96,-8.95,-8.94,-9.01,164757,51896370.0,-0.78,0.11,0.01,2.9
2006-06-07,600741,-8.95,-9.15,-8.95,-9.15,172880,51736037.0,-2.23,-2.23,-0.2,3.04
2006-06-08,600741,-9.16,-9.08,-9.07,-9.21,138056,39408819.0,-1.53,0.77,0.07,2.43
2006-06-09,600741,-9.09,-9.06,-9.03,-9.13,204744,61242480.0,-1.1,0.22,0.02,3.61
2006-06-12,600741,-9.06,-9.08,-9.05,-9.12,147400,43936395.0,-0.77,-0.22,-0.02,2.6
2006-06-13,600741,-9.07,-9.08,-9.04,-9.12,123954,37067828.0,-0.88,0.0,0.0,2.18
2006-06-14,600741,-9.08,-9.12,-9.08,-9.15,76140,22129446.0,-0.77,-0.44,-0.04,1.34
2006-06-15,600741,-9.14,-9.14,-9.1,-9.15,39308,11450750.0,-0.55,-0.22,-0.02,0.69
2006-06-16,600741,-9.13,-9.1,-9.1,-9.13,48436,14226778.0,-0.33,0.44,0.04,0.85
2006-06-19,600741,-9.12,-9.1,-9.08,-9.15,53531,15724754.0,-0.77,0.0,0.0,0.94
2006-06-20,600741,-9.1,-9.11,-9.1,-9.14,59196,17284055.0,-0.44,-0.11,-0.01,1.04
2006-06-21,600741,-9.08,-9.06,-9.05,-9.11,142552,42755134.0,-0.66,0.55,0.05,2.51
2006-06-22,600741,-9.06,-9.06,-9.06,-9.12,83383,24903869.0,-0.66,0.0,0.0,1.47
2006-06-23,600741,-9.07,-9.01,-9.01,-9.08,163956,49965016.0,-0.77,0.55,0.05,2.89
2006-06-26,600741,-9.01,-8.94,-8.92,-9.03,301761,94792413.0,-1.22,0.78,0.07,5.31
2006-06-27,600741,-8.94,-8.97,-8.94,-8.99,99451,31340818.0,-0.56,-0.34,-0.03,1.75
2006-06-28,600741,-8.98,-8.99,-8.97,-9.03,66556,20716001.0,-0.67,-0.22,-0.02,1.17
2006-06-29,600741,-8.99,-8.97,-8.96,-8.99,97953,30835372.0,-0.33,0.22,0.02,1.73
2006-06-30,600741,-8.97,-9.01,-8.96,-9.02,107640,33455791.0,-0.67,-0.45,-0.04,1.9
2006-07-03,600741,-9.01,-9.01,-9.0,-9.05,90420,27872401.0,-0.55,0.0,0.0,1.59
2006-07-04,600741,-9.01,-8.97,-8.96,-9.03,135729,42486724.0,-0.78,0.44,0.04,2.39
2006-07-05,600741,-8.99,-9.03,-8.97,-9.03,71209,22012786.0,-0.67,-0.67,-0.06,1.25
2006-07-06,600741,-9.03,-9.01,-8.99,-9.03,67162,20829210.0,-0.44,0.22,0.02,1.18
2006-07-07,600741,-9.01,-9.02,-8.98,-9.03,62817,19411303.0,-0.55,-0.11,-0.01,1.11
2006-07-10,600741,-9.02,-8.99,-8.99,-9.03,62545,19397945.0,-0.44,0.33,0.03,1.1
2006-07-11,600741,-8.99,-9.01,-8.99,-9.03,56449,17437580.0,-0.44,-0.22,-0.02,0.99
2006-07-12,600741,-9.01,-9.03,-9.01,-9.03,72917,22394987.0,-0.22,-0.22,-0.02,1.28
2006-07-13,600741,-9.03,-9.17,-9.03,-9.17,144356,42379088.0,-1.55,-1.55,-0.14,2.54
2006-07-14,600741,-9.17,-9.16,-9.13,-9.19,52231,15045782.0,-0.65,0.11,0.01,0.92
2006-07-17,600741,-9.16,-9.12,-9.1,-9.16,36864,10730085.0,-0.66,0.44,0.04,0.65
2006-07-18,600741,-9.12,-9.13,-9.12,-9.15,42815,12376222.0,-0.33,-0.11,-0.01,0.75
2006-07-19,600741,-9.13,-9.16,-9.13,-9.19,54232,15461695.0,-0.66,-0.33,-0.03,0.96
2006-07-20,600741,-9.17,-9.16,-9.14,-9.18,31623,9045723.0,-0.44,0.0,0.0,0.56
2006-07-21,600741,-9.15,-9.15,-9.14,-9.17,31991,9152054.0,-0.33,0.11,0.01,0.56
2006-07-24,600741,-9.16,-9.16,-9.15,-9.19,27724,7868881.0,-0.44,-0.11,-0.01,0.49
2006-07-25,600741,-9.17,-9.11,-9.11,-9.17,66268,19200091.0,-0.66,0.55,0.05,1.17
2006-07-26,600741,-9.1,-9.11,-9.09,-9.14,43837,12847242.0,-0.55,0.0,0.0,0.77
2006-07-27,600741,-9.12,-9.15,-9.1,-9.16,34794,10110578.0,-0.66,-0.44,-0.04,0.61
2006-07-28,600741,-9.17,-9.12,-9.1,-9.17,66507,19439251.0,-0.77,0.33,0.03,1.17
2006-07-31,600741,-9.14,-9.2,-9.14,-9.2,44041,12449921.0,-0.66,-0.88,-0.08,0.78
2006-08-01,600741,-9.2,-9.22,-9.17,-9.22,30215,8432611.0,-0.54,-0.22,-0.02,0.53
2006-08-02,600741,-9.22,-9.27,-9.21,-9.31,33902,9177671.0,-1.08,-0.54,-0.05,0.6
2006-08-03,600741,-9.27,-9.26,-9.24,-9.29,17764,4778196.0,-0.54,0.11,0.01,0.31
2006-08-04,600741,-9.26,-9.31,-9.24,-9.31,23420,6253700.0,-0.76,-0.54,-0.05,0.41
2006-08-07,600741,-9.31,-9.35,-9.31,-9.36,35687,9158200.0,-0.54,-0.43,-0.04,0.63
2006-08-08,600741,-9.35,-9.31,-9.31,-9.35,18136,4691993.0,-0.43,0.43,0.04,0.32
2006-08-09,600741,-9.32,-9.33,-9.31,-9.35,22516,5837907.0,-0.43,-0.21,-0.02,0.4
2006-08-10,600741,-9.33,-9.22,-9.21,-9.35,58608,15821663.0,-1.5,1.18,0.11,1.03
2006-08-11,600741,-9.21,-9.21,-9.16,-9.22,80782,22683908.0,-0.65,0.11,0.01,1.42
2006-08-14,600741,-9.23,-9.28,-9.21,-9.3,32320,8750885.0,-0.98,-0.76,-0.07,0.57
2006-08-15,600741,-9.26,-9.12,-9.11,-9.26,212682,61853400.0,-1.62,1.72,0.16,3.75
2006-08-16,600741,-9.15,-9.14,-9.11,-9.17,84362,24426652.0,-0.66,-0.22,-0.02,1.49
2006-08-17,600741,-9.14,-9.17,-9.14,-9.19,48666,13847963.0,-0.55,-0.33,-0.03,0.86
2006-08-18,600741,-9.17,-9.18,-9.14,-9.19,29328,8363561.0,-0.55,-0.11,-0.01,0.52
2006-08-21,600741,-9.23,-9.19,-9.19,-9.27,34682,9584373.0,-0.87,-0.11,-0.01,0.61
2006-08-22,600741,-9.19,-9.18,-9.15,-9.22,47084,13306478.0,-0.76,0.11,0.01,0.83
2006-08-23,600741,-9.18,-9.22,-9.18,-9.22,32355,9037176.0,-0.44,-0.44,-0.04,0.57
2006-08-24,600741,-9.23,-9.21,-9.2,-9.24,23892,6616205.0,-0.43,0.11,0.01,0.42
2006-08-25,600741,-9.21,-9.21,-9.2,-9.22,26192,7262047.0,-0.22,0.0,0.0,0.46
2006-08-28,600741,-9.21,-9.17,-9.14,-9.22,55977,15910482.0,-0.87,0.43,0.04,0.99
2006-08-29,600741,-9.16,-9.16,-9.13,-9.17,81045,23315006.0,-0.44,0.11,0.01,1.43
2006-08-30,600741,-9.17,-9.15,-9.14,-9.18,33359,9533234.0,-0.44,0.11,0.01,0.59
2006-08-31,600741,-9.15,-9.15,-9.15,-9.17,32471,9275644.0,-0.22,0.0,0.0,0.57
2006-09-01,600741,-9.15,-9.21,-9.14,-9.21,41929,11785072.0,-0.77,-0.66,-0.06,0.74
2006-09-04,600741,-9.2,-9.18,-9.17,-9.21,27736,7798532.0,-0.43,0.33,0.03,0.49
2006-09-05,600741,-9.18,-9.14,-9.14,-9.2,65433,18765228.0,-0.65,0.44,0.04,1.15
2006-09-06,600741,-9.15,-9.15,-9.14,-9.18,34051,9725942.0,-0.44,-0.11,-0.01,0.6
2006-09-07,600741,-9.15,-9.19,-9.14,-9.21,32449,9161010.0,-0.77,-0.44,-0.04,0.57
2006-09-08,600741,-9.18,-9.19,-9.15,-9.2,23004,6508512.0,-0.54,0.0,0.0,0.41
2006-09-11,600741,-9.19,-9.17,-9.17,-9.21,18726,5268918.0,-0.44,0.22,0.02,0.33
2006-09-12,600741,-9.18,-9.17,-9.16,-9.19,29363,8346228.0,-0.33,0.0,0.0,0.52
2006-09-13,600741,-9.17,-9.2,-9.17,-9.21,32289,9122061.0,-0.44,-0.33,-0.03,0.57
2006-09-14,600741,-9.2,-9.22,-9.19,-9.24,41949,11595129.0,-0.54,-0.22,-0.02,0.74
2006-09-15,600741,-9.22,-9.19,-9.18,-9.23,40429,11347706.0,-0.54,0.33,0.03,0.71
2006-09-18,600741,-9.19,-9.17,-9.17,-9.2,43168,12237694.0,-0.33,0.22,0.02,0.76
2006-09-19,600741,-9.17,-9.17,-9.17,-9.19,39190,11101279.0,-0.22,0.0,0.0,0.69
2006-09-20,600741,-9.17,-9.12,-9.09,-9.19,129057,37459335.0,-1.09,0.55,0.05,2.27
2006-09-21,600741,-9.13,-9.15,-9.12,-9.16,50346,14534859.0,-0.44,-0.33,-0.03,0.89
2006-09-22,600741,-9.15,-9.17,-9.13,-9.17,38972,11185547.0,-0.44,-0.22,-0.02,0.69
2006-09-25,600741,-9.19,-9.17,-9.12,-9.21,68035,19443352.0,-0.98,0.0,0.0,1.2
2006-09-26,600741,-9.17,-9.19,-9.16,-9.19,24627,6959243.0,-0.33,-0.22,-0.02,0.43
2006-09-27,600741,-9.19,-9.18,-9.17,-9.19,17463,4939280.0,-0.22,0.11,0.01,0.31
2006-09-28,600741,-9.18,-9.14,-9.11,-9.19,93587,27074561.0,-0.87,0.44,0.04,1.65
2006-09-29,600741,-9.15,-9.1,-9.08,-9.15,178535,52629741.0,-0.77,0.44,0.04,3.14
2006-10-09,600741,-9.06,-9.05,-9.05,-9.1,200567,59981292.0,-0.55,0.55,0.05,3.53
2006-10-10,600741,-9.04,-9.05,-9.03,-9.08,114134,34519156.0,-0.55,0.0,0.0,2.01
2006-10-11,600741,-9.05,-9.01,-9.01,-9.07,150173,46045199.0,-0.66,0.44,0.04,2.64
2006-10-12,600741,-8.99,-8.97,-8.92,-8.99,327301,104031173.0,-0.78,0.44,0.04,5.76
2006-10-13,600741,-8.96,-8.96,-8.89,-9.0,167678,53707632.0,-1.23,0.11,0.01,2.95
2006-10-16,600741,-8.97,-8.99,-8.94,-8.99,92986,29353796.0,-0.56,-0.33,-0.03,1.64
2006-10-17,600741,-8.99,-9.05,-8.99,-9.07,97950,30043734.0,-0.89,-0.67,-0.06,1.72
2006-10-18,600741,-9.05,-9.02,-9.01,-9.06,45533,13941251.0,-0.55,0.33,0.03,0.8
2006-10-19,600741,-9.01,-9.03,-9.01,-9.05,60945,18661245.0,-0.44,-0.11,-0.01,1.07
2006-10-20,600741,-9.03,-9.04,-9.03,-9.06,51040,15488600.0,-0.33,-0.11,-0.01,0.9
2006-10-23,600741,-9.03,-9.05,-8.99,-9.08,86189,26439614.0,-1.0,-0.11,-0.01,1.52
2006-10-24,600741,-9.06,-9.02,-9.01,-9.06,75011,22993036.0,-0.55,0.33,0.03,1.32
2006-10-25,600741,-8.99,-8.98,-8.96,-9.02,112541,35217455.0,-0.67,0.44,0.04,1.98
2006-10-26,600741,-8.99,-9.01,-8.98,-9.02,55517,17197501.0,-0.45,-0.33,-0.03,0.98
2006-10-27,600741,-9.01,-9.06,-8.99,-9.06,59440,18048956.0,-0.78,-0.55,-0.05,1.05
2006-10-30,600741,-9.06,-9.05,-9.04,-9.08,45276,13588233.0,-0.44,0.11,0.01,0.8
2006-10-31,600741,-9.05,-9.05,-9.03,-9.08,40374,12178413.0,-0.55,0.0,0.0,0.71
2006-11-01,600741,-9.04,-9.05,-9.03,-9.07,45854,13874770.0,-0.44,0.0,0.0,0.81
2006-11-02,600741,-9.05,-9.07,-9.05,-9.09,61406,18389789.0,-0.44,-0.22,-0.02,1.08
2006-11-03,600741,-9.06,-9.05,-9.01,-9.07,55783,16995476.0,-0.66,0.22,0.02,0.98
2006-11-06,600741,-9.06,-9.04,-9.04,-9.08,67272,20288329.0,-0.44,0.11,0.01,1.18
2006-11-07,600741,-9.05,-9.06,-9.04,-9.08,45901,13807473.0,-0.44,-0.22,-0.02,0.81
2006-11-08,600741,-9.06,-9.08,-9.06,-9.1,47541,14170205.0,-0.44,-0.22,-0.02,0.84
2006-11-09,600741,-9.08,-9.04,-9.02,-9.1,82290,24992619.0,-0.88,0.44,0.04,1.45
2006-11-10,600741,-9.04,-9.01,-9.01,-9.05,195061,59972718.0,-0.44,0.33,0.03,3.44
2006-11-13,600741,-8.98,-9.04,-8.98,-9.06,224769,69435101.0,-0.89,-0.33,-0.03,3.96
2006-11-14,600741,-9.04,-9.03,-9.03,-9.08,62623,18879366.0,-0.55,0.11,0.01,1.1
2006-11-15,600741,-9.03,-8.98,-8.98,-9.05,132140,41068222.0,-0.78,0.55,0.05,2.33
2006-11-16,600741,-8.98,-9.03,-8.98,-9.04,76199,23508905.0,-0.67,-0.56,-0.05,1.34
2006-11-17,600741,-9.05,-9.01,-8.99,-9.06,72246,22203253.0,-0.78,0.22,0.02,1.27
2006-11-20,600741,-9.01,-9.03,-9.0,-9.05,64712,19764193.0,-0.55,-0.22,-0.02,1.14
2006-11-21,600741,-9.03,-8.99,-8.99,-9.05,97931,30290762.0,-0.66,0.44,0.04,1.72
2006-11-22,600741,-8.99,-8.96,-8.93,-9.0,179912,57255162.0,-0.78,0.33,0.03,3.17
2006-11-23,600741,-8.95,-8.97,-8.94,-8.99,91774,28974978.0,-0.56,-0.11,-0.01,1.62
2006-11-24,600741,-8.98,-8.93,-8.9,-8.99,157601,50659669.0,-1.0,0.45,0.04,2.78
2006-11-27,600741,-8.91,-8.91,-8.9,-8.94,93783,30327648.0,-0.45,0.22,0.02,1.65
2006-11-28,600741,-8.91,-8.87,-8.85,-8.93,155508,51120940.0,-0.9,0.45,0.04,2.74
2006-11-29,600741,-8.9,-8.9,-8.88,-8.94,94457,30842441.0,-0.68,-0.34,-0.03,1.66
2006-11-30,600741,-8.9,-8.81,-8.77,-8.9,277354,93638980.0,-1.46,1.01,0.09,4.88
2006-12-01,600741,-8.77,-8.74,-8.69,-8.79,422698,148945875.0,-1.14,0.79,0.07,7.44
2006-12-04,600741,-8.73,-8.72,-8.67,-8.75,215362,76385792.0,-0.92,0.23,0.02,3.79
2006-12-05,600741,-8.7,-8.74,-8.69,-8.78,173061,60604256.0,-1.03,-0.23,-0.02,3.05
2006-12-06,600741,-8.74,-8.83,-8.74,-8.89,222657,75329454.0,-1.72,-1.03,-0.09,3.92
2006-12-07,600741,-8.85,-8.85,-8.79,-8.87,126323,42694462.0,-0.91,-0.23,-0.02,2.22
2006-12-08,600741,-8.87,-8.94,-8.85,-8.94,130916,42793147.0,-1.02,-1.02,-0.09,2.31
2006-12-11,600741,-8.95,-8.88,-8.87,-8.96,86100,28022150.0,-1.01,0.67,0.06,1.52
2006-12-12,600741,-8.87,-8.9,-8.85,-8.93,75223,24620996.0,-0.9,-0.23,-0.02,1.32
2006-12-13,600741,-8.9,-8.81,-8.81,-8.91,115912,38551498.0,-1.12,1.01,0.09,2.04
2006-12-14,600741,-8.81,-8.8,-8.78,-8.82,111357,38104626.0,-0.45,0.11,0.01,1.96
2006-12-15,600741,-8.77,-8.75,-8.71,-8.77,207848,73043659.0,-0.68,0.57,0.05,3.66
2006-12-18,600741,-8.74,-8.75,-8.73,-8.78,134495,46898806.0,-0.57,0.0,0.0,2.37
2006-12-19,600741,-8.71,-8.69,-8.63,-8.74,209768,75343107.0,-1.26,0.69,0.06,3.69
2006-12-20,600741,-8.7,-8.61,-8.58,-8.74,248716,90776258.0,-1.84,0.92,0.08,4.38
2006-12-21,600741,-8.63,-8.71,-8.62,-8.71,152881,55871862.0,-1.05,-1.16,-0.1,2.69
2006-12-22,600741,-8.72,-8.71,-8.66,-8.75,124054,43961467.0,-1.03,0.0,0.0,2.18
2006-12-25,600741,-8.72,-8.7,-8.66,-8.73,120502,43400167.0,-0.8,0.11,0.01,2.12
2006-12-26,600741,-8.71,-8.65,-8.64,-8.76,148648,53196393.0,-1.38,0.57,0.05,2.62
2006-12-27,600741,-8.65,-8.65,-8.6,-8.67,133072,48707878.0,-0.81,0.0,0.0,2.34
2006-12-28,600741,-8.65,-8.72,-8.63,-8.75,110022,39478566.0,-1.39,-0.81,-0.07,1.94
2006-12-29,600741,-8.72,-8.67,-8.66,-8.73,144780,52092888.0,-0.8,0.57,0.05,2.55
2007-01-04,600741,-8.64,-8.65,-8.6,-8.67,259779,95734715.0,-0.81,0.23,0.02,4.57
2007-01-05,600741,-8.69,-8.56,-8.54,-8.71,234060,87256683.0,-1.97,1.04,0.09,4.12
2007-01-08,600741,-8.55,-8.44,-8.44,-8.55,224368,88281443.0,-1.29,1.4,0.12,3.95
2007-01-09,600741,-8.39,-8.42,-8.35,-8.44,220992,88970433.0,-1.07,0.24,0.02,3.89
2007-01-10,600741,-8.4,-8.37,-8.37,-8.49,208159,83005504.0,-1.43,0.59,0.05,3.67
2007-01-11,600741,-8.37,-8.3,-8.17,-8.42,321150,135752133.0,-2.99,0.84,0.07,5.66
2007-01-12,600741,-8.27,-8.21,-8.03,-8.28,560496,249164779.0,-3.01,1.08,0.09,9.87
2007-01-15,600741,-8.14,-8.06,-8.06,-8.19,352036,158255045.0,-1.58,1.83,0.15,6.2
2007-01-16,600741,-8.03,-8.07,-8.0,-8.14,255139,115798044.0,-1.74,-0.12,-0.01,4.49
2007-01-17,600741,-8.05,-8.16,-8.01,-8.23,267418,120214661.0,-2.73,-1.12,-0.09,4.71
2007-01-18,600741,-8.16,-8.17,-8.15,-8.27,202899,87833847.0,-1.47,-0.12,-0.01,3.57
2007-01-19,600741,-8.16,-8.06,-8.06,-8.21,273978,122830576.0,-1.84,1.35,0.11,4.82
2007-01-22,600741,-7.98,-7.83,-7.82,-8.01,378946,181642472.0,-2.36,2.85,0.23,6.67
2007-01-23,600741,-7.79,-7.74,-7.73,-7.9,346447,172042639.0,-2.17,1.15,0.09,6.1
2007-01-24,600741,-7.74,-7.81,-7.74,-7.83,199681,99801975.0,-1.16,-0.9,-0.07,3.52
2007-01-25,600741,-7.87,-8.03,-7.87,-8.05,247940,117852636.0,-2.3,-2.82,-0.22,4.37
2007-01-26,600741,-8.08,-8.04,-8.0,-8.19,229407,103446984.0,-2.37,-0.12,-0.01,4.04
2007-01-29,600741,-8.0,-7.9,-7.89,-8.04,212048,100900472.0,-1.87,1.74,0.14,3.73
2007-01-30,600741,-7.89,-8.02,-7.87,-8.03,162176,76465569.0,-2.03,-1.52,-0.12,2.86
2007-01-31,600741,-8.04,-8.16,-7.98,-8.22,183067,83051494.0,-2.99,-1.75,-0.14,3.22
2007-02-01,600741,-8.19,-8.17,-8.13,-8.24,164776,72347425.0,-1.35,-0.12,-0.01,2.9
2007-02-02,600741,-8.16,-8.17,-8.04,-8.18,188888,84873656.0,-1.71,0.0,0.0,3.33
2007-02-05,600741,-8.05,-8.03,-8.01,-8.11,238277,109533166.0,-1.22,1.71,0.14,4.2
2007-02-06,600741,-7.99,-7.96,-7.96,-8.06,167669,78185343.0,-1.25,0.87,0.07,2.95
2007-02-07,600741,-7.95,-7.99,-7.93,-8.02,178422,83956412.0,-1.13,-0.38,-0.03,3.14
2007-02-08,600741,-7.96,-7.89,-7.86,-8.01,240881,115701312.0,-1.88,1.25,0.1,4.24
2007-02-09,600741,-7.88,-7.92,-7.87,-7.97,136998,65582047.0,-1.27,-0.38,-0.03,2.41
2007-02-12,600741,-7.91,-7.82,-7.78,-7.96,247958,120605124.0,-2.27,1.26,0.1,4.37
2007-02-13,600741,-7.82,-7.7,-7.68,-7.87,295351,149163745.0,-2.43,1.53,0.12,5.2
2007-02-14,600741,-7.67,-7.49,-7.45,-7.69,412269,219429978.0,-3.12,2.73,0.21,7.26
2007-02-15,600741,-7.47,-7.48,-7.44,-7.54,299540,163412460.0,-1.34,0.13,0.01,5.28
2007-02-16,600741,-7.46,-7.49,-7.35,-7.53,286056,159345651.0,-2.41,-0.13,-0.01,5.04
2007-02-26,600741,-7.49,-7.34,-7.33,-7.51,225290,126097864.0,-2.4,2.0,0.15,3.97
2007-02-27,600741,-7.34,-7.71,-7.33,-7.71,349158,188668371.0,-5.18,-5.04,-0.37,6.15
2007-02-28,600741,-7.78,-7.6,-7.56,-7.82,279625,143568531.0,-3.37,1.43,0.11,4.92
2007-03-01,600741,-7.6,-7.75,-7.6,-7.8,234790,119645992.0,-2.63,-1.97,-0.15,4.13
2007-03-02,600741,-7.76,-7.57,-7.51,-7.78,318238,167330528.0,-3.48,2.32,0.18,5.6
2007-03-05,600741,-7.51,-7.46,-7.41,-7.61,496923,271735267.0,-2.64,1.45,0.11,8.75
2007-03-06,600741,-7.47,-7.51,-7.47,-7.58,154134,83623632.0,-1.47,-0.67,-0.05,2.71
2007-03-07,600741,-7.51,-7.47,-7.45,-7.52,142146,77863620.0,-0.93,0.53,0.04,2.5
2007-03-08,600741,-7.47,-7.42,-7.41,-7.53,200901,110840275.0,-1.61,0.67,0.05,3.54
2007-03-09,600741,-7.42,-7.51,-7.41,-7.55,189903,103829761.0,-1.89,-1.21,-0.09,3.34
2007-03-12,600741,-7.51,-7.28,-7.22,-7.53,397061,226465129.0,-4.13,3.06,0.23,6.99
2007-03-13,600741,-7.29,-7.27,-7.24,-7.34,262449,151839088.0,-1.37,0.14,0.01,4.62
2007-03-14,600741,-7.33,-7.26,-7.16,-7.47,340972,196630041.0,-4.26,0.14,0.01,6.0
2007-03-15,600741,-7.28,-7.1,-7.08,-7.28,366457,218636341.0,-2.75,2.2,0.16,6.45
2007-03-16,600741,-7.08,-7.1,-6.83,-7.12,585355,364468825.0,-4.08,0.0,0.0,10.31
2007-03-19,600741,-7.24,-6.77,-6.76,-7.29,494593,311738144.0,-7.46,4.65,0.33,8.71
2007-03-20,600741,-6.76,-6.77,-6.74,-6.86,290910,190632441.0,-1.77,0.0,0.0,5.12
2007-03-21,600741,-6.71,-6.55,-6.37,-6.71,550938,385495350.0,-5.02,3.25,0.22,9.7
2007-03-22,600741,-6.51,-6.53,-6.39,-6.6,356008,248935272.0,-3.21,0.31,0.02,6.27
2007-03-23,600741,-6.58,-6.44,-6.44,-6.59,313526,218937859.0,-2.3,1.38,0.09,5.52
2007-03-26,600741,-6.41,-6.22,-6.22,-6.47,326814,236102728.0,-3.88,3.42,0.22,5.76
2007-03-27,600741,-6.17,-5.9,-5.89,-6.17,610505,473802914.0,-4.5,5.14,0.32,10.75
2007-03-28,600741,-5.94,-6.08,-5.94,-6.26,460172,351925090.0,-5.42,-3.05,-0.18,8.1
2007-03-29,600741,-6.1,-6.43,-6.1,-6.44,403665,295157607.0,-5.59,-5.76,-0.35,7.11
2007-03-30,600741,-6.47,-6.34,-6.26,-6.53,215175,155563696.0,-4.2,1.4,0.09,3.79
2007-04-02,600741,-6.19,-6.22,-6.15,-6.31,217047,161014458.0,-2.52,1.89,0.12,3.0
2007-04-03,600741,-6.19,-6.06,-6.03,-6.3,341356,256862742.0,-4.34,2.57,0.16,4.72
2007-04-04,600741,-6.05,-6.06,-5.99,-6.12,338448,260079753.0,-2.15,0.0,0.0,4.68
2007-04-05,600741,-6.07,-5.75,-5.64,-6.14,471575,377823978.0,-8.25,5.12,0.31,6.52
2007-04-06,600741,-5.81,-5.71,-5.64,-5.9,347828,285839843.0,-4.52,0.7,0.04,4.81
2007-04-09,600741,-5.66,-5.58,-5.48,-5.67,400368,337251820.0,-3.33,2.28,0.13,5.54
2007-04-10,600741,-5.57,-5.55,-5.45,-5.74,291932,247301551.0,-5.2,0.54,0.03,4.04
2007-04-11,600741,-5.55,-5.26,-5.01,-5.6,447210,397808543.0,-10.63,5.23,0.29,6.18
2007-04-12,600741,-5.3,-5.23,-5.19,-5.39,348074,310373929.0,-3.8,0.57,0.03,4.81
2007-04-13,600741,-5.3,-5.36,-5.21,-5.4,365443,323836061.0,-3.63,-2.49,-0.13,5.05
2007-04-16,600741,-5.38,-5.15,-5.13,-5.4,406236,363097520.0,-5.04,3.92,0.21,5.59
2007-04-17,600741,-5.09,-5.03,-4.98,-5.29,554123,510655889.0,-6.02,2.33,0.12,7.63
2007-04-18,600741,-5.03,-4.93,-4.72,-5.1,334017,316943500.0,-7.55,1.99,0.1,4.6
2007-04-19,600741,-4.99,-5.4,-4.99,-5.54,461733,412487778.0,-11.16,-9.53,-0.47,6.36
2007-04-20,600741,-5.37,-5.04,-5.0,-5.37,379139,345592288.0,-6.85,6.67,0.36,5.22
2007-04-23,600741,-4.89,-4.6,-4.55,-4.89,511701,501793353.0,-6.75,8.73,0.44,7.04
2007-04-24,600741,-4.35,-4.39,-4.15,-4.5,522364,545046673.0,-7.61,4.57,0.21,7.19
2007-04-25,600741,-4.52,-4.24,-4.19,-4.62,447385,465450151.0,-9.79,3.42,0.15,6.16
2007-04-27,600741,-3.87,-3.57,-3.57,-3.87,264625,302953909.0,-7.08,15.8,0.67,3.64
2007-04-30,600741,-2.97,-2.83,-2.83,-3.27,863058,1090956986.0,-12.32,20.73,0.74,11.88
2007-05-08,600741,-2.24,-2.01,-2.01,-2.48,484293,671850139.0,-16.61,28.98,0.82,6.67
2007-05-09,600741,-1.96,-2.24,-1.64,-2.8,772836,1064512151.0,-57.71,-11.44,-0.23,10.64
2007-05-10,600741,-2.33,-2.6,-2.33,-2.8,427935,559827610.0,-20.98,-16.07,-0.36,5.89
2007-05-11,600741,-2.73,-2.55,-2.35,-2.95,350873,460928892.0,-23.08,1.92,0.05,4.83
2007-05-14,600741,-2.8,-2.41,-2.35,-2.91,399335,524334335.0,-21.96,5.49,0.14,5.5
2007-05-15,600741,-2.02,-1.55,-1.55,-2.02,1111702,1625124074.0,-19.5,35.68,0.86,15.3
2007-05-16,600741,-1.52,-1.42,-1.39,-2.08,720405,1046095909.0,-44.52,8.39,0.13,9.92
2007-05-17,600741,-1.3,-1.31,-0.96,-1.42,498234,760508226.0,-32.39,7.75,0.11,6.86
2007-05-18,600741,-1.28,-1.22,-1.19,-1.56,402493,606975733.0,-28.24,6.87,0.09,5.54
2007-05-21,600741,-1.49,-0.25,-0.25,-1.59,391070,491994593.0,-109.84,79.51,0.97,4.14
2007-05-22,600741,0.11,-0.32,0.26,-0.58,910023,1174222580.0,-336.0,-28.0,-0.07,9.64
2007-05-23,600741,-0.31,0.75,0.75,-0.31,913644,1249715651.0,-331.25,334.38,1.07,9.68
2007-05-24,600741,0.91,1.52,1.59,0.87,948761,1392067128.0,96.0,102.67,0.77,10.05
2007-05-25,600741,1.26,1.83,2.26,0.99,767055,1165409499.0,83.55,20.39,0.31,8.12
2007-05-28,600741,1.84,1.62,1.92,1.51,642687,979118420.0,22.4,-11.48,-0.21,6.81
2007-05-29,600741,1.64,1.51,1.71,1.09,599704,892723074.0,38.27,-6.79,-0.11,6.34
2007-05-30,600741,0.26,0.26,1.31,0.26,561671,787021937.0,69.54,-82.78,-1.25,5.94
2007-05-31,600741,-0.74,-0.64,0.2,-0.87,689404,862866935.0,411.54,-346.15,-0.9,7.29
2007-06-01,600741,-0.55,-1.68,-0.24,-1.68,605286,715791600.0,-225.0,-162.5,-1.04,6.4
2007-06-04,600741,-2.33,-2.61,-1.99,-2.61,234904,239609649.0,-36.9,-55.36,-0.93,2.48
2007-06-05,600741,-3.45,-2.09,-1.92,-3.45,1072688,1009561283.0,-58.62,19.92,0.52,11.35
2007-06-06,600741,-1.79,-1.27,-1.25,-2.26,1221713,1366539923.0,-48.33,39.23,0.82,12.92
2007-06-07,600741,-1.12,-0.74,-0.59,-1.45,770176,922960251.0,-67.72,41.73,0.53,8.15
2007-06-08,600741,-0.87,-0.75,-0.41,-1.16,639594,788678512.0,-101.35,-1.35,-0.01,6.77
2007-06-11,600741,-0.7,-0.95,-0.44,-1.07,588550,719208951.0,-84.0,-26.67,-0.2,6.23
2007-06-12,600741,-0.91,-1.18,-0.91,-1.83,643267,749443547.0,-96.84,-24.21,-0.23,6.8
2007-06-13,600741,-1.14,-0.4,-0.34,-1.14,776851,960471998.0,-67.8,66.1,0.78,8.22
2007-06-14,600741,-0.42,-0.28,0.01,-0.83,845837,1083108784.0,-210.0,30.0,0.12,8.95
2007-06-15,600741,-0.46,-0.49,-0.04,-0.58,489728,626075124.0,-192.86,-75.0,-0.21,5.18
2007-06-18,600741,-0.19,0.32,0.49,-0.38,837791,1104342520.0,-177.55,165.31,0.81,8.86
2007-06-19,600741,0.42,1.13,1.33,0.21,929834,1319316784.0,350.0,253.13,0.81,9.84
2007-06-20,600741,1.09,0.31,1.09,0.09,673528,947196862.0,88.5,-72.57,-0.82,7.12
2007-06-21,600741,0.26,0.09,0.59,-0.16,483568,643799450.0,241.94,-70.97,-0.22,5.12
2007-06-22,600741,0.05,-1.0,0.17,-1.02,589937,734601121.0,1322.22,-1211.11,-1.09,6.24
2007-06-25,600741,-1.0,-2.0,-0.73,-2.0,468054,525555108.0,-127.0,-100.0,-1.0,4.95
2007-06-26,600741,-2.5,-1.43,-1.39,-2.74,458470,484761375.0,-67.5,28.5,0.57,4.85
2007-06-27,600741,-1.41,-1.29,-1.09,-1.62,414842,482390743.0,-37.06,9.79,0.14,4.39
2007-06-28,600741,-1.41,-2.25,-1.29,-2.25,388000,424215418.0,-74.42,-74.42,-0.96,4.1
2007-06-29,600741,-2.66,-2.89,-2.43,-3.12,388284,382075857.0,-30.67,-28.44,-0.64,4.11
2007-07-02,600741,-2.99,-2.81,-2.67,-3.48,255357,244362389.0,-28.03,2.77,0.08,2.7
2007-07-03,600741,-2.69,-2.74,-2.56,-3.08,226675,223792882.0,-18.51,2.49,0.07,2.4
2007-07-04,600741,-2.74,-3.19,-2.74,-3.26,168661,161679227.0,-18.98,-16.42,-0.45,1.78
2007-07-05,600741,-3.48,-3.97,-3.26,-3.97,283015,248356499.0,-22.26,-24.45,-0.78,2.99
2007-07-06,600741,-4.15,-3.3,-3.27,-4.32,395169,345105051.0,-26.45,16.88,0.67,4.18
2007-07-09,600741,-3.24,-3.09,-2.91,-3.32,351615,331496497.0,-12.42,6.36,0.21,3.72
2007-07-10,600741,-3.2,-3.24,-2.93,-3.49,306602,285568075.0,-18.12,-4.85,-0.15,3.24
2007-07-11,600741,-3.16,-2.92,-2.69,-3.24,427100,413813131.0,-16.98,9.88,0.32,4.52
2007-07-12,600741,-2.88,-2.99,-2.88,-3.12,163878,157083056.0,-8.22,-2.4,-0.07,1.73
2007-07-13,600741,-3.04,-2.98,-2.84,-3.26,155300,148772124.0,-14.05,0.33,0.01,1.64
2007-07-16,600741,-3.07,-3.49,-2.99,-3.58,168365,154479128.0,-19.8,-17.11,-0.51,1.78
2007-07-17,600741,-3.49,-3.28,-3.08,-3.49,144616,133540139.0,-11.75,6.02,0.21,1.53
2007-07-18,600741,-3.29,-3.34,-3.1,-3.47,137929,127505392.0,-11.28,-1.83,-0.06,1.46
2007-07-19,600741,-3.34,-3.29,-3.2,-3.45,90908,83478744.0,-7.49,1.5,0.05,0.96
2007-07-20,600741,-3.24,-2.86,-2.77,-3.33,309995,298336954.0,-17.02,13.07,0.43,3.28
2007-07-23,600741,-2.72,-2.16,-2.12,-2.72,463919,480743367.0,-20.98,24.48,0.7,4.91
2007-07-24,600741,-1.99,-2.22,-1.72,-2.24,424318,460317792.0,-24.07,-2.78,-0.06,4.49
2007-07-25,600741,-2.24,-1.95,-1.83,-2.26,290157,311021886.0,-19.37,12.16,0.27,3.07
2007-07-26,600741,-1.88,-1.42,-1.34,-1.95,438029,492854166.0,-31.28,27.18,0.53,4.63
2007-07-27,600741,-1.34,-1.14,-1.0,-1.66,508691,598259235.0,-46.48,19.72,0.28,5.38
2007-07-30,600741,-1.19,-1.16,-1.01,-1.26,334544,395824141.0,-21.93,-1.75,-0.02,3.54
2007-07-31,600741,-1.19,-0.92,-0.59,-1.55,442741,524020364.0,-82.76,20.69,0.24,4.68
2007-08-01,600741,-0.95,-1.83,-0.93,-1.91,421692,483724169.0,-106.52,-98.91,-0.91,4.46
2007-08-02,600741,-1.83,-1.67,-1.48,-2.15,291980,325058165.0,-36.61,8.74,0.16,3.09
2007-08-03,600741,-1.65,-1.72,-1.53,-1.99,303422,335485587.0,-27.54,-2.99,-0.05,3.21
2007-08-06,600741,-1.7,-1.37,-1.29,-1.82,338727,381755345.0,-30.81,20.35,0.35,3.58
2007-08-07,600741,-1.34,-1.54,-1.27,-1.74,330283,376151400.0,-34.31,-12.41,-0.17,3.49
2007-08-08,600741,-1.55,-1.64,-1.41,-1.76,253324,285441354.0,-22.73,-6.49,-0.1,2.68
2007-08-09,600741,-1.58,-1.67,-1.44,-1.71,191909,216122040.0,-16.46,-1.83,-0.03,2.03
2007-08-10,600741,-1.62,-2.08,-1.58,-2.29,269692,291294980.0,-42.51,-24.55,-0.41,2.85
2007-08-13,600741,-2.08,-2.24,-2.07,-2.39,222548,232696700.0,-15.38,-7.69,-0.16,2.35
2007-08-14,600741,-2.24,-1.8,-1.69,-2.29,212817,232069418.0,-26.79,19.64,0.44,2.25
2007-08-15,600741,-1.64,-1.7,-1.52,-2.09,264731,294104604.0,-31.67,5.56,0.1,2.8
2007-08-16,600741,-1.74,-1.73,-1.59,-1.99,178092,197101615.0,-23.53,-1.76,-0.03,1.88
2007-08-17,600741,-1.76,-1.94,-1.62,-1.99,189801,209004028.0,-21.39,-12.14,-0.21,2.01
2007-08-20,600741,-1.73,-1.59,-1.51,-1.8,263165,295864955.0,-14.95,18.04,0.35,2.78
2007-08-21,600741,-1.52,-1.59,-1.47,-1.74,239991,270325918.0,-16.98,0.0,0.0,2.54
2007-08-22,600741,-1.8,-1.0,-0.91,-1.84,641244,751304857.0,-58.49,37.11,0.59,6.78
2007-08-23,600741,-0.78,-0.46,-0.33,-0.78,878037,1095810511.0,-45.0,54.0,0.54,9.29
2007-08-24,600741,-0.44,-0.74,-0.37,-0.79,423492,523638930.0,-91.3,-60.87,-0.28,4.48
2007-08-27,600741,-0.66,-1.2,-0.61,-1.34,420610,501163473.0,-98.65,-62.16,-0.46,4.45
2007-08-28,600741,-1.32,-1.38,-1.18,-1.55,253443,292405757.0,-30.83,-15.0,-0.18,2.68
2007-08-29,600741,-1.45,-1.2,-0.83,-1.54,292124,344394860.0,-51.45,13.04,0.18,3.09
2007-08-30,600741,-1.16,-1.04,-0.85,-1.29,278960,333724237.0,-36.67,13.33,0.16,2.95
2007-08-31,600741,-0.84,-0.79,-0.59,-1.13,399315,486418430.0,-51.92,24.04,0.25,4.22
2007-09-03,600741,-0.49,-0.53,-0.17,-0.62,662058,841345232.0,-56.96,32.91,0.26,7.0
2007-09-04,600741,-0.64,-0.89,-0.54,-0.95,341734,418660265.0,-77.36,-67.92,-0.36,3.61
2007-09-05,600741,-0.95,-0.89,-0.68,-1.16,229106,276839023.0,-53.93,0.0,0.0,2.42
2007-09-06,600741,-0.74,-0.98,-0.71,-1.04,239895,290068934.0,-37.08,-10.11,-0.09,2.54
2007-09-07,600741,-0.98,-0.99,-0.59,-1.06,342136,417011156.0,-47.96,-1.02,-0.01,3.62
2007-09-10,600741,-1.12,-1.08,-1.03,-1.4,232927,272916641.0,-37.37,-9.09,-0.09,2.46
2007-09-11,600741,-1.12,-1.99,-1.1,-2.06,305510,350055932.0,-88.89,-84.26,-0.91,3.23
2007-09-12,600741,-2.04,-1.94,-1.76,-2.39,241359,257864426.0,-31.66,2.51,0.05,2.55
2007-09-13,600741,-1.91,-1.86,-1.84,-2.14,173542,186830924.0,-15.46,4.12,0.08,1.84
2007-09-14,600741,-1.82,-1.96,-1.78,-2.18,167042,180294023.0,-21.51,-5.38,-0.1,1.77
2007-09-17,600741,-2.0,-1.84,-1.72,-2.08,193992,212606403.0,-18.37,6.12,0.12,2.05
2007-09-18,600741,-1.8,-1.63,-1.54,-1.86,182263,203720808.0,-17.39,11.41,0.21,1.93
2007-09-19,600741,-1.61,-1.94,-1.58,-1.99,163613,179154704.0,-25.15,-19.02,-0.31,1.73
2007-09-20,600741,-1.83,-1.92,-1.76,-2.07,148200,160748004.0,-15.98,1.03,0.02,1.57
2007-09-21,600741,-1.87,-2.2,-1.85,-2.33,186642,197567146.0,-25.0,-14.58,-0.28,1.97
2007-09-24,600741,-2.12,-2.14,-2.01,-2.44,179842,188842789.0,-19.55,2.73,0.06,1.9
2007-09-25,600741,-2.14,-2.34,-2.12,-2.39,123407,128622685.0,-12.62,-9.35,-0.2,1.31
2007-09-26,600741,-2.34,-2.39,-2.14,-2.44,101438,105808161.0,-12.82,-2.14,-0.05,1.07
2007-09-27,600741,-2.35,-2.3,-2.22,-2.39,84846,88401785.0,-7.11,3.77,0.09,0.9
2007-09-28,600741,-2.26,-2.03,-1.93,-2.29,168433,180172102.0,-15.65,11.74,0.27,1.78
2007-10-08,600741,-1.89,-1.85,-1.84,-2.09,189830,205629616.0,-12.32,8.87,0.18,2.01
2007-10-09,600741,-1.67,-1.24,-1.12,-1.76,526341,602861752.0,-34.59,32.97,0.61,5.57
2007-10-10,600741,-1.24,-1.63,-1.24,-1.74,224805,255927868.0,-40.32,-31.45,-0.39,2.38
2007-10-11,600741,-1.64,-1.94,-1.64,-1.99,176421,192953445.0,-21.47,-19.02,-0.31,1.87
2007-10-12,600741,-1.95,-2.24,-1.95,-2.74,218957,227106644.0,-40.72,-15.46,-0.3,2.32
2007-10-15,600741,-2.22,-2.36,-2.04,-2.59,138977,143244980.0,-24.55,-5.36,-0.12,1.47
2007-10-16,600741,-2.29,-2.19,-2.16,-2.49,113178,117630135.0,-13.98,7.2,0.17,1.2
2007-10-17,600741,-2.26,-2.4,-2.25,-2.49,101543,104710399.0,-10.96,-9.59,-0.21,1.07
2007-10-18,600741,-2.42,-2.59,-2.36,-2.64,103060,104258957.0,-11.67,-7.92,-0.19,1.09
2007-10-19,600741,-2.39,-2.62,-2.39,-2.66,72188,73016510.0,-10.42,-1.16,-0.03,0.76
2007-10-22,600741,-2.62,-3.1,-2.62,-3.11,118402,115359615.0,-18.7,-18.32,-0.48,1.25
2007-10-23,600741,-3.09,-3.21,-2.94,-3.43,101162,94355541.0,-15.81,-3.55,-0.11,1.07
2007-10-24,600741,-3.16,-3.35,-2.98,-3.37,81995,76832722.0,-12.15,-4.36,-0.14,0.87
2007-10-25,600741,-3.38,-4.1,-3.38,-4.12,165249,140770450.0,-22.09,-22.39,-0.75,1.75
2007-10-26,600741,-4.12,-4.06,-3.96,-4.25,99766,82493140.0,-7.07,0.98,0.04,1.06
2007-10-29,600741,-3.97,-3.89,-3.87,-4.22,94681,78983110.0,-8.62,4.19,0.17,1.0
2007-10-30,600741,-3.73,-3.53,-3.51,-3.74,153595,135922530.0,-5.91,9.25,0.36,1.62
2007-10-31,600741,-3.5,-3.22,-3.09,-3.5,152298,139374444.0,-11.61,8.78,0.31,1.61
2007-11-01,600741,-3.25,-3.69,-3.25,-3.7,119752,106947337.0,-13.98,-14.6,-0.47,1.27
2007-11-02,600741,-3.84,-4.01,-3.83,-4.11,106091,89504759.0,-7.59,-8.67,-0.32,1.12
2007-11-05,600741,-4.01,-3.89,-3.78,-4.11,63084,53639642.0,-8.23,2.99,0.12,0.67
2007-11-06,600741,-3.87,-3.89,-3.77,-3.99,61972,52920450.0,-5.66,0.0,0.0,0.66
2007-11-07,600741,-3.81,-3.91,-3.78,-4.04,57459,48575999.0,-6.68,-0.51,-0.02,0.61
2007-11-08,600741,-3.98,-4.19,-3.95,-4.2,60293,50143622.0,-6.39,-7.16,-0.28,0.64
2007-11-09,600741,-4.18,-4.18,-4.1,-4.27,56593,46269074.0,-4.06,0.24,0.01,0.6
2007-11-12,600741,-4.11,-3.94,-3.84,-4.19,115534,97416317.0,-8.37,5.74,0.24,1.22
2007-11-13,600741,-3.84,-3.72,-3.64,-3.96,133830,115263480.0,-8.12,5.58,0.22,1.42
2007-11-14,600741,-3.62,-3.59,-3.53,-3.8,146800,129438586.0,-7.26,3.49,0.13,1.55
2007-11-15,600741,-3.64,-3.88,-3.55,-3.91,85193,74010267.0,-10.03,-8.08,-0.29,0.9
2007-11-16,600741,-3.97,-3.75,-3.67,-4.08,69404,58697951.0,-10.57,3.35,0.13,0.73
2007-11-19,600741,-3.74,-3.59,-3.5,-3.79,91383,80775779.0,-7.73,4.27,0.16,0.97
2007-11-20,600741,-3.6,-3.62,-3.54,-3.74,85940,75998637.0,-5.57,-0.84,-0.03,0.91
2007-11-21,600741,-3.58,-3.69,-3.54,-3.75,67424,59316237.0,-5.8,-1.93,-0.07,0.71
2007-11-22,600741,-3.81,-4.0,-3.79,-4.05,73991,62960580.0,-7.05,-8.4,-0.31,0.78
2007-11-23,600741,-3.96,-3.87,-3.81,-4.07,96264,81465642.0,-6.5,3.25,0.13,1.02
2007-11-26,600741,-3.8,-4.04,-3.75,-4.07,56071,47721704.0,-8.27,-4.39,-0.17,0.59
2007-11-27,600741,-4.07,-4.04,-3.95,-4.1,35227,29455101.0,-3.71,0.0,0.0,0.37
2007-11-28,600741,-3.99,-4.09,-3.94,-4.14,35621,29676246.0,-4.95,-1.24,-0.05,0.38
2007-11-29,600741,-4.04,-3.9,-3.88,-4.14,62523,52601122.0,-6.36,4.65,0.19,0.66
2007-11-30,600741,-3.88,-4.09,-3.88,-4.11,43086,35979245.0,-5.9,-4.87,-0.19,0.46
2007-12-03,600741,-4.1,-4.04,-3.99,-4.16,32793,27260716.0,-4.16,1.22,0.05,0.35
2007-12-04,600741,-3.95,-3.99,-3.91,-4.03,34188,28845987.0,-2.97,1.24,0.05,0.36
2007-12-05,600741,-4.0,-3.85,-3.79,-4.01,74029,63368654.0,-5.51,3.51,0.14,0.78
2007-12-06,600741,-3.85,-3.84,-3.79,-3.91,50353,43161235.0,-3.12,0.26,0.01,0.53
2007-12-07,600741,-3.78,-3.65,-3.6,-3.78,106712,93570877.0,-4.69,4.95,0.19,1.13
2007-12-10,600741,-3.75,-3.44,-3.43,-3.84,137873,122334105.0,-11.23,5.75,0.21,1.46
2007-12-11,600741,-3.44,-3.49,-3.44,-3.61,121092,108505890.0,-4.94,-1.45,-0.05,1.28
2007-12-12,600741,-3.49,-3.39,-3.34,-3.58,117874,106392970.0,-6.88,2.87,0.1,1.25
2007-12-13,600741,-3.45,-3.73,-3.38,-3.74,92524,82725077.0,-10.62,-10.03,-0.34,0.98
2007-12-14,600741,-3.76,-3.6,-3.56,-3.89,78667,68611473.0,-8.85,3.49,0.13,0.83
2007-12-17,600741,-3.58,-3.58,-3.49,-3.66,74850,66679182.0,-4.72,0.56,0.02,0.79
2007-12-18,600741,-3.63,-3.65,-3.45,-3.68,42131,37503159.0,-6.42,-1.96,-0.07,0.45
2007-12-19,600741,-3.63,-3.37,-3.35,-3.63,134251,121639186.0,-7.67,7.67,0.28,1.42
2007-12-20,600741,-3.2,-3.18,-2.99,-3.2,266482,251437521.0,-6.23,5.64,0.19,2.82
2007-12-21,600741,-3.24,-3.16,-3.08,-3.32,97354,91497161.0,-7.55,0.63,0.02,1.03
2007-12-24,600741,-3.08,-3.13,-2.93,-3.17,133439,127197601.0,-7.59,0.95,0.03,1.41
2007-12-25,600741,-3.13,-3.1,-3.07,-3.18,77990,73584866.0,-3.51,0.96,0.03,0.82
2007-12-26,600741,-3.09,-2.98,-2.97,-3.11,102378,97952637.0,-4.52,3.87,0.12,1.08
2007-12-27,600741,-2.99,-2.96,-2.84,-3.01,115582,111762407.0,-5.7,0.67,0.02,1.22
2007-12-28,600741,-2.91,-2.91,-2.76,-2.95,115159,112312179.0,-6.42,1.69,0.05,1.22
2008-01-02,600741,-2.9,-2.67,-2.62,-2.9,134232,133295121.0,-9.62,8.25,0.24,1.42
2008-01-03,600741,-2.65,-2.4,-2.38,-2.78,173315,175806278.0,-14.98,10.11,0.27,1.83
2008-01-04,600741,-2.34,-2.43,-2.25,-2.51,145701,149980016.0,-10.83,-1.25,-0.03,1.54
2008-01-07,600741,-2.41,-2.36,-2.26,-2.44,118551,122957014.0,-7.41,2.88,0.07,1.25
2008-01-08,600741,-2.35,-2.71,-2.3,-2.83,210572,213266584.0,-22.46,-14.83,-0.35,2.23
2008-01-09,600741,-2.74,-2.57,-2.52,-2.82,127580,127242646.0,-11.07,5.17,0.14,1.35
2008-01-10,600741,-2.55,-2.5,-2.35,-2.65,163941,166949234.0,-11.67,2.72,0.07,1.73
2008-01-11,600741,-2.49,-2.64,-2.45,-2.76,116033,116191397.0,-12.4,-5.6,-0.14,1.23
2008-01-14,600741,-2.65,-1.81,-1.81,-2.74,438942,464526412.0,-35.23,31.44,0.83,4.64
2008-01-15,600741,-1.83,-1.64,-1.42,-1.93,665337,745061798.0,-28.18,9.39,0.17,7.04
2008-01-16,600741,-1.68,-1.71,-1.5,-1.8,269316,301095699.0,-18.29,-4.27,-0.07,2.85
2008-01-17,600741,-1.76,-2.04,-1.53,-2.37,243873,264843767.0,-49.12,-19.3,-0.33,2.58
2008-01-18,600741,-2.06,-1.5,-1.49,-2.13,216637,238451726.0,-31.37,26.47,0.54,2.29
2008-01-21,600741,-1.51,-2.04,-1.51,-2.14,182807,201235199.0,-42.0,-36.0,-0.54,1.93
2008-01-22,600741,-2.24,-2.94,-2.24,-2.94,201951,200985868.0,-34.31,-44.12,-0.9,2.14
2008-01-23,600741,-3.02,-2.42,-2.29,-3.08,231205,231580578.0,-26.87,17.69,0.52,2.45
2008-01-24,600741,-2.41,-2.04,-1.95,-2.57,244113,257077449.0,-25.62,15.7,0.38,2.58
2008-01-25,600741,-1.82,-2.07,-1.64,-2.14,345023,380200637.0,-24.51,-1.47,-0.03,3.65
2008-01-28,600741,-2.24,-2.93,-2.09,-2.96,149032,148834777.0,-42.03,-41.55,-0.86,1.58
2008-01-29,600741,-2.91,-2.63,-2.45,-2.91,68032,67480882.0,-15.7,10.24,0.3,0.72
2008-01-30,600741,-2.61,-2.79,-2.47,-2.98,76161,75732461.0,-19.39,-6.08,-0.16,0.81
2008-01-31,600741,-2.87,-3.07,-2.69,-3.09,57601,56294423.0,-14.34,-10.04,-0.28,0.61
2008-02-01,600741,-3.08,-3.59,-2.93,-3.84,91666,83042537.0,-29.64,-16.94,-0.52,0.97
2008-02-04,600741,-3.39,-2.95,-2.89,-3.39,77706,73451949.0,-13.93,17.83,0.64,0.82
2008-02-05,600741,-2.96,-2.94,-2.8,-3.12,61388,59418799.0,-10.85,0.34,0.01,0.65
2008-02-13,600741,-2.93,-2.89,-2.62,-3.01,58932,58055445.0,-13.27,1.7,0.05,0.62
2008-02-14,600741,-2.8,-2.64,-2.59,-2.81,63151,62907233.0,-7.61,8.65,0.25,0.67
2008-02-15,600741,-2.67,-2.7,-2.54,-2.84,57230,56841161.0,-11.36,-2.27,-0.06,0.61
2008-02-18,600741,-2.58,-2.54,-2.43,-2.69,77310,78385745.0,-9.63,5.93,0.16,0.82
2008-02-19,600741,-2.46,-2.47,-2.43,-2.59,68767,70154807.0,-6.3,2.76,0.07,0.73
2008-02-20,600741,-2.44,-2.74,-2.38,-2.74,82597,83359558.0,-14.57,-10.93,-0.27,0.87
2008-02-21,600741,-2.8,-2.71,-2.57,-2.89,75173,74273842.0,-11.68,1.09,0.03,0.8
2008-02-22,600741,-2.7,-2.95,-2.69,-3.09,80572,78344286.0,-14.76,-8.86,-0.24,0.85
2008-02-25,600741,-2.96,-3.43,-2.96,-3.45,73013,68144631.0,-16.61,-16.27,-0.48,0.77
2008-02-26,600741,-3.19,-3.22,-3.08,-3.47,54448,50375549.0,-11.37,6.12,0.21,0.58
2008-02-27,600741,-3.14,-2.6,-2.52,-3.28,125868,123359219.0,-23.6,19.25,0.62,1.33
2008-02-28,600741,-2.33,-2.54,-2.24,-2.54,268836,277665419.0,-11.54,2.31,0.06,2.84
2008-02-29,600741,-2.58,-2.52,-2.44,-2.69,79655,80767508.0,-9.84,0.79,0.02,0.84
2008-03-03,600741,-2.54,-2.19,-2.01,-2.64,177671,186814393.0,-25.0,13.1,0.33,1.88
2008-03-04,600741,-2.2,-2.44,-2.16,-2.44,109657,114060715.0,-12.79,-11.42,-0.25,1.16
2008-03-05,600741,-2.49,-2.39,-2.29,-2.64,81754,83745492.0,-14.34,2.05,0.05,0.86
2008-03-06,600741,-2.39,-2.1,-1.74,-2.41,238473,257123859.0,-28.03,12.13,0.29,2.52
2008-03-07,600741,-1.65,-1.71,-1.45,-1.84,736516,827119085.0,-18.57,18.57,0.39,7.79
2008-03-10,600741,-1.99,-2.3,-1.84,-2.39,208326,221721847.0,-32.16,-34.5,-0.59,2.2
2008-03-11,600741,-2.37,-1.99,-1.94,-2.49,135264,143424899.0,-23.91,13.48,0.31,1.43
2008-03-12,600741,-1.83,-2.18,-1.74,-2.24,102600,110324347.0,-25.13,-9.55,-0.19,1.09
2008-03-13,600741,-2.33,-2.59,-2.2,-2.79,128133,130552925.0,-27.06,-18.81,-0.41,1.36
2008-03-14,600741,-2.57,-2.58,-2.31,-2.66,76836,78118939.0,-13.51,0.39,0.01,0.81
2008-03-17,600741,-2.52,-3.33,-2.42,-3.42,174194,166585473.0,-38.76,-29.07,-0.75,1.84
2008-03-18,600741,-3.39,-3.79,-3.12,-3.99,154987,137558056.0,-26.13,-13.81,-0.46,1.64
2008-03-19,600741,-3.49,-3.49,-3.33,-3.74,115387,103602028.0,-10.82,7.92,0.3,1.22
2008-03-20,600741,-3.59,-3.31,-3.14,-3.97,118591,106887311.0,-23.78,5.16,0.18,1.25
2008-03-21,600741,-3.24,-3.2,-3.08,-3.34,86346,80881159.0,-7.85,3.32,0.11,0.91
2008-03-24,600741,-3.12,-3.45,-3.09,-3.49,76850,71142252.0,-12.5,-7.81,-0.25,0.81
2008-03-25,600741,-3.65,-3.2,-3.14,-3.66,75182,69594104.0,-15.07,7.25,0.25,0.8
2008-03-26,600741,-3.12,-3.3,-3.09,-3.34,46121,43097561.0,-7.81,-3.13,-0.1,0.49
2008-03-27,600741,-3.41,-3.66,-3.35,-3.68,67735,60565758.0,-10.0,-10.91,-0.36,0.72
2008-03-28,600741,-3.73,-3.39,-3.37,-3.9,63861,56945822.0,-14.48,7.38,0.27,0.68
2008-03-31,600741,-3.66,-3.68,-3.44,-3.74,41877,37165912.0,-8.85,-8.55,-0.29,0.44
2008-04-01,600741,-3.68,-4.41,-3.54,-4.41,86939,71180195.0,-23.64,-19.84,-0.73,0.92
2008-04-02,600741,-4.32,-4.77,-4.2,-4.86,90701,70052705.0,-14.97,-8.16,-0.36,0.96
2008-04-03,600741,-4.73,-4.6,-4.53,-4.95,51363,38424682.0,-8.81,3.56,0.17,0.54
2008-04-07,600741,-4.7,-4.28,-4.24,-4.76,66468,52524756.0,-11.3,6.96,0.32,0.7
2008-04-08,600741,-4.24,-3.6,-3.6,-4.28,135180,114728075.0,-15.89,15.89,0.68,1.43
2008-04-09,600741,-3.54,-3.89,-3.22,-3.91,232991,210275550.0,-19.17,-8.06,-0.29,2.46
2008-04-10,600741,-3.99,-3.57,-3.56,-4.03,87387,76202015.0,-12.08,8.23,0.32,0.92
2008-04-11,600741,-3.6,-3.61,-3.41,-3.75,64073,57076866.0,-9.52,-1.12,-0.04,0.68
2008-04-14,600741,-3.68,-4.19,-3.68,-4.2,68773,57660162.0,-14.4,-16.07,-0.58,0.73
2008-04-15,600741,-4.24,-3.89,-3.88,-4.34,57250,47020238.0,-10.98,7.16,0.3,0.61
2008-04-16,600741,-3.99,-4.0,-3.8,-4.05,43368,36902818.0,-6.43,-2.83,-0.11,0.46
2008-04-17,600741,-4.04,-4.33,-3.83,-4.49,52563,42616672.0,-16.5,-8.25,-0.33,0.56
2008-04-21,600741,-3.91,-4.51,-3.79,-4.73,72663,58985689.0,-21.71,-4.16,-0.18,0.77
2008-04-22,600741,-4.74,-4.48,-4.4,-4.87,45542,34455034.0,-10.42,0.67,0.03,0.48
2008-04-23,600741,-4.47,-4.21,-4.16,-4.61,46326,36973998.0,-10.04,6.03,0.27,0.49
2008-04-24,600741,-3.64,-3.54,-3.54,-3.92,201529,176560715.0,-9.03,15.91,0.67,2.13
2008-04-25,600741,-3.62,-3.64,-3.36,-3.76,155885,139242590.0,-11.3,-2.82,-0.1,1.65
2008-04-28,600741,-3.8,-3.69,-3.49,-3.8,74007,65238859.0,-8.52,-1.37,-0.05,0.78
2008-04-29,600741,-3.74,-3.53,-3.44,-3.74,90976,81259380.0,-8.13,4.34,0.16,0.96
2008-04-30,600741,-3.57,-3.24,-3.16,-3.62,207728,189246197.0,-13.03,8.22,0.29,2.2
2008-05-05,600741,-3.19,-3.03,-2.91,-3.23,119185,94774390.0,-9.88,6.48,0.21,1.05
2008-05-06,600741,-3.18,-3.36,-3.14,-3.41,175878,135643824.0,-8.91,-10.89,-0.33,1.55
2008-05-07,600741,-3.34,-3.7,-3.21,-3.71,124928,94034563.0,-14.88,-10.12,-0.34,1.1
2008-05-08,600741,-3.72,-3.28,-3.24,-3.76,96964,72568898.0,-14.05,11.35,0.42,0.85
2008-05-09,600741,-3.29,-3.46,-3.22,-3.59,90008,68087025.0,-11.28,-5.49,-0.18,0.79
2008-05-12,600741,-3.61,-3.3,-3.25,-3.64,79778,60499885.0,-11.27,4.62,0.16,0.7
2008-05-13,600741,-3.58,-3.53,-3.31,-3.61,94115,70528080.0,-9.09,-6.97,-0.23,0.83
2008-05-14,600741,-3.52,-3.25,-3.16,-3.57,125360,96502539.0,-11.61,7.93,0.28,1.11
2008-05-15,600741,-3.2,-2.49,-2.48,-3.2,804230,675365131.0,-22.15,23.38,0.76,7.09
2008-06-23,600741,-3.34,-3.34,-3.34,-3.34,7197,5505705.0,0.0,-34.14,-0.85,0.06
2008-06-24,600741,-4.1,-4.1,-4.1,-4.1,10292,7091188.0,0.0,-22.75,-0.76,0.09
2008-06-25,600741,-4.79,-4.24,-4.07,-4.79,809431,522667803.0,-17.56,-3.41,-0.14,7.14
2008-06-26,600741,-4.39,-4.53,-4.25,-4.72,395986,255940733.0,-11.08,-6.84,-0.29,3.49
2008-06-27,600741,-4.89,-5.15,-4.71,-5.18,278717,166624191.0,-10.38,-13.69,-0.62,2.46
2008-06-30,600741,-5.33,-5.56,-5.1,-5.67,193836,107734089.0,-11.07,-7.96,-0.41,1.71
2008-07-01,600741,-5.53,-5.5,-5.27,-5.57,165612,92063673.0,-5.4,1.08,0.06,1.46
2008-07-02,600741,-5.44,-5.47,-5.38,-5.7,136175,74482073.0,-5.82,0.55,0.03,1.2
2008-07-03,600741,-5.59,-5.36,-5.22,-5.69,195817,109028369.0,-8.59,2.01,0.11,1.73
2008-07-04,600741,-5.39,-5.44,-5.24,-5.57,138705,77395341.0,-6.16,-1.49,-0.08,1.22
2008-07-07,600741,-5.45,-5.2,-5.13,-5.51,214335,122330819.0,-6.99,4.41,0.24,1.89
2008-07-08,600741,-5.17,-5.16,-5.04,-5.33,188900,109896731.0,-5.58,0.77,0.04,1.67
2008-07-09,600741,-5.09,-4.91,-4.82,-5.16,249080,149359072.0,-6.59,4.84,0.25,2.2
2008-07-10,600741,-5.01,-5.2,-4.94,-5.24,181898,108175951.0,-6.11,-5.91,-0.29,1.6
2008-07-11,600741,-5.21,-5.0,-4.98,-5.28,132282,77286825.0,-5.77,3.85,0.2,1.17
2008-07-14,600741,-5.08,-5.01,-4.92,-5.11,107063,63903198.0,-3.8,-0.2,-0.01,0.94
2008-07-15,600741,-5.02,-5.36,-4.99,-5.39,152446,87836076.0,-7.98,-6.99,-0.35,1.34
2008-07-16,600741,-5.47,-5.87,-5.37,-5.92,135238,71641898.0,-10.26,-9.51,-0.51,1.19
2008-07-17,600741,-5.77,-5.86,-5.54,-5.99,89067,46455234.0,-7.67,0.17,0.01,0.79
2008-07-18,600741,-5.92,-5.7,-5.67,-5.99,90246,46547031.0,-5.46,2.73,0.16,0.8
2008-07-21,600741,-5.69,-5.48,-5.45,-5.78,100171,54454573.0,-5.79,3.86,0.22,0.88
2008-07-22,600741,-5.45,-4.93,-4.93,-5.51,236150,141537824.0,-10.58,10.04,0.55,2.08
2008-07-23,600741,-4.74,-4.92,-4.7,-5.08,473174,289079296.0,-7.71,0.2,0.01,4.17
2008-07-24,600741,-4.92,-4.86,-4.72,-4.98,248754,152232339.0,-5.28,1.22,0.06,2.19
2008-07-25,600741,-4.94,-4.94,-4.89,-5.04,136319,82101210.0,-3.09,-1.65,-0.08,1.2
2008-07-28,600741,-4.9,-4.88,-4.75,-4.96,152999,93720018.0,-4.25,1.21,0.06,1.35
2008-07-29,600741,-4.91,-4.98,-4.91,-5.13,121013,72348645.0,-4.51,-2.05,-0.1,1.07
2008-07-30,600741,-4.89,-4.97,-4.87,-5.05,96942,58433591.0,-3.61,0.2,0.01,0.85
2008-07-31,600741,-4.93,-5.0,-4.8,-5.01,106338,64513587.0,-4.23,-0.6,-0.03,0.94
2008-08-01,600741,-5.1,-4.63,-4.55,-5.13,187487,115171576.0,-11.6,7.4,0.37,1.65
2008-08-04,600741,-4.78,-4.83,-4.56,-4.85,151425,94957527.0,-6.26,-4.32,-0.2,1.33
2008-08-05,600741,-4.82,-4.79,-4.67,-4.86,119923,74421220.0,-3.93,0.83,0.04,1.06
2008-08-06,600741,-4.71,-4.64,-4.6,-4.85,141471,88576314.0,-5.22,3.13,0.15,1.25
2008-08-07,600741,-4.66,-4.43,-4.35,-4.69,238321,154757862.0,-7.33,4.53,0.21,2.1
2008-08-08,600741,-4.44,-4.72,-4.29,-4.8,269811,174190412.0,-11.51,-6.55,-0.29,2.38
2008-08-11,600741,-4.72,-5.17,-4.57,-5.35,241639,147107859.0,-16.53,-9.53,-0.45,2.13
2008-08-12,600741,-5.28,-4.98,-4.87,-5.49,157036,93088729.0,-11.99,3.68,0.19,1.38
2008-08-13,600741,-5.03,-4.92,-4.79,-5.28,122156,72189550.0,-9.84,1.2,0.06,1.08
2008-08-14,600741,-4.93,-4.85,-4.75,-5.03,102912,63101511.0,-5.69,1.42,0.07,0.91
2008-08-15,600741,-4.65,-4.83,-4.32,-4.85,176693,112663103.0,-10.93,0.41,0.02,1.56
2008-08-18,600741,-4.89,-4.96,-4.65,-4.98,135050,83179385.0,-6.83,-2.69,-0.13,1.19
2008-08-19,600741,-5.01,-4.7,-4.67,-5.03,118807,73159077.0,-7.26,5.24,0.26,1.05
2008-08-20,600741,-4.73,-4.19,-4.11,-4.79,291336,192827191.0,-14.47,10.85,0.51,2.57
2008-08-21,600741,-4.38,-4.3,-4.02,-4.58,242851,161843530.0,-13.37,-2.63,-0.11,2.14
2008-08-22,600741,-4.29,-4.22,-4.06,-4.41,246287,167291205.0,-8.14,1.86,0.08,2.17
2008-08-25,600741,-4.25,-4.7,-4.24,-4.72,281895,181743274.0,-11.37,-11.37,-0.48,2.48
2008-08-26,600741,-4.89,-5.33,-4.82,-5.33,202170,117763618.0,-10.85,-13.4,-0.63,1.78
2008-08-27,600741,-5.48,-5.44,-5.28,-5.64,125670,69438947.0,-6.75,-2.06,-0.11,1.11
2008-08-28,600741,-5.42,-5.44,-5.25,-5.48,69135,38754432.0,-4.23,0.0,0.0,0.61
2008-08-29,600741,-5.42,-5.38,-5.25,-5.57,106976,59944081.0,-5.88,1.1,0.06,0.94
2008-09-02,600741,-5.69,-5.65,-5.5,-5.87,86710,45991626.0,-6.88,-5.02,-0.27,0.76
2008-09-03,600741,-5.53,-5.52,-5.15,-5.59,129734,72656572.0,-7.79,2.3,0.13,1.14
2008-09-04,600741,-5.47,-5.49,-5.37,-5.59,55600,30610916.0,-3.99,0.54,0.03,0.49
2008-09-05,600741,-5.69,-5.87,-5.59,-5.96,68551,35893226.0,-6.74,-6.92,-0.38,0.6
2008-09-08,600741,-5.8,-6.3,-5.8,-6.31,89308,43588121.0,-8.69,-7.33,-0.43,0.79
2008-09-09,600741,-6.33,-6.21,-6.19,-6.33,46803,22172611.0,-2.22,1.43,0.09,0.41
2008-09-10,600741,-6.25,-6.13,-6.01,-6.28,61496,30052826.0,-4.35,1.29,0.08,0.54
2008-09-11,600741,-6.13,-6.27,-6.03,-6.29,45897,22064599.0,-4.24,-2.28,-0.14,0.4
2008-09-12,600741,-6.27,-6.36,-6.21,-6.37,37714,17652903.0,-2.55,-1.44,-0.09,0.33
2008-09-16,600741,-6.41,-6.64,-6.41,-6.69,64235,28475168.0,-4.4,-4.4,-0.28,0.57
2008-09-17,600741,-6.51,-6.9,-6.51,-6.95,64346,26904904.0,-6.63,-3.92,-0.26,0.57
2008-09-18,600741,-6.99,-7.12,-6.94,-7.31,84486,32341900.0,-5.36,-3.19,-0.22,0.74
2008-09-19,600741,-6.74,-6.73,-6.73,-6.88,85361,36099005.0,-2.11,5.48,0.39,0.75
2008-09-22,600741,-6.39,-6.47,-6.3,-6.73,197495,89346872.0,-6.39,3.86,0.26,1.74
2008-09-23,600741,-6.69,-6.83,-6.6,-6.89,82875,35135243.0,-4.48,-5.56,-0.36,0.73
2008-09-24,600741,-6.93,-6.72,-6.72,-7.01,52580,21894056.0,-4.25,1.61,0.11,0.46
2008-09-25,600741,-6.72,-6.43,-6.42,-6.75,134720,59388025.0,-4.91,4.32,0.29,1.19
2008-09-26,600741,-6.39,-6.55,-6.36,-6.63,148008,66069537.0,-4.2,-1.87,-0.12,1.3
2008-10-06,600741,-6.66,-6.82,-6.64,-6.82,53834,22868099.0,-2.75,-4.12,-0.27,0.47
2008-10-07,600741,-6.99,-6.85,-6.78,-7.05,53555,21947338.0,-3.96,-0.44,-0.03,0.47
2008-10-08,600741,-6.93,-7.01,-6.89,-7.04,45981,18440760.0,-2.19,-2.34,-0.16,0.41
2008-10-09,600741,-6.87,-7.02,-6.85,-7.04,35839,14421796.0,-2.71,-0.14,-0.01,0.32
2008-10-10,600741,-7.19,-7.04,-7.02,-7.34,61662,23325891.0,-4.56,-0.28,-0.02,0.54
2008-10-13,600741,-7.15,-6.98,-6.98,-7.22,43466,16902677.0,-3.41,0.85,0.06,0.38
2008-10-14,600741,-6.86,-7.17,-6.79,-7.17,49682,20140185.0,-5.44,-2.72,-0.19,0.44
2008-10-15,600741,-7.17,-7.18,-7.05,-7.23,25064,9592033.0,-2.51,-0.14,-0.01,0.22
2008-10-16,600741,-7.31,-7.53,-7.24,-7.54,44053,15886054.0,-4.18,-4.87,-0.35,0.39
2008-10-17,600741,-7.47,-7.52,-7.41,-7.58,28457,9888106.0,-2.26,0.13,0.01,0.25
2008-10-20,600741,-7.52,-7.44,-7.41,-7.63,36531,12691849.0,-2.93,1.06,0.08,0.32
2008-10-21,600741,-7.44,-7.31,-7.3,-7.47,71778,26009099.0,-2.28,1.75,0.13,0.63
2008-10-22,600741,-7.3,-7.34,-7.3,-7.43,47924,17310917.0,-1.78,-0.41,-0.03,0.42
2008-10-23,600741,-7.43,-7.39,-7.36,-7.48,37355,13409395.0,-1.63,-0.68,-0.05,0.33
2008-10-24,600741,-7.39,-7.52,-7.37,-7.56,36560,12823587.0,-2.57,-1.76,-0.13,0.32
2008-10-27,600741,-7.61,-7.87,-7.61,-7.87,49952,16033490.0,-3.46,-4.65,-0.35,0.44
2008-10-28,600741,-7.96,-7.79,-7.77,-7.99,50984,15957998.0,-2.8,1.02,0.08,0.45
2008-10-29,600741,-7.74,-7.89,-7.72,-7.9,45484,14386529.0,-2.31,-1.28,-0.1,0.4
2008-10-30,600741,-7.81,-7.88,-7.79,-7.91,84101,26333231.0,-1.52,0.13,0.01,0.74
2008-10-31,600741,-7.93,-8.18,-7.93,-8.19,126695,36551420.0,-3.3,-3.81,-0.3,1.12
2008-11-03,600741,-8.23,-8.35,-8.17,-8.37,63943,17403754.0,-2.44,-2.08,-0.17,0.56
2008-11-04,600741,-8.39,-8.4,-8.33,-8.44,43886,11386266.0,-1.32,-0.6,-0.05,0.39
2008-11-05,600741,-8.4,-8.29,-8.28,-8.41,79079,21043166.0,-1.55,1.31,0.11,0.7
2008-11-06,600741,-8.32,-8.21,-8.1,-8.36,151328,41992741.0,-3.14,0.97,0.08,1.33
2008-11-07,600741,-8.27,-8.2,-8.15,-8.32,60187,16606392.0,-2.07,0.12,0.01,0.53
2008-11-10,600741,-8.14,-7.98,-7.94,-8.18,117815,34497636.0,-2.93,2.68,0.22,1.04
2008-11-11,600741,-7.98,-8.07,-7.97,-8.08,90209,26731211.0,-1.38,-1.13,-0.09,0.8
2008-11-12,600741,-8.12,-8.02,-8.01,-8.13,55101,16119823.0,-1.49,0.62,0.05,0.49
2008-11-13,600741,-8.02,-7.91,-7.87,-8.07,117831,35941516.0,-2.49,1.37,0.11,1.04
2008-11-14,600741,-7.91,-7.75,-7.74,-7.92,136736,43139353.0,-2.28,2.02,0.16,1.21
2008-11-17,600741,-7.78,-7.55,-7.52,-7.83,149040,49309722.0,-4.0,2.58,0.2,1.31
2008-11-18,600741,-7.61,-7.89,-7.55,-7.89,176414,57478968.0,-4.5,-4.5,-0.34,1.56
2008-11-19,600741,-7.93,-7.69,-7.66,-7.93,110137,35432934.0,-3.42,2.53,0.2,0.97
2008-11-20,600741,-7.67,-7.36,-7.36,-7.68,335550,118472480.0,-4.16,4.29,0.33,2.96
2008-11-21,600741,-7.34,-7.3,-7.16,-7.47,455444,168504359.0,-4.21,0.82,0.06,4.01
2008-11-24,600741,-7.39,-7.66,-7.32,-7.67,177273,61447849.0,-4.79,-4.93,-0.36,1.56
2008-11-25,600741,-7.58,-7.75,-7.54,-7.89,124880,40429299.0,-4.57,-1.17,-0.09,1.1
2008-11-26,600741,-7.78,-7.77,-7.69,-7.85,72507,23282821.0,-2.06,-0.26,-0.02,0.64
2008-11-27,600741,-7.5,-7.74,-7.5,-7.75,148270,49901539.0,-3.22,0.39,0.03,1.31
2008-11-28,600741,-7.76,-7.78,-7.65,-7.84,70780,22867656.0,-2.45,-0.52,-0.04,0.62
2008-12-01,600741,-7.79,-7.62,-7.54,-7.84,125004,41487027.0,-3.86,2.06,0.16,1.1
2008-12-02,600741,-7.72,-7.64,-7.54,-7.76,118874,39834637.0,-2.89,-0.26,-0.02,1.05
2008-12-03,600741,-7.59,-7.39,-7.34,-7.63,235364,82835256.0,-3.8,3.27,0.25,2.07
2008-12-04,600741,-7.25,-7.31,-7.11,-7.38,393544,146861173.0,-3.65,1.08,0.08,3.47
2008-12-05,600741,-7.3,-7.25,-7.21,-7.41,188529,69521053.0,-2.74,0.82,0.06,1.66
2008-12-08,600741,-7.19,-7.03,-6.99,-7.29,311265,118722277.0,-4.14,3.03,0.22,2.74
2008-12-09,600741,-7.05,-7.23,-7.04,-7.24,194304,74617529.0,-2.84,-2.84,-0.2,1.71
2008-12-10,600741,-7.28,-7.17,-7.14,-7.29,134428,50771281.0,-2.07,0.83,0.06,1.18
2008-12-11,600741,-7.17,-7.36,-7.17,-7.37,146100,54268873.0,-2.79,-2.65,-0.19,1.29
2008-12-12,600741,-7.39,-7.52,-7.27,-7.66,157317,55875856.0,-5.3,-2.17,-0.16,1.39
2008-12-15,600741,-7.47,-7.52,-7.44,-7.61,83418,28892986.0,-2.26,0.0,0.0,0.74
2008-12-16,600741,-7.56,-7.49,-7.49,-7.71,76273,25830476.0,-2.93,0.4,0.03,0.67
2008-12-17,600741,-7.48,-7.5,-7.42,-7.54,88718,31158482.0,-1.6,-0.13,-0.01,0.78
2008-12-18,600741,-7.48,-7.42,-7.39,-7.56,89326,31413825.0,-2.27,1.07,0.08,0.79
2008-12-19,600741,-7.33,-7.37,-7.24,-7.39,157751,58127152.0,-2.02,0.67,0.05,1.39
2008-12-22,600741,-7.44,-7.4,-7.32,-7.48,84324,30212540.0,-2.17,-0.41,-0.03,0.74
2008-12-23,600741,-7.4,-7.69,-7.37,-7.7,99993,34458208.0,-4.46,-3.92,-0.29,0.88
2008-12-24,600741,-7.71,-7.75,-7.65,-7.79,75244,24600394.0,-1.82,-0.78,-0.06,0.66
2008-12-25,600741,-7.72,-7.73,-7.66,-7.79,55819,18195526.0,-1.68,0.26,0.02,0.49
2008-12-26,600741,-7.69,-7.7,-7.6,-7.76,76602,25402760.0,-2.07,0.39,0.03,0.68
2008-12-29,600741,-7.69,-7.79,-7.69,-7.86,49691,15858624.0,-2.21,-1.17,-0.09,0.44
2009-01-05,600741,-7.55,-7.66,-7.55,-7.72,70008,23225048.0,-2.18,1.67,0.13,0.62
2009-01-06,600741,-7.69,-7.59,-7.57,-7.71,89651,30223590.0,-1.83,0.91,0.07,0.79
2009-01-07,600741,-7.58,-7.58,-7.51,-7.62,73553,25192787.0,-1.45,0.13,0.01,0.65
2009-01-08,600741,-7.63,-7.56,-7.41,-7.65,102397,35645238.0,-3.17,0.26,0.02,0.9
2009-01-09,600741,-7.56,-7.5,-7.49,-7.6,66982,23131293.0,-1.46,0.79,0.06,0.59
2009-01-12,600741,-7.47,-7.45,-7.39,-7.51,96519,34293759.0,-1.6,0.67,0.05,0.85
2009-01-13,600741,-7.46,-7.54,-7.37,-7.55,88357,31267141.0,-2.42,-1.21,-0.09,0.78
2009-01-14,600741,-7.57,-7.44,-7.43,-7.57,86911,30528447.0,-1.86,1.33,0.1,0.77
2009-01-15,600741,-7.46,-7.37,-7.3,-7.49,161136,57909027.0,-2.55,0.94,0.07,1.42
2009-01-16,600741,-7.36,-7.28,-7.2,-7.4,220352,81643238.0,-2.71,1.22,0.09,1.94
2009-01-19,600741,-7.28,-7.32,-7.22,-7.36,130936,48538892.0,-1.92,-0.55,-0.04,1.15
2009-01-20,600741,-7.34,-7.28,-7.26,-7.36,71794,26462950.0,-1.37,0.55,0.04,0.63
2009-01-21,600741,-7.36,-6.91,-6.91,-7.39,463642,185045396.0,-6.59,5.08,0.37,4.09
2009-01-22,600741,-6.5,-6.5,-6.5,-6.5,128699,57785851.0,0.0,5.93,0.41,1.13
2009-01-23,600741,-6.19,-6.05,-6.05,-6.37,828713,397181215.0,-4.92,6.92,0.45,7.31
2009-02-02,600741,-6.04,-5.99,-5.91,-6.3,679887,331849984.0,-6.45,0.99,0.06,5.99
2009-02-03,600741,-6.11,-5.97,-5.86,-6.15,426132,211977552.0,-4.84,0.33,0.02,3.76
2009-02-04,600741,-5.99,-5.87,-5.73,-6.07,481145,246691993.0,-5.7,1.68,0.1,4.24
2009-02-05,600741,-5.9,-5.78,-5.61,-5.93,451942,234407979.0,-5.45,1.53,0.09,3.98
2009-02-06,600741,-5.82,-5.71,-5.65,-5.82,274016,144140944.0,-2.94,1.21,0.07,2.42
2009-02-09,600741,-5.67,-5.18,-5.18,-5.69,509058,286037706.0,-8.93,9.28,0.53,4.49
2009-02-10,600741,-5.09,-5.16,-4.87,-5.34,406116,239688972.0,-9.07,0.39,0.02,3.58
2009-02-11,600741,-5.24,-5.17,-4.83,-5.36,411379,243384151.0,-10.27,-0.19,-0.01,3.63
2009-02-12,600741,-5.16,-5.0,-4.99,-5.29,234166,137117357.0,-5.8,3.29,0.17,2.06
2009-02-13,600741,-5.02,-4.91,-4.88,-5.15,262531,157202630.0,-5.4,1.8,0.09,2.31
2009-02-16,600741,-4.89,-4.86,-4.84,-5.33,454282,268736931.0,-9.98,1.02,0.05,4.0
2009-02-17,600741,-4.89,-5.04,-4.82,-5.13,349234,210485134.0,-6.38,-3.7,-0.18,3.08
2009-02-18,600741,-5.14,-5.27,-5.03,-5.33,283142,164314116.0,-5.95,-4.56,-0.23,2.5
2009-02-19,600741,-5.13,-5.43,-5.06,-5.54,350984,196609612.0,-9.11,-3.04,-0.16,3.09
2009-02-20,600741,-5.38,-5.33,-5.3,-5.59,216115,120354937.0,-5.34,1.84,0.1,1.91
2009-02-23,600741,-5.37,-5.17,-5.1,-5.42,199478,115618925.0,-6.0,3.0,0.16,1.76
2009-02-24,600741,-5.2,-5.49,-5.2,-5.49,318905,178855709.0,-5.61,-6.19,-0.32,2.81
2009-02-25,600741,-5.43,-5.23,-5.12,-5.52,370902,211159182.0,-7.29,4.74,0.26,3.27
2009-02-26,600741,-5.19,-5.23,-4.79,-5.38,641150,383931692.0,-11.28,0.0,0.0,5.65
2009-02-27,600741,-5.44,-5.71,-5.3,-5.74,299673,162189298.0,-8.41,-9.18,-0.48,2.64
2009-03-02,600741,-5.79,-5.63,-5.46,-5.81,165641,89088205.0,-6.13,1.4,0.08,1.46
2009-03-03,600741,-5.81,-5.46,-5.41,-5.81,143694,77999628.0,-7.1,3.02,0.17,1.27
2009-03-04,600741,-5.49,-4.97,-4.91,-5.49,388778,230699026.0,-10.62,8.97,0.49,3.43
2009-03-05,600741,-4.99,-5.11,-4.91,-5.24,356468,211039472.0,-6.64,-2.82,-0.14,3.14
2009-03-06,600741,-5.26,-4.79,-4.64,-5.26,696344,427046403.0,-12.13,6.26,0.32,6.14
2009-03-09,600741,-4.81,-5.23,-4.76,-5.29,387406,230625621.0,-11.06,-9.19,-0.44,3.41
2009-03-10,600741,-5.29,-4.82,-4.79,-5.32,235612,140746981.0,-10.13,7.84,0.41,2.08
2009-03-11,600741,-4.64,-4.72,-4.41,-4.97,830689,526074271.0,-11.62,2.07,0.1,7.32
2009-03-12,600741,-4.75,-4.75,-4.74,-5.11,324349,197100626.0,-7.84,-0.64,-0.03,2.86
2009-03-13,600741,-4.74,-4.74,-4.56,-4.86,311506,196520781.0,-6.32,0.21,0.01,2.75
2009-03-16,600741,-4.74,-4.78,-4.71,-4.96,130033,80061199.0,-5.27,-0.84,-0.04,1.15
2009-03-17,600741,-4.79,-4.57,-4.45,-4.83,341230,219590371.0,-7.95,4.39,0.21,3.01
2009-03-18,600741,-4.54,-4.2,-4.03,-4.54,588958,396968614.0,-11.16,8.1,0.37,5.19
2009-03-19,600741,-4.23,-3.99,-3.93,-4.29,391853,270479179.0,-8.57,5.0,0.21,3.45
2009-03-20,600741,-3.99,-4.31,-3.93,-4.34,309701,209493726.0,-10.28,-8.02,-0.32,2.73
2009-03-23,600741,-4.3,-4.27,-4.1,-4.37,274412,184735806.0,-6.26,0.93,0.04,2.42
2009-03-24,600741,-4.04,-4.27,-3.94,-4.35,274359,188400950.0,-9.6,0.0,0.0,2.42
2009-03-25,600741,-4.33,-4.3,-4.04,-4.36,211703,144778985.0,-7.49,-0.7,-0.03,1.87
2009-03-26,600741,-4.22,-3.99,-3.97,-4.29,308514,213306213.0,-7.44,7.21,0.31,2.72
2009-03-27,600741,-3.94,-4.04,-3.89,-4.12,251648,174791376.0,-5.76,-1.25,-0.05,2.22
2009-03-30,600741,-3.96,-4.17,-3.95,-4.19,170748,118372429.0,-5.94,-3.22,-0.13,1.51
2009-03-31,600741,-4.27,-4.12,-4.0,-4.32,142615,97835673.0,-7.67,1.2,0.05,0.97
2009-04-01,600741,-4.11,-4.06,-3.97,-4.14,184302,128130069.0,-4.13,1.46,0.06,1.25
2009-04-02,600741,-4.05,-4.16,-4.03,-4.24,230588,157603697.0,-5.17,-2.46,-0.1,1.57
2009-04-03,600741,-4.14,-4.13,-3.97,-4.24,255100,176582578.0,-6.49,0.72,0.03,1.73
2009-04-07,600741,-4.11,-4.16,-4.04,-4.23,111861,76229738.0,-4.6,-0.73,-0.03,0.76
2009-04-08,600741,-4.2,-4.1,-3.82,-4.2,360087,251956208.0,-9.13,1.44,0.06,2.45
2009-04-09,600741,-4.07,-3.97,-3.95,-4.24,163650,112475387.0,-7.07,3.17,0.13,1.11
2009-04-10,600741,-3.94,-3.84,-3.72,-4.06,273472,195303434.0,-8.56,3.27,0.13,1.86
2009-04-13,600741,-3.74,-3.84,-3.71,-3.96,180208,128559715.0,-6.51,0.0,0.0,1.22
2009-04-14,600741,-3.84,-3.75,-3.59,-4.0,294490,213587798.0,-10.68,2.34,0.09,2.0
2009-04-15,600741,-3.84,-3.88,-3.73,-3.99,170604,121509483.0,-6.93,-3.47,-0.13,1.16
2009-04-16,600741,-3.88,-3.89,-3.75,-3.96,144685,102867792.0,-5.41,-0.26,-0.01,0.98
2009-04-17,600741,-3.81,-3.81,-3.64,-3.99,272788,195115889.0,-9.0,2.06,0.08,1.85
2009-04-21,600741,-3.63,-3.7,-3.55,-3.81,272297,198642715.0,-6.82,2.89,0.11,1.85
2009-04-22,600741,-3.65,-4.22,-3.65,-4.29,248868,176162898.0,-17.3,-14.05,-0.52,1.69
2009-04-23,600741,-4.22,-4.29,-4.16,-4.54,209675,138914086.0,-9.0,-1.66,-0.07,1.42
2009-04-24,600741,-4.15,-4.04,-3.92,-4.24,350301,243596884.0,-7.46,5.83,0.25,2.38
2009-04-27,600741,-3.99,-4.21,-3.98,-4.42,177784,119976632.0,-10.89,-4.21,-0.17,1.21
2009-04-28,600741,-4.33,-4.29,-4.15,-4.39,73649,49418536.0,-5.7,-1.9,-0.08,0.5
2009-04-29,600741,-4.28,-3.93,-3.88,-4.29,307988,216155645.0,-9.56,8.39,0.36,2.09
2009-04-30,600741,-3.69,-3.39,-3.31,-3.83,642858,478233820.0,-13.23,13.74,0.54,4.37
2009-05-04,600741,-3.32,-3.29,-3.19,-3.47,448120,342561267.0,-8.26,2.95,0.1,3.04
2009-05-05,600741,-3.18,-3.21,-3.12,-3.48,356276,273763141.0,-10.94,2.43,0.08,2.42
2009-05-06,600741,-3.34,-2.66,-2.44,-3.38,594606,486853561.0,-29.28,17.13,0.55,4.04
2009-05-07,600741,-2.67,-2.58,-2.52,-2.99,380750,314430892.0,-17.67,3.01,0.08,2.59
2009-05-08,600741,-2.69,-2.75,-2.54,-2.9,268170,221994258.0,-13.95,-6.59,-0.17,1.82
2009-05-11,600741,-2.72,-2.87,-2.5,-2.88,263677,218266459.0,-13.82,-4.36,-0.12,1.79
2009-05-12,600741,-2.94,-2.56,-2.54,-3.04,328354,268245897.0,-17.42,10.8,0.31,2.23
2009-05-13,600741,-2.61,-2.62,-2.5,-2.84,268332,223455568.0,-13.28,-2.34,-0.06,1.82
2009-05-14,600741,-2.75,-2.77,-2.65,-2.92,203615,166512772.0,-10.31,-5.73,-0.15,1.38
2009-05-15,600741,-2.75,-2.44,-2.24,-2.83,377607,323673755.0,-21.3,11.91,0.33,2.56
2009-05-18,600741,-2.44,-1.97,-1.89,-2.49,332529,296348070.0,-24.59,19.26,0.47,2.26
2009-05-19,600741,-1.94,-2.1,-1.82,-2.12,264533,237994340.0,-15.23,-6.6,-0.13,1.8
2009-05-20,600741,-1.99,-2.28,-1.92,-2.34,303140,266271050.0,-20.0,-8.57,-0.18,2.06
2009-05-21,600741,-2.38,-2.62,-2.23,-2.68,240988,204515025.0,-19.74,-14.91,-0.34,1.64
2009-05-22,600741,-2.69,-2.72,-2.49,-2.75,198402,165895441.0,-9.92,-3.82,-0.1,1.35
2009-05-25,600741,-2.94,-2.76,-2.71,-3.1,184842,149413304.0,-14.34,-1.47,-0.04,1.26
2009-05-26,600741,-2.74,-2.69,-2.48,-2.74,172806,144958849.0,-9.42,2.54,0.07,1.17
2009-05-27,600741,-2.66,-2.62,-2.57,-2.79,95217,79010299.0,-8.18,2.6,0.07,0.65
2009-06-01,600741,-2.54,-2.28,-2.04,-2.57,271512,237192625.0,-20.23,12.98,0.34,1.84
2009-06-02,600741,-2.24,-2.28,-2.07,-2.34,242317,212304695.0,-11.84,0.0,0.0,1.65
2009-06-03,600741,-2.28,-2.15,-2.14,-2.39,225585,196913297.0,-10.96,5.7,0.13,1.53
2009-06-04,600741,-2.15,-2.1,-2.03,-2.39,256024,225897467.0,-16.74,2.33,0.05,1.74
2009-06-05,600741,-2.0,-2.56,-1.96,-2.6,296765,256138114.0,-30.48,-21.9,-0.46,2.02
2009-06-08,600741,-2.55,-2.77,-2.52,-2.87,207478,170560897.0,-13.67,-8.2,-0.21,1.41
2009-06-09,600741,-2.79,-2.84,-2.65,-2.98,209673,170255667.0,-11.91,-2.53,-0.07,1.42
2009-06-10,600741,-2.81,-2.7,-2.67,-2.88,194718,160111588.0,-7.39,4.93,0.14,1.32
2009-06-11,600741,-2.7,-2.88,-2.7,-2.9,133199,108387272.0,-7.41,-6.67,-0.18,0.9
2009-06-12,600741,-2.89,-3.14,-2.84,-3.21,167752,133591054.0,-12.85,-9.03,-0.26,1.14
2009-06-15,600741,-3.18,-3.01,-3.0,-3.18,88865,70450415.0,-5.73,4.14,0.13,0.6
2009-06-16,600741,-3.09,-2.98,-2.91,-3.11,79413,63590890.0,-6.64,1.0,0.03,0.54
2009-06-17,600741,-2.97,-2.87,-2.86,-3.01,125144,101010214.0,-5.03,3.69,0.11,0.85
2009-06-18,600741,-2.83,-2.97,-2.83,-3.06,178416,142847864.0,-8.01,-3.48,-0.1,1.21
2009-06-19,600741,-2.97,-2.94,-2.9,-3.03,125054,100267221.0,-4.38,1.01,0.03,0.85
2009-06-22,600741,-2.9,-3.0,-2.87,-3.08,118263,94819484.0,-7.14,-2.04,-0.06,0.8
2009-06-23,600741,-3.05,-3.02,-2.92,-3.11,97081,77453796.0,-6.33,-0.67,-0.02,0.66
2009-06-24,600741,-3.03,-2.8,-2.77,-3.03,196793,159948284.0,-8.61,7.28,0.22,1.34
2009-06-25,600741,-2.79,-2.6,-2.59,-2.86,257041,214062727.0,-9.64,7.14,0.2,1.75
2009-06-26,600741,-2.64,-2.62,-2.53,-2.72,124372,104119398.0,-7.31,-0.77,-0.02,0.84
2009-06-29,600741,-2.62,-2.61,-2.56,-2.73,133529,111610451.0,-6.49,0.38,0.01,0.91
2009-06-30,600741,-2.61,-2.89,-2.59,-2.94,168670,137394159.0,-13.41,-10.73,-0.28,1.15
2009-07-01,600741,-2.94,-2.98,-2.85,-3.03,245174,196652584.0,-6.23,-3.11,-0.09,1.66
2009-07-02,600741,-2.9,-3.04,-2.87,-3.13,289233,229682060.0,-8.72,-2.01,-0.06,1.96
2009-07-03,600741,-3.06,-3.02,-2.98,-3.2,242742,191607641.0,-7.24,0.66,0.02,1.65
2009-07-06,600741,-3.01,-3.06,-2.99,-3.19,233334,183813668.0,-6.62,-1.32,-0.04,1.58
2009-07-07,600741,-3.05,-2.77,-2.64,-3.13,365392,298851841.0,-16.01,9.48,0.29,2.48
2009-07-08,600741,-2.78,-2.61,-2.51,-2.82,342357,287051174.0,-11.19,5.78,0.16,2.32
2009-07-09,600741,-2.57,-2.08,-1.89,-2.65,547831,477685170.0,-29.12,20.31,0.53,3.72
2009-07-10,600741,-1.99,-1.6,-1.2,-2.03,700157,662122578.0,-39.9,23.08,0.48,4.75
2009-07-13,600741,-1.25,-1.56,-1.21,-1.7,450746,428376564.0,-30.63,2.5,0.04,3.06
2009-07-14,600741,-1.59,-1.49,-1.43,-1.64,279984,265754580.0,-13.46,4.49,0.07,1.9
2009-07-15,600741,-1.36,-1.43,-1.11,-1.49,330059,317538649.0,-25.5,4.03,0.06,2.24
2009-07-16,600741,-1.46,-0.9,-0.71,-1.53,614792,607860156.0,-57.34,37.06,0.53,4.17
2009-07-17,600741,-0.94,-1.03,-0.81,-1.15,291307,290782008.0,-37.78,-14.44,-0.13,1.98
2009-07-20,600741,-0.97,-1.05,-0.82,-1.22,335836,332316171.0,-38.83,-1.94,-0.02,2.28
2009-07-21,600741,-0.96,-1.45,-0.89,-1.49,424344,414495991.0,-57.14,-38.1,-0.4,2.88
2009-07-22,600741,-1.49,-1.35,-1.26,-1.51,269611,258273806.0,-17.24,6.9,0.1,1.83
2009-07-23,600741,-1.37,-1.4,-1.19,-1.68,254476,242543222.0,-36.3,-3.7,-0.05,1.73
2009-07-24,600741,-1.44,-1.63,-1.29,-1.89,281345,265344784.0,-42.86,-16.43,-0.23,1.91
2009-07-27,600741,-1.57,-1.54,-1.45,-1.69,268289,252158237.0,-14.72,5.52,0.09,1.82
2009-07-28,600741,-1.54,-1.59,-1.51,-1.74,203746,190395220.0,-14.94,-3.25,-0.05,1.38
2009-07-29,600741,-1.54,-1.93,-1.28,-2.48,435781,408241415.0,-75.47,-21.38,-0.34,2.96
2009-07-30,600741,-1.84,-1.72,-1.69,-2.09,298737,274240415.0,-20.73,10.88,0.21,2.03
2009-07-31,600741,-1.69,-1.61,-1.55,-1.81,300864,279740767.0,-15.12,6.4,0.11,2.04
2009-08-03,600741,-1.57,-1.41,-1.39,-1.74,440698,413221298.0,-21.74,12.42,0.2,2.99
2009-08-04,600741,-1.41,-1.55,-1.41,-1.68,325864,306890570.0,-19.15,-9.93,-0.14,2.21
2009-08-05,600741,-1.56,-1.66,-1.42,-1.78,248848,234002737.0,-23.23,-7.1,-0.11,1.69
2009-08-06,600741,-1.71,-1.91,-1.69,-1.99,190249,173273419.0,-18.07,-15.06,-0.25,1.29
2009-08-07,600741,-1.89,-2.18,-1.79,-2.21,190777,171149787.0,-21.99,-14.14,-0.27,1.3
2009-08-10,600741,-2.12,-2.08,-2.0,-2.25,113673,100786754.0,-11.47,4.59,0.1,0.77
2009-08-11,600741,-2.09,-2.04,-1.95,-2.15,95853,85860941.0,-9.62,1.92,0.04,0.65
2009-08-12,600741,-2.09,-2.28,-1.97,-2.3,131661,116513974.0,-16.18,-11.76,-0.24,0.89
2009-08-13,600741,-2.27,-2.36,-2.17,-2.5,129328,111371985.0,-14.47,-3.51,-0.08,0.88
2009-08-14,600741,-2.34,-2.75,-2.25,-2.77,170665,144751765.0,-22.03,-16.53,-0.39,1.16
2009-08-17,600741,-2.79,-3.15,-2.79,-3.19,152267,121350612.0,-14.55,-14.55,-0.4,1.03
2009-08-18,600741,-3.19,-2.9,-2.83,-3.19,103432,82177054.0,-11.43,7.94,0.25,0.7
2009-08-19,600741,-2.84,-2.98,-2.55,-3.09,218411,179626060.0,-18.62,-2.76,-0.08,1.48
2009-08-20,600741,-2.93,-2.81,-2.63,-2.99,173579,141914565.0,-12.08,5.7,0.17,1.18
2009-08-21,600741,-2.77,-2.5,-2.41,-2.84,199753,168287524.0,-15.3,11.03,0.31,1.36
2009-08-24,600741,-2.49,-2.44,-2.38,-2.59,137711,117293927.0,-8.4,2.4,0.06,0.94
2009-08-25,600741,-2.49,-2.78,-2.49,-2.94,185247,152184973.0,-18.44,-13.93,-0.34,1.26
2009-08-26,600741,-2.89,-2.22,-2.13,-2.91,267307,230369188.0,-28.06,20.14,0.56,1.82
2009-08-27,600741,-2.29,-2.07,-1.91,-2.33,205931,183074811.0,-18.92,6.76,0.15,1.4
2009-08-28,600741,-2.07,-2.23,-2.07,-2.44,133334,115922563.0,-17.87,-7.73,-0.16,0.91
2009-08-31,600741,-2.4,-2.81,-2.4,-3.1,181220,148779925.0,-31.39,-26.01,-0.58,1.23
2009-09-01,600741,-2.81,-3.05,-2.71,-3.08,123200,99683142.0,-13.17,-8.54,-0.24,0.84
2009-09-02,600741,-3.06,-3.04,-2.94,-3.16,86337,68561024.0,-7.21,0.33,0.01,0.59
2009-09-03,600741,-2.91,-2.6,-2.52,-2.91,159644,132755645.0,-12.83,14.47,0.44,1.08
2009-09-04,600741,-2.58,-2.52,-2.33,-2.63,206962,175283610.0,-11.54,3.08,0.08,1.41
2009-09-07,600741,-2.42,-2.53,-2.33,-2.57,179324,153265311.0,-9.52,-0.4,-0.01,1.22
2009-09-08,600741,-2.59,-2.13,-1.99,-2.68,303295,265979295.0,-27.27,15.81,0.4,2.06
2009-09-09,600741,-2.12,-1.74,-1.6,-2.19,529999,486460392.0,-27.7,18.31,0.39,3.6
2009-09-10,600741,-1.84,-1.94,-1.64,-1.96,216856,199169765.0,-18.39,-11.49,-0.2,1.47
2009-09-11,600741,-1.92,-1.83,-1.61,-1.92,175190,162008977.0,-15.98,5.67,0.11,1.19
2009-09-14,600741,-1.7,-1.77,-1.47,-1.81,258301,240617826.0,-18.58,3.28,0.06,1.75
2009-09-15,600741,-1.79,-1.9,-1.74,-1.99,224421,203927116.0,-14.12,-7.34,-0.13,1.52
2009-09-16,600741,-1.89,-1.85,-1.79,-2.05,173045,156356725.0,-13.68,2.63,0.05,1.18
2009-09-17,600741,-1.79,-1.73,-1.64,-1.88,200945,185210842.0,-12.97,6.49,0.12,1.36
2009-09-18,600741,-1.73,-2.12,-1.61,-2.19,230730,210510129.0,-33.53,-22.54,-0.39,1.57
2009-09-21,600741,-2.11,-1.99,-1.96,-2.46,145618,127689915.0,-23.58,6.13,0.13,0.99
2009-09-22,600741,-2.09,-2.08,-1.7,-2.11,253478,232022507.0,-20.6,-4.52,-0.09,1.72
2009-09-23,600741,-2.24,-2.43,-2.01,-2.58,138333,119737078.0,-27.4,-16.83,-0.35,0.94
2009-09-24,600741,-2.52,-2.53,-2.34,-2.66,89696,76201692.0,-13.17,-4.12,-0.1,0.61
2009-09-25,600741,-2.59,-2.57,-2.37,-2.61,70991,60299916.0,-9.49,-1.58,-0.04,0.48
2009-09-28,600741,-2.55,-2.85,-2.4,-2.93,55412,46337652.0,-20.62,-10.89,-0.28,0.38
2009-09-29,600741,-2.83,-2.94,-2.73,-3.01,96305,77499650.0,-9.82,-3.16,-0.09,0.65
2009-09-30,600741,-2.84,-2.76,-2.71,-2.87,86550,70872570.0,-5.44,6.12,0.18,0.59
2009-10-09,600741,-2.65,-2.36,-2.34,-2.7,132430,112927735.0,-13.04,14.49,0.4,0.9
2009-10-12,600741,-2.31,-2.3,-2.12,-2.41,178661,156247627.0,-12.29,2.54,0.06,1.21
2009-10-13,600741,-2.26,-1.94,-1.91,-2.33,216559,193307676.0,-18.26,15.65,0.36,1.47
2009-10-14,600741,-1.88,-2.03,-1.8,-2.11,217986,196959162.0,-15.98,-4.64,-0.09,1.48
2009-10-15,600741,-1.94,-1.74,-1.69,-2.01,353156,325247719.0,-15.76,14.29,0.29,2.4
2009-10-16,600741,-1.71,-1.75,-1.65,-1.95,178304,163513197.0,-17.24,-0.57,-0.01,1.21
2009-10-19,600741,-1.8,-1.68,-1.54,-1.88,279602,261142579.0,-19.43,4.0,0.07,1.9
2009-10-20,600741,-1.65,-1.71,-1.59,-1.85,251767,233291553.0,-15.48,-1.79,-0.03,1.71
2009-10-21,600741,-1.71,-1.95,-1.71,-1.98,226756,207099690.0,-15.79,-14.04,-0.24,1.54
2009-10-22,600741,-1.98,-1.97,-1.87,-2.04,124125,112074385.0,-8.72,-1.03,-0.02,0.84
2009-10-23,600741,-1.95,-1.74,-1.64,-1.95,244659,226447346.0,-15.74,11.68,0.23,1.66
2009-10-26,600741,-1.76,-1.57,-1.54,-1.89,269142,250300986.0,-20.11,9.77,0.17,1.83
2009-10-27,600741,-1.61,-1.56,-1.24,-1.77,562309,539014596.0,-33.76,0.64,0.01,3.82
2009-10-28,600741,-1.62,-1.29,-1.27,-1.76,348691,331340619.0,-31.41,17.31,0.27,2.37
2009-10-29,600741,-1.47,-1.45,-0.99,-1.59,481783,469820456.0,-46.51,-12.4,-0.16,3.27
2009-10-30,600741,-1.33,-1.35,-1.06,-1.53,403237,393237295.0,-32.41,6.9,0.1,2.74
2009-11-02,600741,-1.44,-0.77,-0.65,-1.54,640469,643270924.0,-65.93,42.96,0.58,4.35
2009-11-03,600741,-0.74,-0.57,-0.34,-0.84,554454,577965909.0,-64.94,25.97,0.2,3.77
2009-11-04,600741,-0.55,-0.78,-0.44,-0.87,319467,329151661.0,-75.44,-36.84,-0.21,2.17
2009-11-05,600741,-0.7,-0.6,-0.58,-0.86,331346,339293852.0,-35.9,23.08,0.18,2.25
2009-11-06,600741,-0.57,-0.68,-0.39,-0.77,299999,312401917.0,-63.33,-13.33,-0.08,2.04
2009-11-09,600741,-0.66,-0.8,-0.6,-0.94,228802,233121496.0,-50.0,-17.65,-0.12,1.55
2009-11-10,600741,-0.8,-0.75,-0.57,-0.88,273812,281080338.0,-38.75,6.25,0.05,1.86
2009-11-11,600741,-0.64,-0.45,-0.38,-0.72,362111,379631172.0,-45.33,40.0,0.3,2.46
2009-11-12,600741,-0.35,-0.71,-0.35,-0.75,346821,360876870.0,-88.89,-57.78,-0.26,2.36
2009-11-13,600741,-0.76,-0.7,-0.6,-0.97,294692,300325332.0,-52.11,1.41,0.01,2.0
2009-11-16,600741,-0.66,-0.38,-0.19,-0.67,434831,462665486.0,-68.57,45.71,0.32,2.95
2009-11-17,600741,-0.34,-0.54,-0.3,-0.62,269797,281927701.0,-84.21,-42.11,-0.16,1.83
2009-11-18,600741,-0.53,-0.49,-0.28,-0.61,241392,254439129.0,-61.11,9.26,0.05,1.64
2009-11-19,600741,-0.47,-0.59,-0.41,-0.81,380864,393612455.0,-81.63,-20.41,-0.1,2.59
2009-11-20,600741,-0.65,-0.33,-0.31,-0.7,402790,422583603.0,-66.1,44.07,0.26,2.74
2009-11-23,600741,-0.32,0.15,0.26,-0.37,518755,570594792.0,-190.91,145.45,0.48,3.52
2009-11-24,600741,0.17,-0.5,0.25,-0.59,450863,489994188.0,560.0,-433.33,-0.65,3.06
2009-11-25,600741,-0.54,-0.1,-0.09,-0.54,323714,346248132.0,-90.0,80.0,0.4,2.2
2009-11-26,600741,-0.18,-0.69,-0.04,-0.89,395919,413628562.0,-850.0,-590.0,-0.59,2.69
2009-11-27,600741,-0.89,-1.2,-0.79,-1.22,276834,275901772.0,-62.32,-73.91,-0.51,1.88
2009-11-30,600741,-1.08,-0.89,-0.84,-1.19,283660,283968344.0,-29.17,25.83,0.31,1.93
2009-12-01,600741,-0.89,-0.77,-0.72,-0.94,304301,309915017.0,-24.72,13.48,0.12,2.07
2009-12-02,600741,-0.76,-0.69,-0.52,-0.76,286508,296163043.0,-31.17,10.39,0.08,1.95
2009-12-03,600741,-0.63,-0.54,-0.51,-0.85,269384,278312828.0,-49.28,21.74,0.15,1.83
2009-12-04,600741,-0.56,-0.34,-0.23,-0.8,420491,441688231.0,-105.56,37.04,0.2,2.86
2009-12-07,600741,-0.36,-0.4,-0.29,-0.53,192908,203247658.0,-70.59,-17.65,-0.06,1.31
2009-12-08,600741,-0.45,-0.59,-0.33,-0.69,194678,203469289.0,-90.0,-47.5,-0.19,1.32
2009-12-09,600741,-0.73,-0.65,-0.36,-0.79,238182,248293512.0,-72.88,-10.17,-0.06,1.62
2009-12-10,600741,-0.56,-0.32,-0.26,-0.62,357768,377158474.0,-55.38,50.77,0.33,2.43
2009-12-11,600741,-0.29,-0.22,-0.11,-0.42,390896,420580805.0,-96.88,31.25,0.1,2.65
2009-12-14,600741,-0.12,0.52,0.58,-0.24,793637,884099912.0,-372.73,336.36,0.74,5.39
2009-12-15,600741,0.39,0.3,0.6,0.21,429024,488698761.0,75.0,-42.31,-0.22,2.91
2009-12-16,600741,0.31,0.32,0.67,0.23,338016,385930243.0,146.67,6.67,0.02,2.3
2009-12-17,600741,0.25,-0.31,0.35,-0.32,317735,346330104.0,209.38,-196.88,-0.63,2.16
2009-12-18,600741,-0.48,-0.61,-0.41,-0.72,220261,229649852.0,-100.0,-96.77,-0.3,1.5
2009-12-21,600741,-0.6,-0.49,-0.43,-0.67,150073,156896505.0,-39.34,19.67,0.12,1.02
2009-12-22,600741,-0.44,-0.46,-0.2,-0.61,261997,277750680.0,-83.67,6.12,0.03,1.78
2009-12-23,600741,-0.44,0.01,0.12,-0.48,243129,262729246.0,-130.43,102.17,0.47,1.65
2009-12-24,600741,-0.01,0.5,0.58,-0.06,347629,394289884.0,6400.0,4900.0,0.49,2.36
2009-12-25,600741,0.48,0.6,0.76,0.26,379871,439461561.0,100.0,20.0,0.1,2.58
2009-12-28,600741,0.67,0.88,0.9,0.52,344165,403736448.0,63.33,46.67,0.28,2.34
2009-12-29,600741,0.85,0.55,0.86,0.31,340914,393049002.0,62.5,-37.5,-0.33,2.32
2009-12-30,600741,0.5,0.38,0.5,0.19,280800,318057405.0,56.36,-30.91,-0.17,1.91
2009-12-31,600741,0.36,0.59,0.72,0.34,209132,240193236.0,100.0,55.26,0.21,1.42
2010-01-04,600741,0.59,0.35,0.67,0.34,209110,240123638.0,55.93,-40.68,-0.24,1.42
2010-01-05,600741,0.37,0.26,0.45,0.15,219490,247365642.0,85.71,-25.71,-0.09,1.49
2010-01-06,600741,0.29,-0.06,0.32,-0.11,450603,499589518.0,165.38,-123.08,-0.32,3.06
2010-01-07,600741,-0.11,-0.36,-0.07,-0.51,531453,565239052.0,-733.33,-500.0,-0.3,3.61
2010-01-08,600741,-0.42,-0.29,-0.28,-0.54,288536,304880401.0,-72.22,19.44,0.07,1.96
2010-01-11,600741,-0.23,-0.43,-0.15,-0.52,238287,252443589.0,-127.59,-48.28,-0.14,1.62
2010-01-12,600741,-0.47,-0.15,-0.05,-0.47,282025,304251716.0,-97.67,65.12,0.28,1.92
2010-01-13,600741,-0.39,-0.4,-0.16,-0.52,234480,248688038.0,-240.0,-166.67,-0.25,1.59
2010-01-14,600741,-0.35,-0.25,-0.21,-0.48,217792,232659514.0,-67.5,37.5,0.15,1.48
2010-01-15,600741,-0.29,-0.12,-0.04,-0.31,192101,208599749.0,-108.0,52.0,0.13,1.3
2010-01-18,600741,-0.12,-0.14,-0.04,-0.36,286856,308458773.0,-266.67,-16.67,-0.02,1.95
2010-01-19,600741,-0.07,-0.15,-0.04,-0.28,201678,218227720.0,-171.43,-7.14,-0.01,1.37
2010-01-20,600741,-0.15,-0.79,-0.15,-0.83,399261,416606391.0,-453.33,-426.67,-0.64,2.71
2010-01-21,600741,-0.77,-0.72,-0.57,-0.83,162303,166854599.0,-32.91,8.86,0.07,1.1
2010-01-22,600741,-0.79,-0.97,-0.79,-1.15,225397,225410752.0,-50.0,-34.72,-0.25,1.53
2010-01-25,600741,-1.0,-1.14,-0.91,-1.15,117241,116266769.0,-24.74,-17.53,-0.17,0.8
2010-01-26,600741,-1.15,-1.45,-1.08,-1.53,144685,139568409.0,-39.47,-27.19,-0.31,0.98
2010-01-27,600741,-1.45,-1.76,-1.39,-1.79,161356,150672024.0,-27.59,-21.38,-0.31,1.1
2010-01-28,600741,-1.78,-1.75,-1.65,-1.82,145560,134666030.0,-9.66,0.57,0.01,0.99
2010-01-29,600741,-1.69,-1.75,-1.6,-1.8,108049,100286880.0,-11.43,0.0,0.0,0.73
2010-02-01,600741,-1.77,-2.16,-1.77,-2.22,258801,230137714.0,-25.71,-23.43,-0.41,1.76
2010-02-02,600741,-2.13,-2.18,-2.02,-2.19,124508,110697630.0,-7.87,-0.93,-0.02,0.85
2010-02-03,600741,-2.16,-1.91,-1.88,-2.43,176037,156192078.0,-25.23,12.39,0.27,1.2
2010-02-04,600741,-1.96,-1.94,-1.84,-2.07,131848,119124274.0,-12.04,-1.57,-0.03,0.9
2010-02-05,600741,-2.16,-2.21,-2.1,-2.29,124504,109177820.0,-9.79,-13.92,-0.27,0.85
2010-02-08,600741,-2.19,-2.23,-2.07,-2.27,89304,78915044.0,-9.05,-0.9,-0.02,0.61
2010-02-09,600741,-2.24,-2.03,-2.02,-2.24,97721,86863587.0,-9.87,8.97,0.2,0.66
2010-02-10,600741,-1.94,-1.85,-1.81,-1.99,128367,117012476.0,-8.87,8.87,0.18,0.87
2010-02-11,600741,-1.81,-1.93,-1.74,-1.95,101757,93059292.0,-11.35,-4.32,-0.08,0.69
2010-02-12,600741,-1.91,-1.75,-1.69,-1.95,132446,121908871.0,-13.47,9.33,0.18,0.9
2010-02-22,600741,-1.83,-1.88,-1.71,-1.89,95285,87319433.0,-10.29,-7.43,-0.13,0.65
2010-02-23,600741,-1.89,-1.73,-1.59,-2.11,151492,138557636.0,-27.66,7.98,0.15,1.03
2010-02-24,600741,-1.79,-1.69,-1.65,-1.89,146953,135826117.0,-13.87,2.31,0.04,1.0
2010-02-25,600741,-1.66,-1.57,-1.51,-1.72,242002,226185621.0,-12.43,7.1,0.12,1.64
2010-02-26,600741,-1.63,-1.62,-1.49,-1.66,178455,168047569.0,-10.83,-3.18,-0.05,1.21
2010-03-01,600741,-1.55,-1.61,-1.55,-1.68,152279,142915148.0,-8.02,0.62,0.01,1.03
2010-03-02,600741,-1.62,-1.73,-1.57,-1.78,168259,156306523.0,-13.04,-7.45,-0.12,1.14
2010-03-03,600741,-1.73,-1.59,-1.57,-1.76,176778,164707346.0,-10.98,8.09,0.14,1.2
2010-03-04,600741,-1.57,-1.9,-1.43,-1.93,277892,259348125.0,-31.45,-19.5,-0.31,1.89
2010-03-05,600741,-1.87,-1.77,-1.72,-2.0,148486,135511459.0,-14.74,6.84,0.13,1.01
2010-03-08,600741,-1.79,-1.76,-1.7,-1.82,110452,101986483.0,-6.78,0.56,0.01,0.75
2010-03-09,600741,-1.74,-1.55,-1.53,-1.8,183830,172042030.0,-15.34,11.93,0.21,1.25
2010-03-10,600741,-1.53,-1.76,-1.52,-1.84,156259,144633090.0,-20.65,-13.55,-0.21,1.06
2010-03-11,600741,-1.76,-1.92,-1.74,-2.01,135670,123272325.0,-15.34,-9.09,-0.16,0.92
2010-03-12,600741,-1.91,-2.06,-1.87,-2.09,94399,84965878.0,-11.46,-7.29,-0.14,0.64
2010-03-15,600741,-2.05,-2.19,-2.04,-2.24,91299,80525872.0,-9.71,-6.31,-0.13,0.62
2010-03-16,600741,-2.19,-2.11,-2.11,-2.23,60991,53840387.0,-5.48,3.65,0.08,0.41
2010-03-17,600741,-2.11,-1.95,-1.95,-2.21,226432,201095085.0,-12.32,7.58,0.16,1.54
2010-03-18,600741,-1.97,-2.05,-1.96,-2.07,143239,128563820.0,-5.64,-5.13,-0.1,0.97
2010-03-19,600741,-2.05,-1.94,-1.92,-2.09,116937,105108140.0,-8.29,5.37,0.11,0.79
2010-03-22,600741,-1.94,-1.93,-1.88,-2.01,110970,100244144.0,-6.7,0.52,0.01,0.75
2010-03-23,600741,-1.94,-2.1,-1.93,-2.12,130159,116243912.0,-9.84,-8.81,-0.17,0.88
2010-03-24,600741,-2.1,-2.09,-2.05,-2.12,85408,76056999.0,-3.33,0.48,0.01,0.58
2010-03-25,600741,-2.08,-2.07,-2.02,-2.14,105764,94322934.0,-5.74,0.96,0.02,0.72
2010-03-26,600741,-2.07,-1.78,-1.66,-2.09,271368,248878388.0,-20.77,14.01,0.29,1.84
2010-03-29,600741,-1.74,-1.68,-1.62,-1.79,229608,213130302.0,-9.55,5.62,0.1,1.56
2010-03-30,600741,-1.55,-1.5,-1.36,-1.58,400905,382457439.0,-13.1,10.71,0.18,2.72
2010-03-31,600741,-1.45,-1.57,-1.4,-1.6,241548,229244142.0,-13.33,-4.67,-0.07,1.64
2010-04-01,600741,-1.55,-1.15,-1.0,-1.55,422029,413059477.0,-35.03,26.75,0.42,2.87
2010-04-02,600741,-1.14,-1.04,-0.94,-1.2,301324,299359141.0,-22.61,9.57,0.11,2.05
2010-04-06,600741,-0.95,-1.14,-0.79,-1.24,321745,319414389.0,-43.27,-9.62,-0.1,2.18
2010-04-07,600741,-0.92,-0.96,-0.82,-1.06,328174,329393121.0,-21.05,15.79,0.18,2.23
2010-04-08,600741,-0.95,-1.11,-0.85,-1.14,259229,259018837.0,-30.21,-15.63,-0.15,1.76
2010-04-09,600741,-1.08,-0.93,-0.88,-1.1,181061,181627760.0,-19.82,16.22,0.18,1.23
2010-04-12,600741,-0.87,-0.85,-0.74,-1.02,243439,246022394.0,-30.11,8.6,0.08,1.65
2010-04-13,600741,-0.81,-0.98,-0.75,-1.19,276488,277836750.0,-51.76,-15.29,-0.13,1.88
2010-04-14,600741,-0.99,-0.87,-0.85,-1.18,183671,184638758.0,-33.67,11.22,0.11,1.25
2010-04-15,600741,-0.73,-0.67,-0.6,-0.79,387872,399415418.0,-21.84,22.99,0.2,2.63
2010-04-16,600741,-0.66,-0.79,-0.64,-0.88,192384,196453336.0,-35.82,-17.91,-0.12,1.31
2010-04-19,600741,-0.91,-1.31,-0.89,-1.32,255046,252158910.0,-54.43,-65.82,-0.52,1.73
2010-04-20,600741,-1.29,-1.24,-1.11,-1.43,219068,213584211.0,-24.43,5.34,0.07,1.49
2010-04-21,600741,-1.29,-1.16,-1.15,-1.36,294053,286918606.0,-16.94,6.45,0.08,2.0
2010-04-22,600741,-1.16,-0.88,-0.81,-1.19,479798,482671293.0,-32.76,24.14,0.28,3.26
2010-04-23,600741,-0.89,-1.06,-0.84,-1.16,276796,276287903.0,-36.36,-20.45,-0.18,1.88
2010-04-26,600741,-1.04,-0.97,-0.83,-1.1,214473,215779495.0,-25.47,8.49,0.09,1.46
2010-04-27,600741,-0.96,-1.11,-0.95,-1.32,216222,212097612.0,-38.14,-14.43,-0.14,1.47
2010-04-28,600741,-1.25,-1.1,-1.01,-1.29,160534,158039445.0,-25.23,0.9,0.01,1.09
2010-04-29,600741,-1.11,-1.2,-0.95,-1.22,221414,220272015.0,-24.55,-9.09,-0.1,1.5
2010-04-30,600741,-1.14,-1.48,-1.12,-1.58,172468,164948203.0,-38.33,-23.33,-0.28,1.17
2010-05-04,600741,-1.52,-1.62,-1.42,-1.69,110878,104620178.0,-18.24,-9.46,-0.14,0.75
2010-05-05,600741,-1.7,-1.57,-1.53,-2.04,206725,189729172.0,-31.48,3.09,0.05,1.4
2010-05-06,600741,-1.57,-2.02,-1.57,-2.03,198189,180774910.0,-29.3,-28.66,-0.45,1.35
2010-05-07,600741,-2.24,-2.18,-2.09,-2.36,169756,148467816.0,-13.37,-7.92,-0.16,1.15
2010-05-10,600741,-2.18,-2.18,-2.1,-2.39,114508,100264448.0,-13.3,0.0,0.0,0.78
2010-05-11,600741,-2.04,-2.4,-1.99,-2.41,116174,102122865.0,-19.27,-10.09,-0.22,0.79
2010-05-12,600741,-2.48,-2.49,-2.43,-2.75,125457,105628912.0,-13.33,-3.75,-0.09,0.85
2010-05-13,600741,-2.49,-2.24,-2.2,-2.57,112178,96631839.0,-14.86,10.04,0.25,0.76
2010-05-14,600741,-2.34,-2.37,-2.26,-2.42,78720,68071982.0,-7.14,-5.8,-0.13,0.53
2010-05-17,600741,-2.5,-2.96,-2.46,-2.99,99780,82626859.0,-22.36,-24.89,-0.59,0.68
2010-05-18,600741,-2.99,-2.84,-2.72,-3.08,101539,82291898.0,-12.16,4.05,0.12,0.69
2010-05-19,600741,-2.83,-2.87,-2.71,-2.9,75978,62090029.0,-6.69,-1.06,-0.03,0.52
2010-05-20,600741,-2.94,-2.98,-2.77,-3.03,66782,54091458.0,-9.06,-3.83,-0.11,0.45
2010-05-21,600741,-3.18,-2.86,-2.86,-3.24,89430,71301707.0,-12.75,4.03,0.12,0.61
2010-05-24,600741,-2.79,-2.49,-2.42,-2.81,182068,153581123.0,-13.64,12.94,0.37,1.24
2010-05-25,600741,-2.58,-2.71,-2.51,-2.8,99747,83308492.0,-11.65,-8.84,-0.22,0.68
2010-05-26,600741,-2.69,-2.67,-2.58,-2.71,72455,60447668.0,-4.8,1.48,0.04,0.49
2010-05-28,600741,-2.38,-2.55,-2.34,-2.61,112935,95902507.0,-10.11,4.49,0.12,0.77
2010-05-31,600741,-2.57,-2.8,-2.5,-2.81,79942,67066228.0,-12.16,-9.8,-0.25,0.54
2010-06-01,600741,-2.79,-2.86,-2.72,-3.0,75466,61212042.0,-10.0,-2.14,-0.06,0.51
2010-06-02,600741,-2.84,-2.76,-2.73,-2.93,68502,55998348.0,-6.99,3.5,0.1,0.47
2010-06-03,600741,-2.77,-2.66,-2.51,-2.85,159592,133336074.0,-12.32,3.62,0.1,1.08
2010-06-04,600741,-2.69,-2.53,-2.47,-2.71,106958,90130451.0,-9.02,4.89,0.13,0.73
2010-06-07,600741,-2.7,-2.65,-2.6,-2.74,73842,61541838.0,-5.53,-4.74,-0.12,0.5
2010-06-08,600741,-2.67,-2.53,-2.35,-2.67,147420,124998058.0,-12.08,4.53,0.12,1.0
2010-06-09,600741,-2.44,-2.4,-2.38,-2.56,105162,89736668.0,-7.11,5.14,0.13,0.71
2010-06-10,600741,-2.41,-2.3,-2.23,-2.48,101808,88237168.0,-10.42,4.17,0.1,0.69
2010-06-11,600741,-2.27,-2.23,-2.21,-2.33,104281,91060361.0,-5.22,3.04,0.07,0.71
2010-06-17,600741,-2.2,-2.2,-2.06,-2.22,104043,91896506.0,-7.17,1.35,0.03,0.71
2010-06-18,600741,-2.17,-2.44,-2.17,-2.48,81850,68427347.0,-14.09,-10.91,-0.24,0.56
2010-06-21,600741,-2.45,-2.33,-2.3,-2.59,79302,65399897.0,-11.89,4.51,0.11,0.54
2010-06-22,600741,-2.15,-2.21,-2.13,-2.27,79662,67541975.0,-6.01,5.15,0.12,0.54
2010-06-23,600741,-2.24,-2.26,-2.16,-2.35,44598,37525367.0,-8.6,-2.26,-0.05,0.3
2010-06-24,600741,-2.26,-2.32,-2.2,-2.33,53981,45348132.0,-5.75,-2.65,-0.06,0.37
2010-06-25,600741,-2.32,-2.3,-2.25,-2.57,88470,73006366.0,-13.79,0.86,0.02,0.6
2010-06-28,600741,-2.33,-2.27,-2.22,-2.41,59452,49594489.0,-8.26,1.3,0.03,0.4
2010-06-29,600741,-2.27,-2.47,-2.25,-2.54,113038,92888114.0,-12.78,-8.81,-0.2,0.77
2010-06-30,600741,-2.54,-2.61,-2.46,-2.76,74501,59923259.0,-12.15,-5.67,-0.14,0.51
2010-07-01,600741,-2.66,-2.78,-2.57,-2.87,59691,47493743.0,-11.49,-6.51,-0.17,0.41
2010-07-02,600741,-2.84,-2.87,-2.78,-3.26,110625,85022241.0,-17.27,-3.24,-0.09,0.75
2010-07-05,600741,-3.03,-3.05,-2.94,-3.13,46357,35330052.0,-6.62,-6.27,-0.18,0.31
2010-07-06,600741,-3.04,-2.89,-2.84,-3.05,50826,39401965.0,-6.89,5.25,0.16,0.35
2010-07-07,600741,-2.89,-2.63,-2.62,-2.92,95384,75573623.0,-10.38,9.0,0.26,0.65
2010-07-08,600741,-2.59,-2.33,-2.28,-2.59,184756,152657336.0,-11.79,11.41,0.3,1.25
2010-07-09,600741,-2.33,-2.1,-1.91,-2.49,160024,136660686.0,-24.89,9.87,0.23,1.09
2010-07-12,600741,-2.14,-2.07,-1.91,-2.16,106886,92735799.0,-11.9,1.43,0.03,0.73
2010-07-13,600741,-2.11,-2.11,-2.0,-2.31,103466,88024915.0,-14.98,-1.93,-0.04,0.7
2010-07-14,600741,-2.15,-1.8,-1.64,-2.15,296058,262782030.0,-24.17,14.69,0.31,2.01
2010-07-15,600741,-1.79,-1.89,-1.71,-1.94,141492,125672950.0,-12.78,-5.0,-0.09,0.96
2010-07-16,600741,-1.92,-1.8,-1.79,-1.97,76114,66914914.0,-9.52,4.76,0.09,0.52
2010-07-19,600741,-1.84,-1.71,-1.69,-1.95,166177,148059050.0,-14.44,5.0,0.09,1.13
2010-07-20,600741,-1.57,-1.49,-1.38,-1.58,284750,262348854.0,-11.7,12.87,0.22,1.93
2010-07-21,600741,-1.45,-1.53,-1.44,-1.55,174974,160622018.0,-7.38,-2.68,-0.04,1.19
2010-07-22,600741,-1.56,-1.48,-1.36,-1.56,110780,102064089.0,-13.07,3.27,0.05,0.75
2010-07-23,600741,-1.44,-1.63,-1.42,-1.75,167575,151738599.0,-22.3,-10.14,-0.15,1.14
2010-07-26,600741,-1.63,-1.6,-1.53,-1.68,133282,120917300.0,-9.2,1.84,0.03,0.91
2010-07-27,600741,-1.61,-1.5,-1.46,-1.68,152183,138864422.0,-13.75,6.25,0.1,1.03
2010-07-28,600741,-1.5,-1.35,-1.32,-1.54,173211,160778003.0,-14.67,10.0,0.15,1.18
2010-07-29,600741,-1.31,-1.24,-1.12,-1.32,214491,202631523.0,-14.81,8.15,0.11,1.46
2010-07-30,600741,-1.26,-1.29,-1.21,-1.38,109182,102377376.0,-13.71,-4.03,-0.05,0.74
2010-08-02,600741,-1.35,-1.05,-1.03,-1.35,155452,148008367.0,-24.81,18.6,0.24,1.06
2010-08-03,600741,-1.06,-1.22,-0.92,-1.24,221314,212994490.0,-30.48,-16.19,-0.17,1.5
2010-08-04,600741,-1.25,-1.08,-1.01,-1.36,186181,177206985.0,-28.69,11.48,0.14,1.26
2010-08-05,600741,-1.07,-1.0,-0.87,-1.13,243477,235789387.0,-24.07,7.41,0.08,1.65
2010-08-06,600741,-1.02,-0.97,-0.92,-1.07,188372,182446501.0,-15.0,3.0,0.03,1.28
2010-08-09,600741,-0.96,-0.68,-0.61,-0.96,233741,232485716.0,-36.08,29.9,0.29,1.59
2010-08-10,600741,-0.69,-1.15,-0.62,-1.16,255897,250335134.0,-79.41,-69.12,-0.47,1.74
2010-08-11,600741,-1.21,-0.87,-0.82,-1.22,222445,216215345.0,-34.78,24.35,0.28,1.51
2010-08-12,600741,-0.97,-0.8,-0.62,-1.03,308062,306690372.0,-47.13,8.05,0.07,2.09
2010-08-13,600741,-0.77,-0.59,-0.48,-0.79,278208,280282538.0,-38.75,26.25,0.21,1.89
2010-08-16,600741,-0.57,-0.32,-0.2,-0.61,245508,253808362.0,-69.49,45.76,0.27,1.67
2010-08-17,600741,-0.32,-0.26,-0.18,-0.4,179754,186573477.0,-68.75,18.75,0.06,1.22
2010-08-18,600741,-0.28,-0.1,-0.03,-0.32,247835,261609196.0,-111.54,61.54,0.16,1.68
2010-08-19,600741,-0.13,-0.2,-0.06,-0.26,134007,140516602.0,-200.0,-100.0,-0.1,0.91
2010-08-20,600741,-0.23,-0.54,-0.23,-0.55,170672,174546632.0,-160.0,-170.0,-0.34,1.16
2010-08-23,600741,-0.61,-0.54,-0.37,-0.61,105167,107079383.0,-44.44,0.0,0.0,0.71
2010-08-24,600741,-0.55,-0.37,-0.32,-0.7,161151,164045309.0,-70.37,31.48,0.17,1.09
2010-08-25,600741,-0.42,-0.67,-0.4,-0.69,126809,128104785.0,-78.38,-81.08,-0.3,0.86
2010-08-26,600741,-0.66,-0.75,-0.56,-0.86,138661,138296483.0,-44.78,-11.94,-0.08,0.94
2010-08-27,600741,-0.78,-0.37,-0.33,-0.81,236249,239108534.0,-64.0,50.67,0.38,1.6
2010-08-30,600741,-0.34,0.38,0.62,-0.34,406223,443344256.0,-259.46,202.7,0.75,2.76
2010-08-31,600741,0.36,0.53,0.89,0.26,322714,365260730.0,165.79,39.47,0.15,2.19
2010-09-01,600741,0.58,0.48,0.65,0.23,245218,272852833.0,79.25,-9.43,-0.05,1.67
2010-09-02,600741,0.56,1.32,1.53,0.56,452360,538090497.0,202.08,175.0,0.84,3.07
2010-09-03,600741,1.38,1.38,1.76,1.29,308230,376608770.0,35.61,4.55,0.06,2.09
2010-09-06,600741,1.52,1.49,1.6,1.2,183637,221199115.0,28.99,7.97,0.11,1.25
2010-09-07,600741,1.5,1.82,1.85,1.36,265574,328016260.0,32.89,22.15,0.33,1.8
2010-09-08,600741,1.73,1.71,1.93,1.58,153577,190873805.0,19.23,-6.04,-0.11,1.04
2010-09-09,600741,1.71,1.32,2.03,1.23,219428,269358315.0,46.78,-22.81,-0.39,1.49
2010-09-10,600741,1.33,1.38,1.71,0.96,260509,312851057.0,56.82,4.55,0.06,1.77
2010-09-13,600741,1.34,1.79,1.85,1.34,228000,282427181.0,36.96,29.71,0.41,1.55
2010-09-14,600741,1.98,2.02,2.29,1.91,263847,336834293.0,21.23,12.85,0.23,1.79
2010-09-15,600741,2.01,1.65,2.01,1.56,127693,158847426.0,22.28,-18.32,-0.37,0.87
2010-09-16,600741,1.63,1.23,1.76,1.11,198043,237678174.0,39.39,-25.45,-0.42,1.34
2010-09-17,600741,1.28,1.35,1.46,1.13,152842,182921936.0,26.83,9.76,0.12,1.04
2010-09-20,600741,1.42,1.34,1.5,1.17,126963,152981288.0,24.44,-0.74,-0.01,0.86
2010-09-21,600741,1.37,1.35,1.49,1.19,82094,98575016.0,22.39,0.75,0.01,0.56
2010-09-27,600741,1.44,1.92,1.93,1.44,161697,201795988.0,36.3,42.22,0.57,1.1
2010-09-28,600741,1.93,1.9,2.22,1.81,143483,181791433.0,21.35,-1.04,-0.02,0.97
2010-09-29,600741,1.92,1.78,2.01,1.59,128958,160257750.0,22.11,-6.32,-0.12,0.88
2010-09-30,600741,1.75,2.16,2.26,1.69,170114,216996230.0,32.02,21.35,0.38,1.16
2010-10-08,600741,2.33,2.49,2.57,2.09,183522,240036878.0,22.22,15.28,0.33,1.25
2010-10-11,600741,2.49,2.3,2.73,2.23,175848,231437212.0,20.08,-7.63,-0.19,1.19
2010-10-12,600741,2.28,3.58,3.59,2.28,313311,438686439.0,56.96,55.65,1.28,2.13
2010-10-13,600741,3.53,3.53,3.82,3.38,165360,235949462.0,12.29,-1.4,-0.05,1.12
2010-10-14,600741,3.54,2.57,3.63,2.43,237464,323374827.0,33.99,-27.2,-0.96,1.61
2010-10-15,600741,2.57,2.69,3.28,2.48,225867,304942283.0,31.13,4.67,0.12,1.53
2010-10-18,600741,2.8,2.27,2.91,1.53,359037,457648200.0,51.3,-15.61,-0.42,2.44
2010-10-19,600741,2.22,2.91,2.93,1.96,171193,226547127.0,42.73,28.19,0.64,1.16
2010-10-20,600741,2.53,3.41,3.59,2.46,247111,344663271.0,38.83,17.18,0.5,1.68
2010-10-21,600741,3.46,3.33,3.97,3.15,203005,289914376.0,24.05,-2.35,-0.08,1.38
2010-10-22,600741,3.31,3.59,3.74,3.23,136094,192947906.0,15.32,7.81,0.26,0.92
2010-10-25,600741,3.72,4.03,4.23,3.71,226536,331899259.0,14.48,12.26,0.44,1.54
2010-10-26,600741,4.02,3.5,4.02,3.41,237263,339967353.0,15.14,-13.15,-0.53,1.61
2010-10-27,600741,3.58,3.28,3.63,3.13,175362,245796683.0,14.29,-6.29,-0.22,1.19
2010-10-28,600741,3.28,2.9,3.53,2.68,269697,367788609.0,25.91,-11.59,-0.38,1.83
2010-10-29,600741,3.17,3.07,3.25,2.91,192843,265392157.0,11.72,5.86,0.17,1.31
2010-11-01,600741,3.09,3.38,3.42,2.79,388893,535110925.0,20.52,10.1,0.31,2.64
2010-11-02,600741,3.34,2.95,3.4,2.85,351758,486108970.0,16.27,-12.72,-0.43,2.39
2010-11-03,600741,2.92,2.61,3.12,2.59,204794,276817208.0,17.97,-11.53,-0.34,1.39
2010-11-04,600741,2.61,3.05,3.08,2.44,212210,285031212.0,24.52,16.86,0.44,1.44
2010-11-05,600741,3.13,2.99,3.21,2.78,212978,289225608.0,14.1,-1.97,-0.06,1.45
2010-11-08,600741,3.03,3.33,3.46,2.84,363392,502513239.0,20.74,11.37,0.34,2.47
2010-11-09,600741,3.23,3.09,3.34,2.84,299489,409884423.0,15.02,-7.21,-0.24,2.03
2010-11-10,600741,3.09,3.12,3.32,2.93,296851,408540789.0,12.62,0.97,0.03,2.02
2010-11-11,600741,2.98,3.29,3.47,2.95,361164,503793199.0,16.67,5.45,0.17,2.45
2010-11-12,600741,3.23,2.09,3.23,1.96,353931,469399071.0,38.6,-36.47,-1.2,2.4
2010-11-15,600741,1.99,2.12,2.29,1.88,121724,154684545.0,19.62,1.44,0.03,0.83
2010-11-16,600741,2.13,1.25,2.23,1.01,382319,465088412.0,57.55,-41.04,-0.87,2.6
2010-11-17,600741,1.13,0.75,1.29,0.44,249145,287693793.0,68.0,-40.0,-0.5,1.69
2010-11-18,600741,0.79,0.97,1.17,0.71,184102,214639270.0,61.33,29.33,0.22,1.25
2010-11-19,600741,1.09,0.99,1.11,0.69,141658,164445190.0,43.3,2.06,0.02,0.96
2010-11-22,600741,0.91,1.02,1.19,0.79,110042,128863948.0,40.4,3.03,0.03,0.75
2010-11-23,600741,0.97,0.65,1.1,0.48,131025,149813858.0,60.78,-36.27,-0.37,0.89
2010-11-24,600741,0.5,1.21,1.33,0.5,131532,153278561.0,127.69,86.15,0.56,0.89
2010-11-25,600741,1.29,1.63,1.8,1.26,185279,226111542.0,44.63,34.71,0.42,1.26
2010-11-26,600741,1.58,1.49,1.72,1.32,115430,140310686.0,24.54,-8.59,-0.14,0.78
2010-11-29,600741,1.46,1.26,1.46,1.08,147088,174896372.0,25.5,-15.44,-0.23,1.0
2010-11-30,600741,1.25,0.92,1.37,0.37,218358,253641957.0,79.37,-26.98,-0.34,1.48
2010-12-01,600741,0.82,0.73,0.89,0.63,97649,111456537.0,28.26,-20.65,-0.19,0.66
2010-12-02,600741,0.91,0.72,1.0,0.69,111325,128008821.0,42.47,-1.37,-0.01,0.76
2010-12-03,600741,0.7,0.87,1.04,0.7,114736,132654255.0,47.22,20.83,0.15,0.78
2010-12-06,600741,0.86,0.55,1.07,0.53,104718,119302324.0,62.07,-36.78,-0.32,0.71
2010-12-07,600741,0.53,0.63,0.72,0.32,103876,115969038.0,72.73,14.55,0.08,0.71
2010-12-08,600741,0.63,0.4,0.66,0.33,135124,151333044.0,52.38,-36.51,-0.23,0.92
2010-12-09,600741,0.33,-0.05,0.52,-0.12,251613,272110703.0,160.0,-112.5,-0.45,1.71
2010-12-10,600741,-0.05,0.1,0.14,-0.11,122972,131345252.0,-500.0,300.0,0.15,0.84
2010-12-13,600741,0.24,1.18,1.18,0.24,476531,550495164.0,940.0,1080.0,1.08,3.24
2010-12-14,600741,1.43,1.41,1.51,1.23,403309,485902219.0,23.73,19.49,0.23,2.74
2010-12-15,600741,1.33,1.1,1.36,1.07,222133,263308418.0,20.57,-21.99,-0.31,1.51
2010-12-16,600741,1.05,1.12,1.32,1.05,132816,157240342.0,24.55,1.82,0.02,0.9
2010-12-17,600741,1.14,1.16,1.18,1.01,75580,88922509.0,15.18,3.57,0.04,0.51
2010-12-20,600741,1.24,0.8,1.29,0.41,208799,240249804.0,75.86,-31.03,-0.36,1.42
2010-12-21,600741,0.8,0.91,1.0,0.7,155419,179134342.0,37.5,13.75,0.11,1.06
2010-12-22,600741,0.88,0.9,1.21,0.8,192347,224463541.0,45.05,-1.1,-0.01,1.31
2010-12-23,600741,0.83,0.57,0.87,0.48,143777,162473160.0,43.33,-36.67,-0.33,0.98
2010-12-24,600741,0.55,0.24,0.55,0.13,126917,139490846.0,73.68,-57.89,-0.33,0.86
2010-12-27,600741,0.35,-0.22,0.41,-0.29,241671,258590329.0,291.67,-191.67,-0.46,1.64
2010-12-28,600741,-0.29,-0.59,-0.27,-0.67,160371,162932711.0,-181.82,-168.18,-0.37,1.09
2010-12-29,600741,-0.57,-0.32,-0.32,-0.58,99406,101701976.0,-44.07,45.76,0.27,0.68
2010-12-30,600741,-0.34,-0.58,-0.34,-0.69,247303,248940727.0,-109.38,-81.25,-0.26,1.68
2010-12-31,600741,-0.59,-0.46,-0.42,-0.65,146834,148927311.0,-39.66,20.69,0.12,1.0
2011-01-04,600741,-0.39,-0.19,-0.13,-0.67,307770,316040943.0,-117.39,58.7,0.27,2.09
2011-01-05,600741,-0.29,-0.19,-0.07,-0.36,183593,192018551.0,-152.63,0.0,0.0,1.25
2011-01-06,600741,-0.19,-0.26,-0.07,-0.33,120454,125904038.0,-136.84,-36.84,-0.07,0.82
2011-01-07,600741,-0.26,0.17,0.47,-0.27,324202,351122329.0,-284.62,165.38,0.43,2.2
2011-01-10,600741,0.17,0.02,0.57,-0.05,235147,258282810.0,364.71,-88.24,-0.15,1.6
2011-01-11,600741,-0.02,0.18,0.22,-0.06,106395,114926636.0,1400.0,800.0,0.16,0.72
2011-01-12,600741,0.23,0.42,0.69,0.12,230366,255985903.0,316.67,133.33,0.24,1.56
2011-01-13,600741,0.53,0.56,0.75,0.43,191568,216160300.0,76.19,33.33,0.14,1.3
2011-01-14,600741,0.51,0.2,0.53,0.09,149155,163281304.0,78.57,-64.29,-0.36,1.01
2011-01-17,600741,0.0,-0.1,0.31,-0.17,145202,155686753.0,240.0,-150.0,-0.3,0.99
2011-01-18,600741,-0.16,0.08,0.13,-0.26,82786,87692931.0,-390.0,180.0,0.18,0.56
2011-01-19,600741,0.08,0.42,0.43,0.0,113623,123945233.0,0.0,425.0,0.34,0.77
2011-01-20,600741,0.41,-0.18,0.46,-0.19,148571,159504608.0,154.76,-142.86,-0.6,1.01
2011-01-21,600741,-0.2,0.38,0.48,-0.28,219468,238327363.0,-422.22,311.11,0.56,1.49
2011-01-24,600741,0.31,0.45,0.62,0.25,168391,187333793.0,97.37,18.42,0.07,1.14
2011-01-25,600741,0.45,0.3,0.48,0.02,96902,105482875.0,102.22,-33.33,-0.15,0.66
2011-01-26,600741,0.28,0.43,0.48,0.27,105647,116952725.0,70.0,43.33,0.13,0.72
2011-01-27,600741,0.43,1.11,1.21,0.34,398063,462003882.0,202.33,158.14,0.68,2.7
2011-01-28,600741,1.01,1.35,1.59,0.96,358093,432130900.0,56.76,21.62,0.24,2.43
2011-01-31,600741,1.35,1.79,1.92,1.25,277687,340374853.0,49.63,32.59,0.44,1.89
2011-02-01,600741,1.69,1.55,1.86,1.53,161868,199650266.0,18.44,-13.41,-0.24,1.1
2011-02-09,600741,1.45,1.25,1.86,1.01,210943,257614624.0,54.84,-19.35,-0.3,1.43
2011-02-10,600741,1.18,2.12,2.22,1.18,410122,516351991.0,83.2,69.6,0.87,2.79
2011-02-11,600741,2.12,2.14,2.41,2.04,299540,386657466.0,17.45,0.94,0.02,2.03
2011-04-06,600741,2.23,1.59,2.97,1.43,689090,872976312.0,71.96,-25.7,-0.55,4.68
2011-04-07,600741,1.43,1.32,1.51,0.88,440879,523987212.0,39.62,-16.98,-0.27,2.99
2011-04-08,600741,1.18,1.98,2.07,1.03,543129,668568492.0,78.79,50.0,0.66,3.69
2011-04-11,600741,1.81,1.68,1.97,1.53,302936,376306499.0,22.22,-15.15,-0.3,2.06
2011-04-12,600741,1.58,1.29,1.58,1.18,267006,321813493.0,23.81,-23.21,-0.39,1.81
2011-04-13,600741,1.28,1.39,1.46,1.12,189258,226031320.0,26.36,7.75,0.1,1.29
2011-04-14,600741,1.33,1.27,1.55,1.22,177618,214297135.0,23.74,-8.63,-0.12,1.21
2011-04-15,600741,1.18,1.03,1.26,0.9,191330,224528690.0,28.35,-18.9,-0.24,1.3
2011-04-18,600741,1.03,1.0,1.11,0.84,148481,172568332.0,26.21,-2.91,-0.03,1.01
2011-04-19,600741,0.92,0.51,0.92,0.48,229506,260040395.0,44.0,-49.0,-0.49,1.56
2011-04-20,600741,0.54,0.5,0.63,0.41,230534,257412706.0,43.14,-1.96,-0.01,1.57
2011-04-21,600741,0.56,0.6,0.64,0.44,133256,149476365.0,40.0,20.0,0.1,0.9
2011-04-22,600741,0.58,0.43,0.58,0.42,100132,111408887.0,26.67,-28.33,-0.17,0.68
2011-04-25,600741,0.45,0.62,0.83,0.36,180441,203957953.0,109.3,44.19,0.19,1.23
2011-04-26,600741,0.55,0.45,0.66,0.3,87828,98082175.0,58.06,-27.42,-0.17,0.6
2011-04-27,600741,0.53,0.23,0.56,0.11,113447,124342862.0,100.0,-48.89,-0.22,0.77
2011-04-28,600741,0.28,0.11,0.36,0.09,76934,83920602.0,117.39,-52.17,-0.12,0.52
2011-04-29,600741,0.29,0.55,0.59,0.29,138845,154535433.0,272.73,400.0,0.44,0.94
2011-05-03,600741,0.55,0.65,0.73,0.5,109991,124223541.0,41.82,18.18,0.1,0.75
2011-05-04,600741,0.63,0.47,0.63,0.36,122385,136500949.0,41.54,-27.69,-0.18,0.83
2011-05-05,600741,0.43,0.5,0.56,0.29,55905,62097987.0,57.45,6.38,0.03,0.38
2011-05-06,600741,0.43,0.44,0.54,0.34,48618,54124263.0,40.0,-12.0,-0.06,0.33
2011-05-09,600741,0.49,0.39,0.51,0.37,59210,65752625.0,31.82,-11.36,-0.05,0.4
2011-05-10,600741,0.39,0.43,0.49,0.37,46733,51821312.0,30.77,10.26,0.04,0.32
2011-05-11,600741,0.44,0.12,0.44,0.06,190080,206083521.0,88.37,-72.09,-0.31,1.29
2011-05-12,600741,0.12,-0.04,0.12,-0.07,105474,112836661.0,158.33,-133.33,-0.16,0.72
2011-05-13,600741,0.01,-0.08,0.06,-0.23,85885,90724836.0,-725.0,-100.0,-0.04,0.58
2011-05-16,600741,-0.08,-0.07,-0.02,-0.12,62811,66587933.0,-125.0,12.5,0.01,0.43
2011-05-17,600741,-0.05,0.08,0.17,-0.11,65135,69700857.0,-400.0,214.29,0.15,0.44
2011-05-18,600741,0.02,0.12,0.15,0.01,46408,49898968.0,175.0,50.0,0.04,0.32
2011-05-19,600741,0.15,0.06,0.16,0.03,57821,62297862.0,108.33,-50.0,-0.06,0.39
2011-05-20,600741,0.08,0.07,0.11,-0.01,34817,37277225.0,200.0,16.67,0.01,0.24
2011-05-23,600741,0.02,-0.51,0.06,-0.53,90687,93997227.0,842.86,-828.57,-0.58,0.62
2011-05-24,600741,-0.51,-0.44,-0.4,-0.56,61086,62283152.0,-31.37,13.73,0.07,0.41
2011-05-25,600741,-0.52,-0.52,-0.37,-0.56,29582,30136401.0,-43.18,-18.18,-0.08,0.2
2011-05-26,600741,-0.42,-0.68,-0.38,-0.7,68941,69337345.0,-61.54,-30.77,-0.16,0.47
2011-05-27,600741,-0.65,-0.86,-0.61,-0.91,98108,96821221.0,-44.12,-26.47,-0.18,0.67
2011-05-31,600741,-0.87,-0.53,-0.47,-0.89,86226,86267418.0,-48.84,38.37,0.33,0.59
2011-06-01,600741,-0.53,-0.17,-0.11,-0.62,266252,275124640.0,-96.23,67.92,0.36,1.81
2011-06-02,600741,-0.33,-0.37,-0.09,-0.5,133243,138336657.0,-241.18,-117.65,-0.2,0.9
2011-06-03,600741,-0.39,-0.27,0.05,-0.45,193911,202754522.0,-135.14,27.03,0.1,1.32
2011-06-07,600741,-0.28,-0.18,-0.15,-0.35,91253,95264651.0,-74.07,33.33,0.09,0.62
2011-06-08,600741,-0.2,-0.07,0.0,-0.26,67100,70905479.0,0.0,61.11,0.11,0.46
2011-06-09,600741,-0.1,-0.32,0.03,-0.37,85560,89547580.0,-571.43,-357.14,-0.25,0.58
2011-06-10,600741,-0.34,-0.59,-0.34,-0.77,119507,120118039.0,-134.38,-84.38,-0.27,0.81
2011-06-13,600741,-0.67,-0.57,-0.54,-0.81,65840,65632432.0,-45.76,3.39,0.02,0.45
2011-06-14,600741,-0.62,-0.17,-0.15,-0.64,135612,140618753.0,-85.96,70.18,0.4,0.92
2011-06-15,600741,-0.19,-0.43,-0.14,-0.47,66941,69512496.0,-194.12,-152.94,-0.26,0.45
2011-06-16,600741,-0.51,-0.49,-0.35,-0.57,44974,45977559.0,-51.16,-13.95,-0.06,0.31
2011-06-17,600741,-0.49,-0.62,-0.4,-0.64,30021,30525382.0,-48.98,-26.53,-0.13,0.2
2011-06-20,600741,-0.64,-0.43,-0.33,-0.64,78180,80040540.0,-50.0,30.65,0.19,0.53
2011-06-21,600741,-0.37,0.13,0.18,-0.39,171131,179082084.0,-132.56,130.23,0.56,1.16
2011-06-22,600741,0.07,0.35,0.49,0.07,197731,213275788.0,323.08,169.23,0.22,1.34
2011-06-23,600741,0.24,0.64,0.72,0.18,224466,246283560.0,154.29,82.86,0.29,1.52
2011-06-24,600741,0.62,0.72,0.95,0.55,172145,194054466.0,62.5,12.5,0.08,1.17
2011-06-27,600741,0.68,0.58,0.75,0.47,173752,191562749.0,38.89,-19.44,-0.14,1.18
2011-06-28,600741,0.61,0.71,0.75,0.44,174603,192726113.0,53.45,22.41,0.13,1.19
2011-06-29,600741,0.71,0.54,0.76,0.52,105109,116759380.0,33.8,-23.94,-0.17,0.71
2011-06-30,600741,0.42,0.68,0.77,0.42,100539,112051442.0,64.81,25.93,0.14,0.68
2011-07-01,600741,0.73,0.89,0.95,0.68,121887,137760328.0,39.71,30.88,0.21,0.83
2011-07-04,600741,1.15,1.37,1.65,1.12,329763,392058581.0,59.55,53.93,0.48,2.24
2011-07-05,600741,1.34,1.35,1.45,1.13,200013,233855002.0,23.36,-1.46,-0.02,1.36
2011-07-06,600741,1.25,1.29,1.5,1.23,110937,131255448.0,20.0,-4.44,-0.06,0.75
2011-07-07,600741,1.32,1.0,1.5,0.97,138974,162634172.0,41.09,-22.48,-0.29,0.94
2011-07-08,600741,1.0,0.96,1.15,0.85,99588,113402480.0,30.0,-4.0,-0.04,0.68
2011-07-11,600741,0.95,1.21,1.35,0.85,79982,92915805.0,52.08,26.04,0.25,0.54
2011-07-12,600741,1.1,0.86,1.18,0.85,80441,92026588.0,27.27,-28.93,-0.35,0.55
2011-07-13,600741,0.88,0.99,1.06,0.74,122514,138821410.0,37.21,15.12,0.13,0.83
2011-07-14,600741,1.0,1.0,1.03,0.84,78535,89520650.0,19.19,1.01,0.01,0.53
2011-07-15,600741,0.96,1.05,1.14,0.92,68165,78433784.0,22.0,5.0,0.05,0.46
2011-07-18,600741,1.06,0.95,1.13,0.9,60796,69393646.0,21.9,-9.52,-0.1,0.41
2011-07-19,600741,0.91,0.95,1.01,0.6,114733,129089043.0,43.16,0.0,0.0,0.78
2011-07-20,600741,1.01,0.8,1.03,0.73,68799,77654124.0,31.58,-15.79,-0.15,0.47
2011-07-21,600741,0.75,0.71,0.89,0.7,39183,43986106.0,23.75,-11.25,-0.09,0.27
2011-07-22,600741,0.71,0.62,0.79,0.55,47201,52399228.0,33.8,-12.68,-0.09,0.32
2011-07-25,600741,0.55,0.09,0.56,0.09,61444,66090674.0,75.81,-85.48,-0.53,0.42
2011-07-26,600741,0.11,0.19,0.2,0.05,33457,35453393.0,166.67,111.11,0.1,0.23
2011-07-27,600741,0.07,0.2,0.27,0.0,59526,62921332.0,0.0,5.26,0.01,0.4
2011-07-28,600741,0.08,0.24,0.35,-0.27,96030,100499884.0,310.0,20.0,0.04,0.65
2011-08-03,600741,0.0,0.0,0.28,-0.2,48910,51445864.0,200.0,0.0,0.0,0.33
2011-08-04,600741,0.06,0.12,0.27,0.0,35062,37109377.0,0.0,0.0,0.0,0.24
2011-08-05,600741,-0.2,-0.09,0.15,-0.3,60854,63533447.0,375.0,-175.0,-0.21,0.41
2011-08-08,600741,-0.27,-0.47,-0.13,-0.74,112457,112252559.0,-677.78,-422.22,-0.38,0.76
2011-08-09,600741,-0.7,-0.27,-0.15,-0.9,132752,132794890.0,-159.57,42.55,0.2,0.9
2011-08-10,600741,-0.18,-0.27,0.0,-0.3,78544,81198709.0,0.0,0.0,0.0,0.53
2011-08-11,600741,-0.57,-0.08,-0.05,-0.57,52796,53880650.0,-192.59,70.37,0.19,0.36
2011-08-12,600741,-0.02,-0.11,0.04,-0.15,56670,58988003.0,-237.5,-37.5,-0.03,0.38
2011-08-15,600741,-0.11,-0.01,-0.01,-0.2,32148,33355250.0,-172.73,90.91,0.1,0.22
2011-08-16,600741,-0.02,0.04,0.21,-0.02,53338,56319028.0,-2300.0,500.0,0.05,0.36
2011-08-17,600741,-0.05,-0.06,0.27,-0.12,64059,67446769.0,975.0,-250.0,-0.1,0.44
2011-08-18,600741,-0.1,-0.32,0.02,-0.36,63865,65574776.0,-633.33,-433.33,-0.26,0.43
2011-08-19,600741,-0.49,-0.35,-0.3,-0.52,41437,41611781.0,-68.75,-9.38,-0.03,0.28
2011-08-22,600741,-0.45,-0.55,-0.29,-0.7,63598,63022458.0,-117.14,-57.14,-0.2,0.43
2011-08-23,600741,-0.46,-0.41,-0.41,-0.55,22100,22026959.0,-25.45,25.45,0.14,0.15
2011-08-24,600741,-0.36,-0.39,-0.17,-0.43,59194,60144181.0,-63.41,4.88,0.02,0.4
2011-08-25,600741,-0.27,0.03,0.05,-0.36,98249,101742031.0,-105.13,107.69,0.42,0.67
2011-08-26,600741,0.06,0.15,0.2,-0.04,112697,119154627.0,800.0,400.0,0.12,0.77
2011-08-29,600741,0.12,-0.07,0.2,-0.08,48318,50783808.0,186.67,-146.67,-0.22,0.33
2011-08-30,600741,0.07,-0.07,0.23,-0.16,88625,93382287.0,-557.14,0.0,0.0,0.6
2011-08-31,600741,0.03,0.02,0.11,-0.13,53453,55960141.0,-342.86,128.57,0.09,0.36
2011-09-01,600741,0.03,0.0,0.13,-0.1,27897,29119772.0,1150.0,0.0,0.0,0.19
2011-09-02,600741,-0.09,-0.01,0.05,-0.2,42502,44067876.0,0.0,0.0,0.0,0.29
2011-09-05,600741,-0.1,-0.28,-0.05,-0.3,51756,53294441.0,-2500.0,-2700.0,-0.27,0.35
2011-09-06,600741,-0.4,-0.62,-0.28,-0.75,118297,116389236.0,-167.86,-121.43,-0.34,0.8
2011-09-07,600741,-0.55,-0.5,-0.4,-0.65,71619,71073646.0,-40.32,19.35,0.12,0.49
2011-09-08,600741,-0.49,-0.56,-0.39,-0.56,39110,39028320.0,-34.0,-12.0,-0.06,0.27
2011-09-09,600741,-0.42,-0.7,-0.42,-0.77,51128,50058513.0,-62.5,-25.0,-0.14,0.35
2011-09-13,600741,-0.85,-0.53,-0.51,-0.9,38377,37463590.0,-55.71,24.29,0.17,0.26
2011-09-14,600741,-0.54,-0.49,-0.46,-0.74,31680,31276944.0,-52.83,7.55,0.04,0.22
2011-09-15,600741,-0.51,-0.36,-0.12,-0.51,105837,107899796.0,-79.59,26.53,0.13,0.72
2011-09-16,600741,-0.33,-0.35,-0.19,-0.36,68178,69484732.0,-47.22,2.78,0.01,0.46
2011-09-19,600741,-0.37,-0.45,-0.33,-0.48,43395,43591328.0,-42.86,-28.57,-0.1,0.29
2011-09-20,600741,-0.49,-0.2,-0.14,-0.49,79527,81074253.0,-77.78,55.56,0.25,0.54
2011-09-21,600741,-0.24,0.2,0.35,-0.35,193377,205011231.0,-350.0,200.0,0.4,1.31
2011-09-22,600741,0.0,-0.19,0.14,-0.25,71806,74502475.0,195.0,-195.0,-0.39,0.49
2011-09-23,600741,-0.33,-0.32,-0.23,-0.46,67406,67889574.0,-121.05,-68.42,-0.13,0.46
2011-09-26,600741,-0.43,-0.38,-0.06,-0.44,54141,55225308.0,-118.75,-18.75,-0.06,0.37
2011-09-27,600741,-0.26,-0.02,0.05,-0.29,109392,113336689.0,-89.47,94.74,0.36,0.74
2011-09-28,600741,0.06,-0.24,0.24,-0.25,62765,65432029.0,-2450.0,-1100.0,-0.22,0.43
2011-09-29,600741,-0.34,-0.23,-0.07,-0.34,51287,52694693.0,-112.5,4.17,0.01,0.35
2011-09-30,600741,-0.18,-0.19,-0.07,-0.25,38372,39340266.0,-78.26,17.39,0.04,0.26
2011-10-10,600741,-0.15,-0.32,-0.07,-0.35,37618,38386178.0,-147.37,-68.42,-0.13,0.26
2011-10-11,600741,-0.05,-0.96,0.0,-1.05,209307,204431456.0,0.0,-200.0,-0.64,1.42
2011-10-12,600741,-1.0,-0.59,-0.54,-1.06,105842,103140544.0,-54.17,38.54,0.37,0.72
2011-10-13,600741,-0.55,-0.54,-0.42,-0.65,79768,78910644.0,-38.98,8.47,0.05,0.54
2011-10-14,600741,-0.57,-0.53,-0.46,-0.62,43268,42862677.0,-29.63,1.85,0.01,0.29
2011-10-17,600741,-0.49,-0.4,-0.36,-0.55,50548,50544543.0,-35.85,24.53,0.13,0.34
2011-10-18,600741,-0.47,-0.68,-0.46,-0.71,36997,36589722.0,-62.5,-70.0,-0.28,0.25
2011-10-19,600741,-0.65,-0.89,-0.56,-0.95,63914,61437449.0,-57.35,-30.88,-0.21,0.43
2011-10-20,600741,-1.0,-0.88,-0.74,-1.12,66280,62998450.0,-42.7,1.12,0.01,0.45
2011-10-21,600741,-0.87,-0.85,-0.76,-0.96,59201,56723931.0,-22.73,3.41,0.03,0.4
2011-10-24,600741,-0.85,-0.62,-0.52,-0.93,43604,42501307.0,-48.24,27.06,0.23,0.3
2011-10-25,600741,-0.67,-0.51,-0.42,-0.7,49269,48839039.0,-45.16,17.74,0.11,0.33
2011-10-26,600741,-0.56,-0.29,-0.05,-0.56,114876,117374546.0,-100.0,43.14,0.22,0.78
2011-10-27,600741,-0.16,-0.28,-0.16,-0.3,38247,38994289.0,-48.28,3.45,0.01,0.26
2011-10-28,600741,-0.19,-0.2,-0.01,-0.29,67390,69268222.0,-100.0,28.57,0.08,0.46
2011-10-31,600741,-0.22,-0.24,-0.12,-0.26,37168,38090065.0,-70.0,-20.0,-0.04,0.25
2011-11-01,600741,-0.3,-0.22,-0.08,-0.35,84993,87070983.0,-112.5,8.33,0.02,0.58
2011-11-02,600741,-0.36,-0.08,-0.07,-0.45,93690,95418982.0,-172.73,63.64,0.14,0.64
2011-11-03,600741,-0.03,-0.04,0.14,-0.11,94653,99227414.0,-312.5,50.0,0.04,0.64
2011-11-04,600741,0.0,-0.05,0.07,-0.12,54525,56878659.0,-475.0,-25.0,-0.01,0.37
2011-11-07,600741,-0.01,-0.38,-0.01,-0.45,141824,143491058.0,-880.0,-660.0,-0.33,0.96
2011-11-08,600741,-0.35,-0.43,-0.31,-0.48,62037,62278970.0,-44.74,-13.16,-0.05,0.42
2011-11-09,600741,-0.39,-0.37,-0.3,-0.52,54276,54397037.0,-51.16,13.95,0.06,0.37
2011-11-10,600741,-0.45,-0.56,-0.42,-0.57,56491,56159156.0,-40.54,-51.35,-0.19,0.38
2011-11-11,600741,-0.5,-0.59,-0.45,-0.59,36749,36465782.0,-25.0,-5.36,-0.03,0.25
2011-11-14,600741,-0.49,-0.4,-0.37,-0.52,61637,61745898.0,-25.42,32.2,0.19,0.42
2011-11-15,600741,-0.42,-0.54,-0.35,-0.57,82305,81879763.0,-55.0,-35.0,-0.14,0.56
2011-11-16,600741,-0.54,-0.77,-0.53,-0.89,93802,91198126.0,-66.67,-42.59,-0.23,0.64
2011-11-17,600741,-0.76,-0.83,-0.73,-0.88,66988,64569515.0,-19.48,-7.79,-0.06,0.45
2011-11-18,600741,-0.87,-0.76,-0.75,-0.9,89758,86477318.0,-18.07,8.43,0.07,0.61
2011-11-21,600741,-0.75,-0.69,-0.61,-0.82,61929,60378141.0,-27.63,9.21,0.07,0.42
2011-11-22,600741,-0.75,-0.87,-0.7,-0.97,63776,61176799.0,-39.13,-26.09,-0.18,0.43
2011-11-23,600741,-0.85,-1.07,-0.82,-1.19,110161,103221294.0,-42.53,-22.99,-0.2,0.75
2011-11-24,600741,-1.14,-1.18,-1.14,-1.3,53435,49273696.0,-14.95,-10.28,-0.11,0.36
2011-11-25,600741,-1.23,-1.25,-1.14,-1.27,25121,23224221.0,-11.02,-5.93,-0.07,0.17
2011-11-28,600741,-1.19,-1.29,-1.14,-1.35,26117,23996744.0,-16.8,-3.2,-0.04,0.18
2011-11-29,600741,-1.21,-1.25,-1.21,-1.41,106919,97780977.0,-15.5,3.1,0.04,0.73
2011-11-30,600741,-1.3,-1.51,-1.28,-1.84,116931,103857976.0,-44.8,-20.8,-0.26,0.79
2011-12-01,600741,-1.37,-1.16,-1.1,-1.41,210863,194102334.0,-20.53,23.18,0.35,1.43
2011-12-02,600741,-1.15,-1.28,-1.15,-1.4,46542,42560782.0,-21.55,-10.34,-0.12,0.32
2011-12-05,600741,-1.39,-1.52,-1.29,-1.63,63487,57030890.0,-26.56,-18.75,-0.24,0.43
2011-12-06,600741,-1.53,-1.53,-1.46,-1.7,32740,29120167.0,-15.79,-0.66,-0.01,0.22
2011-12-07,600741,-1.53,-1.33,-1.15,-1.55,60479,55199114.0,-26.14,13.07,0.2,0.41
2011-12-08,600741,-1.34,-1.4,-1.32,-1.68,73084,65466421.0,-27.07,-5.26,-0.07,0.5
2011-12-09,600741,-1.51,-1.59,-1.36,-1.61,56288,50139713.0,-17.86,-13.57,-0.19,0.38
2011-12-12,600741,-1.62,-1.65,-1.55,-1.72,20621,18151404.0,-10.69,-3.77,-0.06,0.14
2011-12-13,600741,-1.68,-2.1,-1.67,-2.13,84149,71738545.0,-27.88,-27.27,-0.45,0.57
2011-12-14,600741,-2.1,-2.15,-1.93,-2.27,64911,54203851.0,-16.19,-2.38,-0.05,0.44
2011-12-15,600741,-2.17,-2.2,-2.13,-2.32,46063,37978911.0,-8.84,-2.33,-0.05,0.31
2011-12-16,600741,-2.19,-1.85,-1.81,-2.23,78677,66323606.0,-19.09,15.91,0.35,0.53
2011-12-19,600741,-1.94,-1.79,-1.73,-2.01,55633,47774248.0,-15.14,3.24,0.06,0.38
2011-12-20,600741,-1.78,-1.65,-1.45,-1.79,68895,61138458.0,-18.99,7.82,0.14,0.47
2011-12-21,600741,-1.55,-1.61,-1.4,-1.65,76748,68676844.0,-15.15,2.42,0.04,0.52
2011-12-22,600741,-1.66,-1.47,-1.44,-1.79,68061,60281449.0,-21.74,8.7,0.14,0.46
2011-12-23,600741,-1.5,-1.37,-1.26,-1.52,55306,50408061.0,-17.69,6.8,0.1,0.38
2011-12-26,600741,-1.45,-1.47,-1.25,-1.51,65824,59686592.0,-18.98,-7.3,-0.1,0.45
2011-12-27,600741,-1.4,-1.67,-1.4,-1.7,55223,49192637.0,-20.41,-13.61,-0.2,0.38
2011-12-28,600741,-1.67,-1.67,-1.58,-1.85,24317,21320900.0,-16.17,0.0,0.0,0.17
2011-12-29,600741,-1.75,-1.36,-1.31,-1.75,50976,46242021.0,-26.35,18.56,0.31,0.35
2011-12-30,600741,-1.36,-1.19,-1.08,-1.36,130943,121831396.0,-20.59,12.5,0.17,0.89
2012-01-04,600741,-1.1,-1.21,-1.01,-1.31,108745,101310462.0,-25.21,-1.68,-0.02,0.74
2012-01-05,600741,-1.25,-1.08,-0.7,-1.3,170995,162266879.0,-49.59,10.74,0.13,1.16
2012-01-06,600741,-1.08,-1.26,-0.91,-1.3,116108,107704837.0,-36.11,-16.67,-0.18,0.79
2012-01-09,600741,-1.21,-0.98,-0.85,-1.39,171901,161822240.0,-42.86,22.22,0.28,1.17
2012-01-10,600741,-0.98,-0.61,-0.55,-1.0,188500,183790721.0,-45.92,37.76,0.37,1.28
2012-01-11,600741,-0.7,-0.69,-0.46,-0.73,95158,93661450.0,-44.26,-13.11,-0.08,0.65
2012-01-12,600741,-0.65,-0.49,-0.36,-0.71,100074,98949517.0,-50.72,28.99,0.2,0.68
2012-01-13,600741,-0.49,-0.78,-0.49,-0.88,71148,69432979.0,-79.59,-59.18,-0.29,0.48
2012-01-16,600741,-0.85,-0.71,-0.65,-0.9,60286,58610851.0,-32.05,8.97,0.07,0.41
2012-01-17,600741,-0.75,-0.21,-0.14,-0.75,152607,153517744.0,-85.92,70.42,0.5,1.04
2012-01-18,600741,-0.2,-0.17,-0.09,-0.24,91342,93937107.0,-71.43,19.05,0.04,0.62
2012-01-19,600741,-0.15,-0.09,0.07,-0.22,91241,94828189.0,-170.59,47.06,0.08,0.62
2012-01-20,600741,-0.05,-0.07,0.03,-0.18,69611,72274126.0,-233.33,22.22,0.02,0.47
2012-01-30,600741,-0.07,-0.37,-0.05,-0.45,99850,101586221.0,-571.43,-428.57,-0.3,0.68
2012-01-31,600741,-0.3,-0.57,-0.23,-0.6,120511,120697089.0,-100.0,-54.05,-0.2,0.82
2012-02-01,600741,-0.54,-0.38,-0.34,-0.65,119123,119258660.0,-54.39,33.33,0.19,0.81
2012-02-02,600741,-0.41,-0.21,-0.15,-0.42,85097,86662751.0,-71.05,44.74,0.17,0.58
2012-02-03,600741,-0.25,-0.14,0.05,-0.25,102250,106510150.0,-142.86,33.33,0.07,0.69
2012-02-06,600741,-0.1,-0.06,0.2,-0.14,92258,96766949.0,-242.86,57.14,0.08,0.63
2012-02-07,600741,-0.2,0.02,0.06,-0.32,111127,114107068.0,-633.33,133.33,0.08,0.75
2012-02-08,600741,-0.05,0.06,0.15,-0.26,119345,124692755.0,2050.0,200.0,0.04,0.81
2012-02-09,600741,0.02,-0.07,0.08,-0.13,76957,80324608.0,350.0,-216.67,-0.13,0.52
2012-02-10,600741,-0.15,0.08,0.09,-0.15,64975,67791266.0,-342.86,214.29,0.15,0.44
2012-02-13,600741,-0.02,0.09,0.27,-0.04,84468,89347921.0,387.5,12.5,0.01,0.57
2012-02-14,600741,0.11,0.08,0.11,-0.03,35368,37077399.0,155.56,-11.11,-0.01,0.24
2012-02-15,600741,0.08,-0.01,0.22,-0.07,60388,63356772.0,362.5,-112.5,-0.09,0.41
2012-02-16,600741,-0.05,-0.15,-0.03,-0.2,77699,80234203.0,-1700.0,-1400.0,-0.14,0.53
2012-02-17,600741,-0.07,-0.27,-0.05,-0.33,64340,65699161.0,-186.67,-80.0,-0.12,0.44
2012-02-20,600741,-0.13,-0.21,-0.05,-0.25,55860,57514267.0,-74.07,22.22,0.06,0.38
2012-02-21,600741,-0.17,-0.05,-0.01,-0.26,52216,53707687.0,-119.05,76.19,0.16,0.35
2012-02-22,600741,-0.06,0.23,0.3,-0.06,153654,163333011.0,-720.0,560.0,0.28,1.04
2012-02-23,600741,0.23,0.35,0.41,0.19,122221,132023276.0,95.65,52.17,0.12,0.83
2012-02-24,600741,0.3,0.37,0.5,0.24,61775,66687697.0,74.29,5.71,0.02,0.42
2012-02-27,600741,0.46,0.28,0.8,0.25,124084,135893875.0,148.65,-24.32,-0.09,0.84
2012-02-28,600741,0.36,0.24,0.41,0.21,61607,66262567.0,71.43,-14.29,-0.04,0.42
2012-02-29,600741,0.21,0.07,0.23,0.05,53060,55974292.0,75.0,-70.83,-0.17,0.36
2012-03-01,600741,0.08,0.19,0.29,0.05,64447,68317968.0,342.86,171.43,0.12,0.44
2012-03-02,600741,0.23,0.51,0.55,0.19,91705,99834176.0,189.47,168.42,0.32,0.62
2012-03-05,600741,0.51,0.37,0.63,0.33,88114,96679486.0,58.82,-27.45,-0.14,0.6
2012-03-06,600741,0.37,0.35,0.45,0.22,65817,70868158.0,62.16,-5.41,-0.02,0.45
2012-03-07,600741,0.29,0.27,0.55,0.23,84118,90867926.0,91.43,-22.86,-0.08,0.57
2012-03-08,600741,0.29,0.39,0.43,0.28,34902,37757891.0,55.56,44.44,0.12,0.24
2012-03-09,600741,0.38,0.45,0.52,0.27,71081,76992878.0,64.1,15.38,0.06,0.48
2012-03-12,600741,0.37,0.17,0.42,-0.07,113760,120833856.0,108.89,-62.22,-0.28,0.77
2012-03-13,600741,0.13,0.15,0.18,0.07,66241,70096275.0,64.71,-11.76,-0.02,0.45
2012-03-14,600741,0.21,-0.23,0.25,-0.27,150213,157605751.0,346.67,-253.33,-0.38,1.02
2012-03-15,600741,-0.24,-0.32,-0.1,-0.37,71778,73240535.0,-117.39,-39.13,-0.09,0.49
2012-03-16,600741,-0.33,-0.15,-0.11,-0.33,41413,42322722.0,-68.75,53.13,0.17,0.28
2012-03-19,600741,-0.18,-0.16,-0.05,-0.34,72729,74879002.0,-193.33,-6.67,-0.01,0.49
2012-03-20,600741,-0.18,-0.43,-0.17,-0.55,79991,80184096.0,-237.5,-168.75,-0.27,0.54
2012-03-21,600741,-0.35,-0.42,-0.33,-0.5,46177,46234446.0,-39.53,2.33,0.01,0.31
2012-03-22,600741,-0.3,-0.48,-0.3,-0.61,35903,35801037.0,-73.81,-14.29,-0.06,0.24
2012-03-23,600741,-0.53,-0.6,-0.5,-0.6,25668,25387489.0,-20.83,-25.0,-0.12,0.17
2012-03-26,600741,-0.59,-0.66,-0.57,-0.76,46393,45215010.0,-31.67,-10.0,-0.06,0.32
2012-03-27,600741,-0.61,-0.65,-0.54,-0.69,28305,27882974.0,-22.73,1.52,0.01,0.11
2012-03-28,600741,-0.65,-0.9,-0.58,-1.0,56907,55199719.0,-64.62,-38.46,-0.25,0.22
2012-03-29,600741,-0.89,-0.71,-0.63,-0.91,95572,92995218.0,-31.11,21.11,0.19,0.37
2012-03-30,600741,-0.7,-0.45,-0.35,-0.75,99751,99538159.0,-56.34,36.62,0.26,0.39
2012-04-05,600741,-0.55,-0.17,-0.13,-0.56,97221,98667600.0,-95.56,62.22,0.28,0.38
2012-04-06,600741,-0.2,-0.36,-0.18,-0.38,46895,47557432.0,-117.65,-111.76,-0.19,0.18
2012-04-09,600741,-0.42,-0.56,-0.37,-0.58,36624,36550850.0,-58.33,-55.56,-0.2,0.14
2012-04-10,600741,-0.57,-0.32,-0.28,-0.67,36923,36806405.0,-69.64,42.86,0.24,0.14
2012-04-11,600741,-0.45,-0.25,-0.07,-0.48,76224,78178877.0,-128.13,21.88,0.07,0.3
2012-04-12,600741,-0.27,-0.15,-0.12,-0.35,52814,54081401.0,-92.0,40.0,0.1,0.2
2012-04-13,600741,-0.17,-0.12,-0.05,-0.17,39364,40714831.0,-80.0,20.0,0.03,0.15
2012-04-16,600741,-0.24,0.01,0.12,-0.26,95715,100250472.0,-316.67,108.33,0.13,0.37
2012-04-17,600741,0.0,-0.13,0.05,-0.17,36818,38122772.0,2200.0,-1400.0,-0.14,0.14
2012-04-18,600741,-0.03,0.0,0.08,-0.12,63725,66573124.0,-153.85,0.0,0.0,0.25
2012-04-19,600741,0.06,-0.13,0.09,-0.15,38767,40238055.0,0.0,0.0,0.0,0.15
2012-04-20,600741,-0.2,0.0,0.07,-0.2,63641,66423202.0,-207.69,0.0,0.0,0.25
2012-04-23,600741,-0.03,-0.05,0.12,-0.05,44969,47084476.0,0.0,0.0,0.0,0.17
2012-04-24,600741,-0.05,-0.02,0.1,-0.32,52774,54769298.0,-840.0,60.0,0.03,0.2
2012-04-25,600741,-0.09,0.04,0.05,-0.1,38119,39762003.0,-750.0,300.0,0.06,0.15
2012-04-26,600741,-0.02,-0.06,0.06,-0.1,21195,22100687.0,400.0,-250.0,-0.1,0.08
2012-04-27,600741,-0.06,-0.09,0.01,-0.1,46388,48293952.0,-183.33,-50.0,-0.03,0.18
2012-05-02,600741,-0.05,0.15,0.18,-0.05,152755,161377835.0,-255.56,266.67,0.24,0.59
2012-05-03,600741,0.2,0.29,0.38,0.16,146648,157197022.0,146.67,93.33,0.14,0.57
2012-05-04,600741,0.28,0.33,0.38,0.2,69730,75059117.0,62.07,13.79,0.04,0.27
2012-05-07,600741,0.25,0.28,0.37,0.16,84848,90671771.0,63.64,-15.15,-0.05,0.33
2012-05-08,600741,0.26,0.14,0.33,0.09,80152,85353482.0,85.71,-50.0,-0.14,0.31
2012-05-09,600741,0.05,-0.16,0.13,-0.16,78779,81722980.0,207.14,-214.29,-0.3,0.3
2012-05-10,600741,-0.08,-0.22,-0.08,-0.29,53625,54998845.0,-131.25,-37.5,-0.06,0.21
2012-05-11,600741,-0.22,-0.29,-0.1,-0.3,46707,47749991.0,-90.91,-31.82,-0.07,0.18
2012-05-14,600741,-0.24,-0.3,-0.2,-0.42,50725,51557473.0,-75.86,-3.45,-0.01,0.2
2012-05-15,600741,-0.36,-0.37,-0.06,-0.49,83488,83976475.0,-143.33,-23.33,-0.07,0.32
2012-05-16,600741,-0.37,-0.5,-0.32,-0.5,64667,64660418.0,-48.65,-35.14,-0.13,0.25
2012-05-17,600741,-0.43,-0.17,-0.16,-0.46,88574,89985182.0,-60.0,66.0,0.33,0.34
2012-05-18,600741,-0.29,-0.41,-0.23,-0.5,58059,58400019.0,-158.82,-141.18,-0.24,0.22
2012-05-21,600741,-0.42,-0.33,-0.27,-0.49,43405,43708145.0,-53.66,19.51,0.08,0.17
2012-05-22,600741,-0.27,-0.27,-0.16,-0.34,62227,63337166.0,-54.55,18.18,0.06,0.24
2012-05-23,600741,-0.28,-0.45,-0.25,-0.47,90305,90861372.0,-81.48,-66.67,-0.18,0.35
2012-05-24,600741,-0.46,-0.54,-0.4,-0.6,92179,91653906.0,-44.44,-20.0,-0.09,0.36
2012-05-28,600741,-0.66,-0.34,-0.2,-0.77,163226,162177637.0,-105.56,37.04,0.2,0.63
2012-05-29,600741,-0.3,-0.28,-0.12,-0.33,143569,146883626.0,-61.76,17.65,0.06,0.56
2012-05-30,600741,-0.3,-0.39,-0.25,-0.41,88018,89107798.0,-57.14,-39.29,-0.11,0.34
2012-05-31,600741,-0.45,-0.37,-0.21,-0.52,79976,80359684.0,-79.49,5.13,0.02,0.31
2012-06-01,600741,-0.35,-0.37,-0.28,-0.4,24580,24816311.0,-32.43,0.0,0.0,0.1
2012-06-04,600741,-0.51,-0.63,-0.39,-0.64,65744,65320830.0,-67.57,-70.27,-0.26,0.25
2012-06-05,600741,-0.53,-0.74,-0.53,-0.77,50452,49182606.0,-38.1,-17.46,-0.11,0.2
2012-06-06,600741,-0.72,-0.8,-0.64,-0.84,37390,36315068.0,-27.03,-8.11,-0.06,0.14
2012-06-07,600741,-0.7,-0.96,-0.66,-1.0,73277,70043841.0,-42.5,-20.0,-0.16,0.28
2012-06-08,600741,-0.87,-0.97,-0.87,-1.01,59519,56701489.0,-14.58,-1.04,-0.01,0.23
2012-06-11,600741,-0.89,-0.75,-0.71,-0.95,28213,27207936.0,-24.74,22.68,0.22,0.11
2012-06-12,600741,-0.85,-0.92,-0.74,-0.97,47705,45613459.0,-30.67,-22.67,-0.17,0.18
2012-06-13,600741,-0.91,-0.81,-0.75,-0.96,56666,54420758.0,-22.83,11.96,0.11,0.22
2012-06-14,600741,-0.8,-0.87,-0.7,-0.88,47343,45801694.0,-22.22,-7.41,-0.06,0.18
2012-06-15,600741,-0.81,-0.69,-0.63,-0.82,85711,83506623.0,-21.84,20.69,0.18,0.33
2012-06-18,600741,-0.59,-0.61,-0.53,-0.65,68699,67739706.0,-17.39,11.59,0.08,0.27
2012-06-19,600741,-0.6,-0.6,-0.5,-0.66,56916,56183894.0,-26.23,1.64,0.01,0.22
2012-06-20,600741,-0.56,-0.67,-0.55,-0.71,21750,21340310.0,-26.67,-11.67,-0.07,0.08
2012-06-21,600741,-0.67,-0.96,-0.66,-1.05,91992,87294529.0,-58.21,-43.28,-0.29,0.36
2012-06-25,600741,-0.96,-1.2,-0.95,-1.21,56666,51510700.0,-27.08,-25.0,-0.24,0.22
2012-06-26,600741,-1.25,-1.2,-1.17,-1.4,70803,62647428.0,-19.17,0.0,0.0,0.27
2012-06-27,600741,-1.2,-1.15,-1.06,-1.25,38185,34321371.0,-15.83,4.17,0.05,0.15
2012-06-28,600741,-1.18,-1.28,-1.1,-1.37,40071,35745915.0,-23.48,-11.3,-0.13,0.16
2012-06-29,600741,-1.3,-1.18,-1.14,-1.41,46244,41211264.0,-21.09,7.81,0.1,0.18
2012-07-02,600741,-1.15,-1.81,-1.15,-2.04,296978,250739449.0,-75.42,-53.39,-0.63,1.15
2012-07-03,600741,-1.84,-1.78,-1.75,-1.95,145702,121255394.0,-11.05,1.66,0.03,0.56
2012-07-04,600741,-1.79,-1.74,-1.64,-1.82,121301,102157638.0,-10.11,2.25,0.04,0.47
2012-07-05,600741,-1.79,-1.73,-1.7,-1.94,45957,38342557.0,-13.79,0.57,0.01,0.18
2012-07-06,600741,-1.68,-1.54,-1.4,-1.73,102171,87709060.0,-19.08,10.98,0.19,0.4
2012-07-09,600741,-1.58,-1.78,-1.5,-1.99,121839,101299099.0,-31.82,-15.58,-0.24,0.47
2012-07-10,600741,-1.83,-1.76,-1.68,-1.85,97687,81664246.0,-9.55,1.12,0.02,0.38
2012-07-11,600741,-1.79,-1.85,-1.73,-1.88,77398,64546560.0,-8.52,-5.11,-0.09,0.3
2012-07-12,600741,-1.84,-1.85,-1.81,-2.08,122997,100723304.0,-14.59,0.0,0.0,0.48
2012-07-13,600741,-1.9,-2.0,-1.83,-2.02,134887,110812905.0,-10.27,-8.11,-0.15,0.52
2012-07-16,600741,-1.97,-1.99,-1.82,-2.16,98842,79898932.0,-17.0,0.5,0.01,0.38
2012-07-17,600741,-2.0,-1.87,-1.86,-2.03,60039,49443927.0,-8.54,6.03,0.12,0.23
2012-07-18,600741,-1.89,-1.62,-1.61,-1.91,119194,100786350.0,-16.04,13.37,0.25,0.46
2012-07-19,600741,-1.58,-1.21,-1.13,-1.64,247883,221103716.0,-31.48,25.31,0.41,0.96
2012-07-20,600741,-1.25,-1.43,-1.15,-1.45,107866,95425370.0,-24.79,-18.18,-0.22,0.42
2012-07-23,600741,-1.44,-1.58,-1.3,-1.65,71357,61893033.0,-24.48,-10.49,-0.15,0.28
2012-07-24,600741,-1.65,-1.39,-1.25,-1.67,68120,59769439.0,-26.58,12.03,0.19,0.26
2012-07-25,600741,-1.44,-1.38,-1.25,-1.45,24834,21871159.0,-14.39,0.72,0.01,0.1
2012-07-26,600741,-1.38,-1.38,-1.27,-1.44,68665,60094856.0,-12.32,0.0,0.0,0.27
2012-07-27,600741,-1.37,-1.23,-1.16,-1.42,94556,84325570.0,-18.84,10.87,0.15,0.37
2012-07-30,600741,-1.27,-1.24,-1.13,-1.29,59499,53199996.0,-13.01,-0.81,-0.01,0.23
2012-07-31,600741,-1.25,-1.27,-1.2,-1.34,57403,51122966.0,-11.29,-2.42,-0.03,0.22
2012-08-01,600741,-1.26,-1.36,-1.19,-1.43,46296,41045991.0,-18.9,-7.09,-0.09,0.18
2012-08-02,600741,-1.42,-1.4,-1.3,-1.45,41704,36603134.0,-11.03,-2.94,-0.04,0.16
2012-08-03,600741,-1.39,-1.8,-1.39,-1.87,258972,217164747.0,-34.29,-28.57,-0.4,1.0
2012-08-06,600741,-1.84,-1.68,-1.62,-1.86,106337,89197054.0,-13.33,6.67,0.12,0.41
2012-08-07,600741,-1.73,-1.69,-1.64,-1.73,67046,56682910.0,-5.36,-0.6,-0.01,0.26
2012-08-08,600741,-1.69,-1.65,-1.59,-1.72,60810,51683962.0,-7.69,2.37,0.04,0.24
2012-08-09,600741,-1.64,-1.41,-1.4,-1.64,62872,54477159.0,-14.55,14.55,0.24,0.24
2012-08-10,600741,-1.41,-1.43,-1.34,-1.49,38291,33426043.0,-10.64,-1.42,-0.02,0.15
2012-08-13,600741,-1.45,-1.46,-1.37,-1.5,60068,52433391.0,-9.09,-2.1,-0.03,0.23
2012-08-14,600741,-1.46,-1.52,-1.4,-1.67,32790,28211842.0,-18.49,-4.11,-0.06,0.13
2012-08-15,600741,-1.56,-1.56,-1.49,-1.64,41014,35255817.0,-9.87,-2.63,-0.04,0.16
2012-08-16,600741,-1.6,-1.63,-1.52,-1.68,24267,20727803.0,-10.26,-4.49,-0.07,0.09
2012-08-17,600741,-1.61,-1.7,-1.59,-1.77,25349,21448752.0,-11.04,-4.29,-0.07,0.1
2012-08-20,600741,-1.79,-1.75,-1.67,-1.83,24428,20476614.0,-9.41,-2.94,-0.05,0.09
2012-08-21,600741,-1.75,-1.73,-1.63,-1.77,27102,22864802.0,-8.0,1.14,0.02,0.1
2012-08-22,600741,-1.72,-1.69,-1.65,-1.78,81646,68645072.0,-7.51,2.31,0.04,0.32
2012-08-23,600741,-1.69,-1.55,-1.48,-1.69,57381,49318433.0,-12.43,8.28,0.14,0.22
2012-08-24,600741,-1.54,-1.53,-1.44,-1.55,40631,35126393.0,-7.1,1.29,0.02,0.16
2012-08-27,600741,-1.62,-1.77,-1.56,-1.85,67895,56955750.0,-18.95,-15.69,-0.24,0.26
2012-08-28,600741,-1.79,-1.77,-1.72,-1.83,36018,30203316.0,-6.21,0.0,0.0,0.14
2012-08-29,600741,-1.81,-1.76,-1.74,-1.81,13152,11026432.0,-3.95,0.56,0.01,0.05
2012-08-30,600741,-1.76,-1.8,-1.75,-1.83,39197,32743491.0,-4.55,-2.27,-0.04,0.15
2012-08-31,600741,-1.82,-1.8,-1.78,-1.87,20957,17439679.0,-5.0,0.0,0.0,0.08
2012-09-03,600741,-1.85,-1.7,-1.59,-1.87,46719,39373399.0,-15.56,5.56,0.1,0.18
2012-09-04,600741,-1.75,-1.7,-1.62,-1.76,45653,38640952.0,-8.24,0.0,0.0,0.18
2012-09-05,600741,-1.69,-1.93,-1.69,-1.95,32493,26968607.0,-15.29,-13.53,-0.23,0.13
2012-09-06,600741,-1.89,-1.86,-1.81,-1.94,52278,43233080.0,-6.74,3.63,0.07,0.2
2012-09-07,600741,-1.81,-1.62,-1.41,-1.81,193061,165578855.0,-21.51,12.9,0.24,0.75
2012-09-10,600741,-1.62,-1.36,-1.2,-1.64,137848,121058264.0,-27.16,16.05,0.26,0.53
2012-09-11,600741,-1.42,-1.33,-1.28,-1.47,57281,50301032.0,-13.97,2.21,0.03,0.22
2012-09-12,600741,-1.3,-1.42,-1.17,-1.51,84282,74286041.0,-25.56,-6.77,-0.09,0.33
2012-09-13,600741,-1.4,-1.4,-1.3,-1.45,42304,37218491.0,-10.56,1.41,0.02,0.16
2012-09-14,600741,-1.3,-1.16,-1.08,-1.39,134343,120197484.0,-22.14,17.14,0.24,0.52
2012-09-17,600741,-1.16,-1.27,-0.91,-1.27,113626,103186358.0,-31.03,-9.48,-0.11,0.44
2012-09-18,600741,-1.35,-1.4,-1.25,-1.45,48919,42911614.0,-15.75,-10.24,-0.13,0.19
2012-09-19,600741,-1.4,-1.07,-1.07,-1.4,78499,70174071.0,-23.57,23.57,0.33,0.3
2012-09-20,600741,-1.16,-1.41,-1.1,-1.45,80442,71274600.0,-32.71,-31.78,-0.34,0.31
2012-09-21,600741,-1.37,-1.29,-1.25,-1.52,38897,34158557.0,-19.15,8.51,0.12,0.15
2012-09-24,600741,-1.33,-1.41,-1.29,-1.57,39659,34551864.0,-21.71,-9.3,-0.12,0.15
2012-09-25,600741,-1.38,-1.2,-1.15,-1.38,70199,62489582.0,-16.31,14.89,0.21,0.27
2012-09-26,600741,-1.23,-1.25,-1.02,-1.27,87637,79296698.0,-20.83,-4.17,-0.05,0.34
2012-09-27,600741,-1.3,-1.05,-1.0,-1.36,79229,71618955.0,-28.8,16.0,0.2,0.31
2012-09-28,600741,-1.07,-0.67,-0.58,-1.07,135837,127657119.0,-46.67,36.19,0.38,0.53
2012-10-08,600741,-0.7,-0.75,-0.51,-0.9,61840,58562851.0,-58.21,-11.94,-0.08,0.24
2012-10-09,600741,-0.65,-0.54,-0.42,-0.68,51675,49821477.0,-34.67,28.0,0.21,0.2
2012-10-10,600741,-0.57,-0.69,-0.42,-0.74,77692,74086275.0,-59.26,-27.78,-0.15,0.3
2012-10-11,600741,-0.66,-0.93,-0.66,-0.98,91009,84374350.0,-46.38,-34.78,-0.24,0.35
2012-10-12,600741,-0.85,-0.82,-0.69,-0.98,66428,61801149.0,-31.18,11.83,0.11,0.26
2012-10-15,600741,-0.78,-0.86,-0.78,-0.98,51877,47947291.0,-24.39,-4.88,-0.04,0.2
2012-10-16,600741,-0.86,-1.0,-0.77,-1.07,69872,64225183.0,-34.88,-16.28,-0.14,0.27
2012-10-17,600741,-0.97,-0.88,-0.85,-1.04,55565,51127356.0,-19.0,12.0,0.12,0.22
2012-10-18,600741,-0.89,-0.75,-0.7,-0.9,53082,49784407.0,-22.73,14.77,0.13,0.21
2012-10-19,600741,-0.75,-0.79,-0.66,-0.85,32347,30313432.0,-25.33,-5.33,-0.04,0.13
2012-10-22,600741,-0.84,-0.82,-0.78,-0.97,21525,19958138.0,-24.05,-3.8,-0.03,0.08
2012-10-23,600741,-0.82,-0.88,-0.78,-0.95,35970,33320287.0,-20.73,-7.32,-0.06,0.14
2012-10-24,600741,-0.9,-0.88,-0.76,-0.93,43528,40479102.0,-19.32,0.0,0.0,0.17
2012-10-25,600741,-0.88,-1.19,-0.81,-1.22,81255,73735998.0,-46.59,-35.23,-0.31,0.31
2012-10-26,600741,-1.21,-1.35,-1.2,-1.54,54158,47441293.0,-28.57,-13.45,-0.16,0.21
2012-10-29,600741,-1.4,-1.31,-1.28,-1.53,41201,36087225.0,-18.52,2.96,0.04,0.16
2012-10-30,600741,-1.28,-1.39,-1.23,-1.42,44959,39619827.0,-14.5,-6.11,-0.08,0.17
2012-10-31,600741,-1.38,-1.29,-1.22,-1.48,91336,80315148.0,-18.71,7.19,0.1,0.35
2012-11-01,600741,-1.31,-1.13,-1.05,-1.31,66968,60322431.0,-20.16,12.4,0.16,0.26
2012-11-02,600741,-1.09,-1.14,-1.09,-1.22,55452,49845464.0,-11.5,-0.88,-0.01,0.21
2012-11-05,600741,-1.16,-1.39,-1.12,-1.49,134278,117820043.0,-32.46,-21.93,-0.25,0.52
2012-11-06,600741,-1.42,-1.32,-1.32,-1.49,51195,44786251.0,-12.23,5.04,0.07,0.2
2012-11-07,600741,-1.38,-0.87,-0.82,-1.38,169229,154210852.0,-42.42,34.09,0.45,0.66
2012-11-08,600741,-0.92,-1.02,-0.82,-1.03,80512,74063303.0,-24.14,-17.24,-0.15,0.31
2012-11-09,600741,-1.02,-1.17,-1.0,-1.2,80431,72562370.0,-19.61,-14.71,-0.15,0.31
2012-11-12,600741,-1.17,-1.05,-0.98,-1.17,54171,49357280.0,-16.24,10.26,0.12,0.21
2012-11-13,600741,-1.05,-1.18,-0.93,-1.24,57623,52345256.0,-29.52,-12.38,-0.13,0.22
2012-11-14,600741,-1.19,-1.13,-1.11,-1.27,24972,22423884.0,-13.56,4.24,0.05,0.1
2012-11-15,600741,-1.24,-1.28,-1.14,-1.35,22440,20056883.0,-18.58,-13.27,-0.15,0.09
2012-11-16,600741,-1.28,-1.23,-1.17,-1.33,31739,28235291.0,-12.5,3.91,0.05,0.12
2012-11-19,600741,-1.25,-1.27,-1.17,-1.39,28374,25183570.0,-17.89,-3.25,-0.04,0.11
2012-11-20,600741,-1.25,-1.32,-1.2,-1.35,20856,18493367.0,-11.81,-3.94,-0.05,0.08
2012-11-21,600741,-1.26,-1.2,-1.19,-1.39,28226,25040177.0,-15.15,9.09,0.12,0.11
2012-11-22,600741,-1.27,-1.14,-1.13,-1.31,48978,43928088.0,-15.0,5.0,0.06,0.19
2012-11-23,600741,-1.1,-0.97,-0.9,-1.12,59666,54757644.0,-19.3,14.91,0.17,0.23
2012-11-26,600741,-1.03,-1.05,-0.8,-1.08,98995,91314799.0,-28.87,-8.25,-0.08,0.38
2012-11-27,600741,-1.12,-1.16,-1.05,-1.2,32606,29387710.0,-14.29,-10.48,-0.11,0.13
2012-11-28,600741,-1.16,-1.22,-1.11,-1.27,26663,23847001.0,-13.79,-5.17,-0.06,0.1
2012-11-29,600741,-1.2,-1.11,-0.97,-1.22,45322,41135650.0,-20.49,9.02,0.11,0.18
2012-11-30,600741,-1.12,-0.87,-0.85,-1.14,87905,81219892.0,-26.13,21.62,0.24,0.34
2012-12-03,600741,-0.94,-0.97,-0.75,-1.0,127706,118782508.0,-28.74,-11.49,-0.1,0.49
2012-12-04,600741,-0.94,-0.76,-0.71,-0.98,102072,94798922.0,-27.84,21.65,0.21,0.4
2012-12-05,600741,-0.8,-0.6,-0.51,-0.81,184201,175422000.0,-39.47,21.05,0.16,0.71
2012-12-06,600741,-0.67,-0.6,-0.47,-0.67,84233,80826064.0,-33.33,0.0,0.0,0.33
2012-12-07,600741,-0.65,-0.57,-0.44,-0.7,103679,99491807.0,-43.33,5.0,0.03,0.4
2012-12-10,600741,-0.46,-0.35,-0.33,-0.57,106154,103374950.0,-42.11,38.6,0.22,0.41
2012-12-11,600741,-0.36,-0.39,-0.29,-0.46,66295,64803302.0,-48.57,-11.43,-0.04,0.26
2012-12-12,600741,-0.39,-0.4,-0.34,-0.57,47367,45857346.0,-58.97,-2.56,-0.01,0.18
2012-12-13,600741,-0.42,-0.49,-0.41,-0.57,40505,39061215.0,-40.0,-22.5,-0.09,0.16
2012-12-14,600741,-0.46,-0.07,0.0,-0.49,139941,138605100.0,0.0,85.71,0.42,0.54
2012-12-17,600741,-0.07,-0.09,0.02,-0.14,73976,74601549.0,-228.57,-28.57,-0.02,0.29
2012-12-18,600741,-0.1,-0.15,0.21,-0.16,170878,173756627.0,-411.11,-66.67,-0.06,0.66
2012-12-19,600741,-0.15,-0.05,0.16,-0.21,128102,129378516.0,-246.67,66.67,0.1,0.5
2012-12-20,600741,-0.15,0.02,0.06,-0.17,122703,124190786.0,-460.0,140.0,0.07,0.48
2012-12-21,600741,0.04,0.19,0.45,0.02,122324,127642679.0,2150.0,850.0,0.17,0.47
2012-12-24,600741,0.19,0.35,0.46,0.18,119524,125669967.0,147.37,84.21,0.16,0.46
2012-12-25,600741,0.32,0.44,0.55,0.24,131935,139751111.0,88.57,25.71,0.09,0.51
2012-12-26,600741,0.44,0.27,0.49,0.15,107094,111611589.0,77.27,-38.64,-0.17,0.41
2012-12-27,600741,0.29,0.46,0.58,0.15,205700,217273117.0,159.26,70.37,0.19,0.8
2012-12-28,600741,0.5,0.74,0.78,0.41,123719,133330802.0,80.43,60.87,0.28,0.48
2012-12-31,600741,0.81,1.03,1.05,0.68,188726,207963775.0,50.0,39.19,0.29,0.73
2013-01-04,600741,1.03,0.75,1.04,0.6,165113,179922267.0,42.72,-27.18,-0.28,0.64
2013-01-07,600741,0.7,0.62,0.74,0.52,122181,131564941.0,29.33,-17.33,-0.13,0.47
2013-01-08,600741,0.6,0.55,0.7,0.45,82716,88484497.0,40.32,-11.29,-0.07,0.32
2013-01-09,600741,0.55,0.46,0.58,0.41,116133,123619164.0,30.91,-16.36,-0.09,0.45
2013-01-10,600741,0.44,0.45,0.59,0.29,126144,133715135.0,65.22,-2.17,-0.01,0.49
2013-01-11,600741,0.44,0.36,0.55,0.26,109380,115547939.0,64.44,-20.0,-0.09,0.42
2013-01-14,600741,0.29,0.66,0.74,0.25,200743,214208214.0,136.11,83.33,0.3,0.78
2013-01-15,600741,0.64,0.55,0.7,0.5,130131,139973090.0,30.3,-16.67,-0.11,0.5
2013-01-16,600741,0.56,0.04,0.56,-0.04,428243,440009664.0,109.09,-92.73,-0.51,1.66
2013-01-17,600741,0.0,-0.06,0.11,-0.16,193350,195004296.0,675.0,-250.0,-0.1,0.75
2013-01-18,600741,0.0,0.33,0.4,-0.03,256523,266025013.0,-716.67,650.0,0.39,0.99
2013-01-21,600741,0.34,0.14,0.35,0.06,267639,276230864.0,87.88,-57.58,-0.19,1.04
2013-01-22,600741,0.12,-0.04,0.19,-0.15,221952,224218720.0,242.86,-128.57,-0.18,0.86
2013-01-23,600741,-0.06,0.02,0.08,-0.13,129882,131270878.0,-525.0,150.0,0.06,0.5
2013-01-24,600741,0.0,-0.12,0.19,-0.18,207039,210637564.0,1850.0,-700.0,-0.14,0.8
2013-01-25,600741,-0.06,-0.01,0.1,-0.12,145548,147473204.0,-183.33,91.67,0.11,0.56
2013-01-28,600741,0.02,0.28,0.29,-0.01,196400,202987483.0,-3000.0,2900.0,0.29,0.76
2013-01-29,600741,0.31,0.24,0.36,0.08,276547,286065856.0,100.0,-14.29,-0.04,1.07
2013-01-30,600741,0.19,0.11,0.24,-0.05,221209,225685060.0,120.83,-54.17,-0.13,0.86
2013-01-31,600741,0.08,-0.02,0.11,-0.08,154486,156495829.0,172.73,-118.18,-0.13,0.6
2013-02-01,600741,-0.06,0.03,0.06,-0.18,209299,210731926.0,-1200.0,250.0,0.05,0.81
2013-02-04,600741,0.1,0.06,0.17,-0.06,196945,200682504.0,766.67,100.0,0.03,0.76
2013-02-05,600741,0.03,0.31,0.37,-0.02,365512,377575232.0,650.0,416.67,0.25,1.41
2013-02-06,600741,0.34,0.32,0.44,0.19,188672,196632547.0,80.65,3.23,0.01,0.73
2013-02-07,600741,0.26,0.2,0.31,0.11,164505,170393278.0,62.5,-37.5,-0.12,0.64
2013-02-08,600741,0.26,0.64,0.75,0.26,471219,505092944.0,245.0,220.0,0.44,1.82
2013-02-18,600741,0.69,0.69,0.82,0.56,313273,339764704.0,40.63,7.81,0.05,1.21
2013-02-19,600741,0.64,0.32,0.65,0.27,194820,205074192.0,55.07,-53.62,-0.37,0.75
2013-02-20,600741,0.3,0.29,0.48,0.15,216313,226561584.0,103.13,-9.38,-0.03,0.84
2013-02-21,600741,0.28,-0.04,0.28,-0.18,271795,274671808.0,158.62,-113.79,-0.33,1.05
2013-02-22,600741,-0.08,-0.4,-0.02,-0.46,288770,285417680.0,-1100.0,-900.0,-0.36,1.12
2013-02-25,600741,-0.39,-0.38,-0.28,-0.44,152438,148698660.0,-40.0,5.0,0.02,0.59
2013-02-26,600741,-0.4,-0.45,-0.25,-0.49,116159,113432499.0,-63.16,-18.42,-0.07,0.45
2013-02-27,600741,-0.46,-0.38,-0.34,-0.49,80763,78532979.0,-33.33,15.56,0.07,0.31
2013-02-28,600741,-0.35,-0.15,-0.15,-0.42,153447,152112944.0,-71.05,60.53,0.23,0.59
2013-03-01,600741,-0.17,-0.28,-0.09,-0.37,135451,134006369.0,-186.67,-86.67,-0.13,0.52
2013-03-04,600741,-0.35,-0.74,-0.29,-0.81,194069,184237732.0,-185.71,-164.29,-0.46,0.75
2013-03-05,600741,-0.75,-0.66,-0.63,-0.85,108679,102469410.0,-29.73,10.81,0.08,0.42
2013-03-06,600741,-0.65,-0.52,-0.48,-0.76,133804,127720323.0,-42.42,21.21,0.14,0.52
2013-03-07,600741,-0.59,-0.63,-0.49,-0.69,100626,96037774.0,-38.46,-21.15,-0.11,0.39
2013-03-08,600741,-0.6,-0.58,-0.5,-0.65,70882,67986085.0,-23.81,7.94,0.05,0.27
2013-03-11,600741,-0.61,-0.75,-0.6,-0.76,76470,72147353.0,-27.59,-29.31,-0.17,0.3
2013-03-12,600741,-0.75,-0.85,-0.66,-0.86,111435,104317042.0,-26.67,-13.33,-0.1,0.43
2013-03-13,600741,-0.84,-0.98,-0.79,-1.01,90122,82799621.0,-25.88,-15.29,-0.13,0.35
2013-03-14,600741,-0.98,-0.87,-0.84,-1.0,84242,77866743.0,-16.33,11.22,0.11,0.33
2013-03-15,600741,-0.87,-0.89,-0.68,-0.95,80143,74907239.0,-31.03,-2.3,-0.02,0.31
2013-03-18,600741,-1.14,-0.97,-0.93,-1.21,113159,102975495.0,-31.46,-8.99,-0.08,0.44
2013-03-19,600741,-0.94,-0.87,-0.87,-1.05,54082,49715376.0,-18.56,10.31,0.1,0.21
2013-03-20,600741,-0.83,-0.61,-0.6,-0.87,128676,121983536.0,-31.03,29.89,0.26,0.5
2013-03-21,600741,-0.61,-0.6,-0.58,-0.7,70866,67481265.0,-19.67,1.64,0.01,0.27
2013-03-22,600741,-0.62,-0.5,-0.49,-0.64,79481,76236710.0,-25.0,16.67,0.1,0.31
2013-03-25,600741,-0.53,-0.85,-0.53,-0.94,205940,192841333.0,-82.0,-70.0,-0.35,0.8
2013-03-26,600741,-0.84,-0.95,-0.8,-0.98,104378,96298954.0,-21.18,-11.76,-0.1,0.4
2013-03-27,600741,-0.9,-0.92,-0.84,-1.01,83680,77125580.0,-17.89,3.16,0.03,0.32
2013-03-28,600741,-0.98,-1.03,-0.97,-1.13,111019,100875891.0,-17.39,-11.96,-0.11,0.43
2013-03-29,600741,-1.01,-1.01,-0.96,-1.07,38951,35551837.0,-10.68,1.94,0.02,0.15
2013-04-01,600741,-1.0,-1.09,-0.99,-1.12,80613,73027436.0,-12.87,-7.92,-0.08,0.31
2013-04-02,600741,-1.07,-1.05,-1.0,-1.12,61194,55536195.0,-11.01,3.67,0.04,0.24
2013-04-03,600741,-1.05,-1.12,-1.0,-1.16,64180,58181378.0,-15.24,-6.67,-0.07,0.25
2013-04-08,600741,-1.2,-1.11,-1.07,-1.25,86751,78189370.0,-16.07,0.89,0.01,0.34
2013-04-09,600741,-1.07,-0.9,-0.85,-1.09,162995,149763436.0,-21.62,18.92,0.21,0.63
2013-04-10,600741,-0.94,-0.92,-0.77,-0.97,95569,88589905.0,-22.22,-2.22,-0.02,0.37
2013-04-11,600741,-0.88,-1.06,-0.82,-1.07,113283,104212088.0,-27.17,-15.22,-0.14,0.44
2013-04-12,600741,-1.06,-1.03,-0.94,-1.09,70574,64396082.0,-14.15,2.83,0.03,0.27
2013-04-15,600741,-1.0,-1.08,-0.95,-1.09,52142,47583990.0,-13.59,-4.85,-0.05,0.2
2013-04-16,600741,-1.13,-0.95,-0.93,-1.13,76285,69600712.0,-18.52,12.04,0.13,0.3
2013-04-17,600741,-0.9,-0.88,-0.86,-1.0,96247,88854841.0,-14.74,7.37,0.07,0.37
2013-04-18,600741,-0.97,-0.86,-0.79,-0.97,67442,62633101.0,-20.45,2.27,0.02,0.26
2013-04-19,600741,-0.82,-0.79,-0.7,-0.88,169097,158561783.0,-20.93,8.14,0.07,0.65
2013-04-22,600741,-0.81,-0.8,-0.78,-0.86,73629,68662528.0,-10.13,-1.27,-0.01,0.29
2013-04-23,600741,-0.8,-1.04,-0.8,-1.06,97133,89032321.0,-32.5,-30.0,-0.24,0.38
2013-04-24,600741,-1.04,-1.06,-0.97,-1.15,161866,147080416.0,-17.31,-1.92,-0.02,0.63
2013-04-25,600741,-1.01,-1.09,-1.01,-1.13,122027,110679872.0,-11.32,-2.83,-0.03,0.47
2013-04-26,600741,-1.01,-1.09,-1.01,-1.12,58140,52689888.0,-10.09,0.0,0.0,0.23
2013-05-02,600741,-1.14,-1.08,-1.07,-1.18,80498,72571831.0,-10.09,0.92,0.01,0.31
2013-05-03,600741,-1.08,-1.03,-0.92,-1.1,188533,172274100.0,-16.67,4.63,0.05,0.73
2013-05-06,600741,-1.0,-0.9,-0.85,-1.05,155973,143389639.0,-19.42,12.62,0.13,0.6
2013-05-07,600741,-0.94,-0.86,-0.85,-0.97,112514,104020051.0,-13.33,4.44,0.04,0.44
2013-05-08,600741,-0.85,-0.77,-0.66,-0.86,251635,236093092.0,-23.26,10.47,0.09,0.97
2013-05-09,600741,-0.78,-0.97,-0.76,-1.06,166455,153209672.0,-38.96,-25.97,-0.2,0.64
2013-05-10,600741,-1.0,-0.92,-0.92,-1.05,90902,83346449.0,-13.4,5.15,0.05,0.35
2013-05-13,600741,-0.9,-0.96,-0.83,-1.0,111884,103368824.0,-18.48,-4.35,-0.04,0.43
2013-05-14,600741,-1.0,-1.09,-0.97,-1.15,115476,104763244.0,-18.75,-13.54,-0.13,0.45
2013-05-15,600741,-1.09,-1.05,-1.04,-1.11,61946,56178672.0,-6.42,3.67,0.04,0.24
2013-05-16,600741,-1.04,-0.98,-0.97,-1.16,158865,144205606.0,-18.1,6.67,0.07,0.61
2013-05-17,600741,-0.99,-0.85,-0.85,-1.04,195464,180067599.0,-19.39,13.27,0.13,0.76
2013-05-20,600741,-0.84,-0.85,-0.8,-0.91,222668,206995326.0,-12.94,0.0,0.0,0.86
2013-05-21,600741,-0.85,-0.79,-0.68,-0.87,276592,259060361.0,-22.35,7.06,0.06,1.07
2013-05-22,600741,-0.76,-0.74,-0.62,-0.8,244349,230724685.0,-22.78,6.33,0.05,0.95
2013-05-23,600741,-0.76,-0.92,-0.72,-0.92,207670,193469868.0,-27.03,-24.32,-0.18,0.8
2013-05-24,600741,-0.87,-0.9,-0.85,-0.96,116040,107245698.0,-11.96,2.17,0.02,0.45
2013-05-27,600741,-0.88,-0.79,-0.78,-0.91,234872,218496824.0,-14.44,12.22,0.11,0.91
2013-05-28,600741,-0.79,-0.71,-0.71,-0.89,233550,218387386.0,-22.78,10.13,0.08,0.9
2013-05-29,600741,-0.69,-0.39,-0.29,-0.7,637001,618381792.0,-57.75,45.07,0.32,2.47
2013-05-30,600741,-0.45,-0.44,-0.35,-0.55,242287,234556733.0,-51.28,-12.82,-0.05,0.94
2013-05-31,600741,-0.4,-0.49,-0.2,-0.5,282567,277385008.0,-68.18,-11.36,-0.05,1.09
2013-06-03,600741,-0.45,-0.6,-0.41,-0.63,204135,195886029.0,-44.9,-22.45,-0.11,0.79
2013-06-04,600741,-0.63,-0.76,-0.56,-0.82,179266,169517317.0,-43.33,-26.67,-0.16,0.69
2013-06-05,600741,-0.76,-0.73,-0.73,-0.85,128185,120095514.0,-15.79,3.95,0.03,0.5
2013-06-06,600741,-0.77,-0.82,-0.63,-0.83,140558,132600522.0,-27.4,-12.33,-0.09,0.54
2013-06-07,600741,-0.78,-1.01,-0.76,-1.05,141322,130115065.0,-35.37,-23.17,-0.19,0.55
2013-06-13,600741,-1.12,-1.38,-1.12,-1.45,252120,221869665.0,-32.67,-36.63,-0.37,0.98
2013-06-14,600741,-1.33,-1.35,-1.31,-1.44,151697,133199121.0,-9.42,2.17,0.03,0.59
2013-06-17,600741,-1.35,-1.48,-1.32,-1.49,135179,118078783.0,-12.59,-9.63,-0.13,0.52
2013-06-18,600741,-1.45,-1.48,-1.39,-1.55,147602,127932150.0,-10.81,0.0,0.0,0.57
2013-06-19,600741,-1.48,-1.65,-1.48,-1.75,156565,133201656.0,-18.24,-11.49,-0.17,0.61
2013-06-20,600741,-1.69,-1.75,-1.66,-1.78,93986,79250960.0,-7.27,-6.06,-0.1,0.36
2013-06-21,600741,-1.8,-1.73,-1.68,-1.94,108378,90639115.0,-14.86,1.14,0.02,0.42
2013-06-24,600741,-1.75,-2.15,-1.68,-2.2,144636,117441602.0,-30.06,-24.28,-0.42,0.56
2013-06-25,600741,-2.2,-2.14,-2.07,-2.65,199182,156302986.0,-26.98,0.47,0.01,0.77
2013-06-26,600741,-2.14,-2.29,-2.1,-2.33,154411,122258007.0,-10.75,-7.01,-0.15,0.6
2013-06-27,600741,-2.25,-2.36,-2.17,-2.45,245332,192176257.0,-12.23,-3.06,-0.07,0.95
2013-06-28,600741,-2.39,-2.35,-2.21,-2.54,210617,164592350.0,-13.98,0.42,0.01,0.82
2013-07-01,600741,-2.36,-2.41,-2.28,-2.55,174487,134553087.0,-11.49,-2.55,-0.06,0.68
2013-07-02,600741,-2.38,-2.23,-2.22,-2.43,163775,128206053.0,-8.71,7.47,0.18,0.63
2013-07-03,600741,-2.3,-2.22,-2.17,-2.32,132431,104617559.0,-6.73,0.45,0.01,0.51
2013-07-04,600741,-2.23,-2.14,-2.08,-2.29,122036,97529604.0,-9.46,3.6,0.08,0.47
2013-07-05,600741,-2.11,-2.16,-2.08,-2.22,112732,90169006.0,-6.54,-0.93,-0.02,0.44
2013-07-08,600741,-2.2,-2.48,-2.17,-2.49,103791,77036567.0,-14.81,-14.81,-0.32,0.4
2013-07-09,600741,-2.48,-2.5,-2.41,-2.58,88220,64100109.0,-6.85,-0.81,-0.02,0.34
2013-07-10,600741,-2.5,-2.29,-2.28,-2.53,82520,60949354.0,-10.0,8.4,0.21,0.32
2013-07-11,600741,-2.29,-2.03,-1.95,-2.32,150643,116032722.0,-16.16,11.35,0.26,0.58
2013-07-12,600741,-1.99,-2.21,-1.97,-2.22,146773,112651304.0,-12.32,-8.87,-0.18,0.57
2013-07-15,600741,-2.14,-2.1,-2.01,-2.16,77276,59529543.0,-6.79,4.98,0.11,0.3
2013-07-16,600741,-2.12,-2.0,-1.99,-2.17,107815,83285555.0,-8.57,4.76,0.1,0.42
2013-07-17,600741,-2.03,-2.15,-1.97,-2.16,95236,73440444.0,-9.5,-7.5,-0.15,0.37
2013-07-18,600741,-2.16,-2.27,-2.12,-2.29,94981,71695764.0,-7.91,-5.58,-0.12,0.37
2013-07-19,600741,-2.27,-2.45,-2.23,-2.47,90160,67125817.0,-10.57,-7.93,-0.18,0.35
2013-07-22,600741,-2.44,-2.29,-2.24,-2.53,59381,43906340.0,-11.84,6.53,0.16,0.23
2013-07-23,600741,-2.28,-2.17,-2.13,-2.34,119605,90482282.0,-9.17,5.24,0.12,0.46
2013-07-24,600741,-2.2,-2.21,-2.18,-2.37,80442,60507796.0,-8.76,-1.84,-0.04,0.31
2013-07-25,600741,-2.2,-2.34,-2.16,-2.35,91298,68333760.0,-8.6,-5.88,-0.13,0.35
2013-07-26,600741,-2.37,-2.31,-2.27,-2.42,47013,34917865.0,-6.41,1.28,0.03,0.18
2013-07-29,600741,-2.37,-2.45,-2.34,-2.46,56102,41294287.0,-5.19,-6.06,-0.14,0.22
2013-07-30,600741,-2.45,-2.44,-2.31,-2.46,71016,52370103.0,-6.12,0.41,0.01,0.27
2013-07-31,600741,-2.42,-2.43,-2.34,-2.46,69013,50821202.0,-4.92,0.41,0.01,0.27
2013-08-01,600741,-2.41,-2.32,-2.31,-2.45,103485,76565107.0,-5.76,4.53,0.11,0.4
2013-08-02,600741,-2.3,-2.32,-2.25,-2.36,103130,77163333.0,-4.74,0.0,0.0,0.4
2013-08-05,600741,-2.32,-2.06,-2.01,-2.34,153405,116668177.0,-14.22,11.21,0.26,0.59
2013-08-06,600741,-2.08,-1.81,-1.7,-2.13,283231,223370962.0,-20.87,12.14,0.25,1.1
2013-08-07,600741,-1.87,-1.96,-1.76,-1.98,126984,100474059.0,-12.15,-8.29,-0.15,0.49
2013-08-08,600741,-1.97,-1.92,-1.83,-1.99,101237,79776228.0,-8.16,2.04,0.04,0.39
2013-08-09,600741,-1.89,-1.86,-1.79,-1.99,101651,80386541.0,-10.42,3.13,0.06,0.39
2013-08-12,600741,-1.79,-1.76,-1.71,-1.86,116197,92873406.0,-8.06,5.38,0.1,0.45
2013-08-13,600741,-1.74,-1.72,-1.71,-1.82,81914,65598469.0,-6.25,2.27,0.04,0.32
2013-08-14,600741,-0.91,-0.91,-0.91,-0.91,123124,109210642.0,0.0,47.09,0.81,0.48
2013-08-15,600741,-0.63,-0.56,-0.18,-0.88,1121549,1041450016.0,-76.92,38.46,0.35,4.34
2013-08-16,600741,-0.56,-0.62,0.09,-0.66,656093,617104928.0,-133.93,-10.71,-0.06,2.54
2013-08-19,600741,-0.74,-0.37,-0.26,-0.85,354837,329583904.0,-95.16,40.32,0.25,1.37
2013-08-20,600741,-0.43,-0.61,-0.39,-0.69,257637,238065308.0,-81.08,-64.86,-0.24,1.0
2013-08-21,600741,-0.64,-0.58,-0.4,-0.67,210161,193741080.0,-44.26,4.92,0.03,0.81
2013-08-22,600741,-0.57,-0.69,-0.53,-0.71,113137,103314544.0,-31.03,-18.97,-0.11,0.44
2013-08-23,600741,-0.66,-0.71,-0.63,-0.91,130224,117778221.0,-40.58,-2.9,-0.02,0.5
2013-08-26,600741,-0.77,-0.39,-0.37,-0.81,262841,245044470.0,-61.97,45.07,0.32,1.02
2013-08-27,600741,-0.39,-0.33,-0.14,-0.43,223617,213109021.0,-74.36,15.38,0.06,0.87
2013-08-28,600741,-0.41,-0.44,-0.34,-0.55,136576,127456933.0,-63.64,-33.33,-0.11,0.53
2013-08-29,600741,-0.45,-0.69,-0.45,-0.72,144757,132168401.0,-61.36,-56.82,-0.25,0.56
2013-08-30,600741,-0.66,-0.7,-0.54,-0.76,119028,108381301.0,-31.88,-1.45,-0.01,0.46
2013-09-02,600741,-0.68,-0.68,-0.62,-0.88,133775,120625333.0,-37.14,2.86,0.02,0.52
2013-09-03,600741,-0.68,-0.53,-0.48,-0.72,142562,131251597.0,-35.29,22.06,0.15,0.55
2013-09-04,600741,-0.56,-0.62,-0.47,-0.67,89347,82041998.0,-37.74,-16.98,-0.09,0.35
2013-09-05,600741,-0.65,-0.71,-0.56,-0.76,111172,101513920.0,-32.26,-14.52,-0.09,0.43
2013-09-06,600741,-0.73,-0.63,-0.59,-0.77,141978,129267845.0,-25.35,11.27,0.08,0.55
2013-09-09,600741,-0.61,-0.53,-0.4,-0.68,200507,185930851.0,-44.44,15.87,0.1,0.78
2013-09-10,600741,-0.5,-0.39,-0.33,-0.63,150661,140343264.0,-56.6,26.42,0.14,0.58
2013-09-11,600741,-0.37,-0.39,-0.23,-0.44,192836,182202917.0,-53.85,0.0,0.0,0.75
2013-09-12,600741,-0.35,-0.39,-0.35,-0.51,123320,115199289.0,-41.03,0.0,0.0,0.48
2013-09-13,600741,-0.33,-0.51,-0.29,-0.55,95462,89275570.0,-66.67,-30.77,-0.12,0.37
2013-09-16,600741,-0.49,-0.67,-0.43,-0.69,109873,100709657.0,-50.98,-31.37,-0.16,0.43
2013-09-17,600741,-0.66,-0.53,-0.35,-0.66,333965,309906496.0,-46.27,20.9,0.14,1.29
2013-09-18,600741,-0.49,-0.59,-0.49,-0.68,75390,69180140.0,-35.85,-11.32,-0.06,0.29
2013-09-23,600741,-0.58,-0.31,-0.28,-0.59,160953,151458317.0,-52.54,47.46,0.28,0.62
2013-09-24,600741,-0.36,-0.32,-0.29,-0.55,103116,96636157.0,-83.87,-3.23,-0.01,0.4
2013-09-25,600741,-0.36,-0.48,-0.17,-0.52,116968,110543400.0,-109.38,-50.0,-0.16,0.45
2013-09-26,600741,-0.5,-0.42,-0.28,-0.65,171750,160007068.0,-77.08,12.5,0.06,0.66
2013-09-27,600741,-0.47,-0.54,-0.42,-0.56,59187,54827407.0,-33.33,-28.57,-0.12,0.23
2013-09-30,600741,-0.48,-0.48,-0.39,-0.54,44450,41283131.0,-27.78,11.11,0.06,0.17
2013-10-08,600741,-0.48,-0.36,-0.36,-0.59,82899,77576208.0,-47.92,25.0,0.12,0.32
2013-10-09,600741,-0.34,-0.24,-0.19,-0.38,143152,136136490.0,-52.78,33.33,0.12,0.55
2013-10-10,600741,-0.22,0.24,0.32,-0.27,321888,319193840.0,-245.83,200.0,0.48,1.25
2013-10-11,600741,0.25,0.63,0.72,0.24,367931,380041712.0,200.0,162.5,0.39,1.42
2013-10-14,600741,0.62,0.95,1.16,0.58,500469,540855776.0,92.06,50.79,0.32,1.94
2013-10-15,600741,0.92,0.77,0.94,0.54,183157,192304026.0,42.11,-18.95,-0.18,0.71
2013-10-16,600741,0.71,0.42,0.75,0.34,189188,194303019.0,53.25,-45.45,-0.35,0.73
2013-10-17,600741,0.47,0.43,0.59,0.25,173972,176702466.0,80.95,2.38,0.01,0.67
2013-10-18,600741,0.47,0.34,0.47,0.22,118678,120006915.0,58.14,-20.93,-0.09,0.46
2013-10-21,600741,0.36,0.6,0.67,0.17,116143,119031535.0,147.06,76.47,0.26,0.45
2013-10-22,600741,0.55,0.23,0.67,0.19,158448,160513906.0,80.0,-61.67,-0.37,0.61
2013-10-23,600741,0.23,0.27,0.51,0.1,135991,137571743.0,178.26,17.39,0.04,0.53
2013-10-24,600741,0.27,0.84,0.86,0.2,284057,296984352.0,244.44,211.11,0.57,1.1
2013-10-25,600741,0.82,0.63,0.91,0.54,236661,247899317.0,44.05,-25.0,-0.21,0.92
2013-10-28,600741,0.63,0.41,0.69,0.34,107655,109987850.0,55.56,-34.92,-0.22,0.42
2013-10-29,600741,0.4,0.34,0.79,0.04,276105,282155648.0,182.93,-17.07,-0.07,1.07
2013-10-30,600741,0.38,0.71,0.82,0.29,207767,216691949.0,155.88,108.82,0.37,0.8
2013-10-31,600741,0.72,0.5,0.73,0.42,87758,90735574.0,43.66,-29.58,-0.21,0.34
2013-11-01,600741,0.57,0.61,0.84,0.51,122648,128257520.0,66.0,22.0,0.11,0.47
2013-11-04,600741,0.71,0.68,0.9,0.58,172636,182362780.0,52.46,11.48,0.07,0.67
2013-11-05,600741,0.64,0.52,0.65,0.45,231062,238080737.0,29.41,-23.53,-0.16,0.89
2013-11-06,600741,0.51,0.24,0.55,0.08,230463,231494491.0,90.38,-53.85,-0.28,0.89
2013-11-07,600741,0.28,0.17,0.3,0.12,60014,59873348.0,75.0,-29.17,-0.07,0.23
2013-11-08,600741,0.17,-0.02,0.3,-0.08,127128,125103236.0,223.53,-111.76,-0.19,0.49
2013-11-11,600741,-0.02,0.1,0.16,-0.06,40359,39722588.0,-1100.0,600.0,0.12,0.16
2013-11-12,600741,0.2,0.05,0.22,0.03,76605,75717982.0,190.0,-50.0,-0.05,0.3
2013-11-13,600741,-0.02,-0.24,0.03,-0.4,175903,169009271.0,860.0,-580.0,-0.29,0.68
2013-11-14,600741,-0.15,0.34,0.36,-0.33,156395,154128001.0,-287.5,241.67,0.58,0.61
2013-11-15,600741,0.32,0.57,0.94,0.3,307393,322644288.0,188.24,67.65,0.23,1.19
2013-11-18,600741,0.58,0.79,0.84,0.57,179473,189201997.0,47.37,38.6,0.22,0.69
2013-11-19,600741,0.79,0.7,0.84,0.6,133913,140867957.0,30.38,-11.39,-0.09,0.52
2013-11-20,600741,0.72,0.83,0.87,0.65,103252,108790859.0,31.43,18.57,0.13,0.4
2013-11-21,600741,0.83,0.68,0.83,0.63,95329,99718087.0,24.1,-18.07,-0.15,0.37
2013-11-22,600741,0.7,0.58,0.72,0.47,72620,75186532.0,36.76,-14.71,-0.1,0.28
2013-11-25,600741,0.51,0.37,0.64,0.36,99291,101642124.0,48.28,-36.21,-0.21,0.38
2013-11-26,600741,0.33,0.37,0.5,0.3,69895,71035375.0,54.05,0.0,0.0,0.27
2013-11-27,600741,0.42,0.44,0.49,0.26,82056,83614773.0,62.16,18.92,0.07,0.32
2013-11-28,600741,0.42,0.69,0.82,0.42,138450,144237091.0,90.91,56.82,0.25,0.54
2013-11-29,600741,0.69,0.59,0.76,0.52,78369,81261916.0,34.78,-14.49,-0.1,0.3
2013-12-02,600741,0.42,0.56,0.7,0.41,144171,149416503.0,49.15,-5.08,-0.03,0.56
2013-12-03,600741,0.55,0.83,0.87,0.55,195379,206411689.0,57.14,48.21,0.27,0.76
2013-12-04,600741,0.83,1.28,1.37,0.82,338101,372197296.0,66.27,54.22,0.45,1.31
2013-12-05,600741,1.26,1.37,1.54,1.23,265621,296613184.0,24.22,7.03,0.09,1.03
2013-12-06,600741,1.45,1.35,1.5,1.29,110264,122782719.0,15.33,-1.46,-0.02,0.43
2013-12-09,600741,1.42,1.42,1.51,1.32,81979,91890135.0,14.07,5.19,0.07,0.32
2013-12-10,600741,1.41,1.51,1.69,1.32,111216,125585978.0,26.06,6.34,0.09,0.43
2013-12-11,600741,1.52,1.34,1.56,1.19,112106,124639566.0,24.5,-11.26,-0.17,0.43
2013-12-12,600741,1.34,1.33,1.4,1.28,61879,68947841.0,8.96,-0.75,-0.01,0.24
2013-12-13,600741,1.31,1.38,1.49,1.29,79343,88589377.0,15.04,3.76,0.05,0.31
2013-12-16,600741,1.38,1.09,1.45,1.0,264713,288845632.0,32.61,-21.01,-0.29,1.02
2013-12-17,600741,1.05,0.99,1.09,0.82,88119,94503675.0,24.77,-9.17,-0.1,0.34
2013-12-18,600741,1.01,0.99,1.04,0.83,54896,59002781.0,21.21,0.0,0.0,0.21
2013-12-19,600741,1.07,0.96,1.21,0.82,97970,105586771.0,39.39,-3.03,-0.03,0.38
2013-12-20,600741,1.0,0.87,1.01,0.79,99198,105755284.0,22.92,-9.38,-0.09,0.38
2013-12-23,600741,0.94,0.79,0.94,0.61,65511,69053511.0,37.93,-9.2,-0.08,0.25
2013-12-24,600741,0.8,0.82,1.0,0.7,56611,60181472.0,37.97,3.8,0.03,0.22
2013-12-25,600741,0.82,0.61,0.89,0.57,90932,94982193.0,39.02,-25.61,-0.21,0.35
2013-12-26,600741,0.62,0.25,0.65,0.12,177191,179074995.0,86.89,-59.02,-0.36,0.69
2013-12-27,600741,0.32,0.3,0.42,0.17,138568,139546685.0,100.0,20.0,0.05,0.54
2013-12-30,600741,0.35,0.28,0.41,0.2,53634,53920966.0,70.0,-6.67,-0.02,0.21
2013-12-31,600741,0.23,0.36,0.38,0.18,41879,42271136.0,71.43,28.57,0.08,0.16
2014-01-02,600741,0.34,0.14,0.35,0.07,82524,82172055.0,77.78,-61.11,-0.22,0.32
2014-01-03,600741,0.09,-0.39,0.14,-0.43,241645,229972351.0,407.14,-378.57,-0.53,0.94
2014-01-06,600741,-0.39,-0.41,-0.32,-0.67,105203,97791144.0,-89.74,-5.13,-0.02,0.41
2014-01-07,600741,-0.48,-0.44,-0.29,-0.49,48739,45744534.0,-48.78,-7.32,-0.03,0.19
2014-01-08,600741,-0.38,-0.63,-0.3,-0.67,116219,107420671.0,-84.09,-43.18,-0.19,0.45
2014-01-09,600741,-0.64,-0.82,-0.52,-0.93,183358,165538519.0,-65.08,-30.16,-0.19,0.71
2014-01-10,600741,-0.86,-0.79,-0.75,-0.88,47434,42547397.0,-15.85,3.66,0.03,0.18
2014-01-13,600741,-0.76,-0.78,-0.71,-0.86,41603,37449124.0,-18.99,1.27,0.01,0.16
2014-01-14,600741,-0.76,-0.69,-0.64,-0.8,59187,53654948.0,-20.51,11.54,0.09,0.23
2014-01-15,600741,-0.68,-0.84,-0.68,-0.87,54916,49316970.0,-27.54,-21.74,-0.15,0.21
2014-01-16,600741,-0.82,-1.04,-0.79,-1.05,99372,88085392.0,-30.95,-23.81,-0.2,0.38
2014-01-17,600741,-1.07,-1.18,-0.93,-1.2,82854,71977832.0,-25.96,-13.46,-0.14,0.32
2014-01-20,600741,-1.17,-1.3,-1.13,-1.45,86637,73530308.0,-27.12,-10.17,-0.12,0.34
2014-01-21,600741,-1.27,-1.27,-1.18,-1.3,80868,68899488.0,-9.23,2.31,0.03,0.31
2014-01-22,600741,-1.25,-0.81,-0.79,-1.25,139995,123374676.0,-36.22,36.22,0.46,0.54
2014-01-23,600741,-0.8,-0.8,-0.69,-0.83,82836,74592707.0,-17.28,1.23,0.01,0.32
2014-01-24,600741,-0.81,-0.72,-0.59,-0.87,111113,100786965.0,-35.0,10.0,0.08,0.43
2014-01-27,600741,-0.75,-0.83,-0.75,-0.86,46508,41683966.0,-15.28,-15.28,-0.11,0.18
2014-01-28,600741,-0.8,-0.86,-0.7,-0.92,74528,66466943.0,-26.51,-3.61,-0.03,0.29
2014-01-29,600741,-0.79,-0.87,-0.78,-0.93,49459,44130045.0,-17.44,-1.16,-0.01,0.19
2014-01-30,600741,-0.85,-0.93,-0.83,-0.99,39093,34680071.0,-18.39,-6.9,-0.06,0.15
2014-02-07,600741,-0.98,-0.83,-0.8,-1.02,38150,33920979.0,-23.66,10.75,0.1,0.15
2014-02-10,600741,-0.77,-0.54,-0.52,-0.8,217019,198685784.0,-33.73,34.94,0.29,0.84
2014-02-11,600741,-0.54,-0.58,-0.52,-0.65,121060,111298979.0,-24.07,-7.41,-0.04,0.47
2014-02-12,600741,-0.63,-0.52,-0.5,-0.63,97112,89506363.0,-22.41,10.34,0.06,0.38
2014-02-13,600741,-0.53,-0.66,-0.49,-0.69,130486,120182282.0,-38.46,-26.92,-0.14,0.51
2014-02-14,600741,-0.67,-0.66,-0.61,-0.78,107253,97418495.0,-25.76,0.0,0.0,0.42
2014-02-17,600741,-0.66,-0.48,-0.41,-0.73,169214,155924299.0,-48.48,27.27,0.18,0.66
2014-02-18,600741,-0.48,0.08,0.1,-0.55,392375,378039440.0,-135.42,116.67,0.56,1.52
2014-02-19,600741,0.22,0.26,0.62,-0.02,551855,557766816.0,800.0,225.0,0.18,2.14
2014-02-20,600741,0.4,0.46,0.97,0.4,428088,446258464.0,219.23,76.92,0.2,1.66
2014-02-21,600741,0.46,0.16,0.46,0.04,252954,251784413.0,91.3,-65.22,-0.3,0.98
2014-02-24,600741,0.06,-0.19,0.06,-0.37,204020,195285923.0,268.75,-218.75,-0.35,0.79
2014-02-25,600741,-0.2,-0.62,-0.15,-0.76,239032,223505233.0,-321.05,-226.32,-0.43,0.93
2014-02-26,600741,-0.68,-0.52,-0.4,-0.71,174266,161478070.0,-50.0,16.13,0.1,0.67
2014-02-27,600741,-0.49,-0.54,-0.24,-0.61,199057,185447160.0,-71.15,-3.85,-0.02,0.77
2014-02-28,600741,-0.61,-0.69,-0.59,-0.88,251485,226802645.0,-53.7,-27.78,-0.15,0.97
2014-03-03,600741,-0.62,-0.41,-0.28,-0.7,236713,221432453.0,-60.87,40.58,0.28,0.92
2014-03-04,600741,-0.48,-0.36,-0.28,-0.56,161780,151001428.0,-68.29,12.2,0.05,0.63
2014-03-05,600741,-0.3,-0.53,-0.27,-0.6,146101,136428373.0,-91.67,-47.22,-0.17,0.57
2014-03-06,600741,-0.56,-0.61,-0.56,-0.74,120142,109698495.0,-33.96,-15.09,-0.08,0.47
2014-03-07,600741,-0.6,-0.74,-0.55,-0.88,176123,159532544.0,-54.1,-21.31,-0.13,0.68
2014-03-10,600741,-0.86,-1.14,-0.8,-1.19,144951,127405403.0,-52.7,-54.05,-0.4,0.56
2014-03-11,600741,-1.12,-1.06,-0.99,-1.18,96887,84198609.0,-16.67,7.02,0.08,0.38
2014-03-12,600741,-1.12,-1.08,-1.02,-1.18,75368,65417657.0,-15.09,-1.89,-0.02,0.29
2014-03-13,600741,-1.06,-0.88,-0.81,-1.06,199823,177302416.0,-23.15,18.52,0.2,0.77
2014-03-14,600741,-0.94,-0.25,-0.12,-0.98,505465,471001088.0,-97.73,71.59,0.63,1.96
2014-03-17,600741,-0.33,-0.02,0.08,-0.33,319996,311912832.0,-164.0,92.0,0.23,1.24
2014-03-18,600741,-0.05,0.01,0.36,-0.1,272155,270057728.0,-2300.0,150.0,0.03,1.05
2014-03-19,600741,0.0,-0.17,0.15,-0.2,231802,225605323.0,3500.0,-1800.0,-0.18,0.9
2014-03-20,600741,-0.13,-0.37,0.07,-0.39,168368,161694001.0,-270.59,-117.65,-0.2,0.65
2014-03-21,600741,-0.34,-0.07,-0.05,-0.54,274572,261437288.0,-132.43,81.08,0.3,1.06
2014-03-24,600741,-0.13,-0.21,-0.1,-0.42,273182,258861218.0,-457.14,-200.0,-0.14,1.06
2014-03-25,600741,-0.23,0.15,0.19,-0.34,304915,299913280.0,-252.38,171.43,0.36,1.18
2014-03-26,600741,0.08,0.32,0.52,0.06,371860,373997344.0,306.67,113.33,0.17,1.44
2014-03-27,600741,0.31,-0.1,0.31,-0.11,309572,303864320.0,131.25,-131.25,-0.42,1.2
2014-03-28,600741,-0.03,-0.16,0.27,-0.19,198321,194714167.0,-460.0,-60.0,-0.06,0.77
2014-03-31,600741,-0.13,-0.18,0.01,-0.28,126395,121636548.0,-181.25,-12.5,-0.02,0.49
2014-04-01,600741,-0.15,0.0,0.07,-0.18,102578,99950057.0,-138.89,0.0,0.0,0.4
2014-04-02,600741,0.02,0.12,0.16,-0.02,148998,146940272.0,0.0,0.0,0.0,0.58
2014-04-03,600741,0.13,-0.16,0.17,-0.18,133718,130268979.0,291.67,-233.33,-0.28,0.52
2014-04-04,600741,-0.16,-0.07,-0.02,-0.16,63796,61828730.0,-87.5,56.25,0.09,0.25
2014-04-08,600741,-0.12,0.28,0.4,-0.14,251477,250918570.0,-771.43,500.0,0.35,0.97
2014-04-09,600741,0.27,0.18,0.33,0.11,166149,165927988.0,78.57,-35.71,-0.1,0.64
2014-04-10,600741,0.22,0.32,0.37,0.12,147137,147731559.0,138.89,77.78,0.14,0.57
2014-04-11,600741,0.31,0.28,0.41,0.2,133079,134176444.0,65.63,-12.5,-0.04,0.52
2014-04-14,600741,0.32,0.18,0.38,0.09,153358,153212877.0,103.57,-35.71,-0.1,0.59
2014-04-15,600741,0.13,-0.1,0.19,-0.18,164063,159998596.0,205.56,-155.56,-0.28,0.64
2014-04-16,600741,-0.08,-0.08,-0.04,-0.17,75806,73387541.0,-130.0,20.0,0.02,0.29
2014-04-17,600741,-0.04,0.14,0.21,-0.15,156243,153632797.0,-450.0,275.0,0.22,0.6
2014-04-18,600741,0.15,0.06,0.15,-0.03,111207,109380548.0,128.57,-57.14,-0.08,0.43
2014-04-21,600741,-0.08,-0.28,-0.03,-0.3,171110,164371919.0,450.0,-566.67,-0.34,0.66
2014-04-22,600741,-0.32,-0.21,-0.13,-0.35,95876,91533110.0,-78.57,25.0,0.07,0.37
2014-04-23,600741,-0.27,-0.29,-0.18,-0.37,88218,83802872.0,-90.48,-38.1,-0.08,0.34
2014-04-24,600741,-0.35,-0.51,-0.31,-0.52,117411,109554665.0,-72.41,-75.86,-0.22,0.45
2014-04-25,600741,-0.5,-0.74,-0.46,-0.77,118719,108766956.0,-60.78,-45.1,-0.23,0.46
2014-04-28,600741,-0.74,-0.9,-0.61,-0.93,98903,88523663.0,-43.24,-21.62,-0.16,0.38
2014-04-29,600741,-0.84,-0.59,-0.56,-0.86,115174,104491592.0,-33.33,34.44,0.31,0.45
2014-04-30,600741,-0.46,-0.47,-0.36,-0.52,138608,129117801.0,-27.12,20.34,0.12,0.54
2014-05-05,600741,-0.46,-0.37,-0.36,-0.54,86712,80956033.0,-38.3,21.28,0.1,0.34
2014-05-06,600741,-0.4,-0.33,-0.28,-0.43,78903,74512495.0,-40.54,10.81,0.04,0.31
2014-05-07,600741,-0.36,-0.54,-0.35,-0.57,106154,98609313.0,-66.67,-63.64,-0.21,0.41
2014-05-08,600741,-0.5,-0.55,-0.42,-0.59,91728,84910435.0,-31.48,-1.85,-0.01,0.36
2014-05-09,600741,-0.55,-0.68,-0.51,-0.76,97960,89406317.0,-45.45,-23.64,-0.13,0.38
2014-05-12,600741,-0.59,-0.39,-0.34,-0.64,138380,128710212.0,-44.12,42.65,0.29,0.54
2014-05-13,600741,-0.39,-0.48,-0.36,-0.53,74290,69221175.0,-43.59,-23.08,-0.09,0.29
2014-05-14,600741,-0.48,-0.47,-0.4,-0.5,65808,61314892.0,-20.83,2.08,0.01,0.25
2014-05-15,600741,-0.48,-0.55,-0.44,-0.56,82971,76953862.0,-25.53,-17.02,-0.08,0.32
2014-05-16,600741,-0.52,-0.34,-0.33,-0.56,176487,164923814.0,-41.82,38.18,0.21,0.68
2014-05-19,600741,-0.21,-0.36,-0.2,-0.46,124819,117727639.0,-76.47,-5.88,-0.02,0.48
2014-05-20,600741,-0.28,-0.34,-0.23,-0.45,92969,87637167.0,-61.11,5.56,0.02,0.36
2014-05-21,600741,-0.42,-0.08,-0.06,-0.44,157878,151199814.0,-111.76,76.47,0.26,0.61
2014-05-22,600741,-0.08,-0.21,-0.04,-0.23,93841,90528607.0,-237.5,-162.5,-0.13,0.36
2014-05-23,600741,-0.2,-0.1,-0.1,-0.22,69692,67117208.0,-57.14,52.38,0.11,0.27
2014-05-26,600741,0.06,-0.05,0.08,-0.11,156491,152360237.0,-190.0,50.0,0.05,0.61
2014-05-27,600741,-0.06,-0.19,-0.06,-0.22,86086,82889235.0,-320.0,-280.0,-0.14,0.33
2014-05-28,600741,-0.19,-0.09,-0.03,-0.24,85930,82920095.0,-110.53,52.63,0.1,0.33
2014-05-29,600741,-0.11,-0.24,-0.03,-0.24,69649,67205438.0,-233.33,-166.67,-0.15,0.27
2014-05-30,600741,-0.24,-0.19,-0.11,-0.35,95716,91491011.0,-100.0,20.83,0.05,0.37
2014-06-03,600741,-0.21,-0.31,-0.16,-0.32,70555,67351198.0,-84.21,-63.16,-0.12,0.27
2014-06-04,600741,-0.3,-0.29,-0.24,-0.42,74103,70012296.0,-58.06,6.45,0.02,0.29
2014-06-05,600741,-0.31,-0.2,-0.19,-0.39,68258,64676495.0,-68.97,31.03,0.09,0.26
2014-06-06,600741,-0.23,-0.29,-0.15,-0.35,55238,52618154.0,-100.0,-45.0,-0.09,0.21
2014-06-09,600741,-0.33,-0.18,-0.15,-0.35,92263,88097948.0,-68.97,37.93,0.11,0.36
2014-06-10,600741,-0.18,-0.11,-0.08,-0.25,109607,105480537.0,-94.44,38.89,0.07,0.42
2014-06-11,600741,-0.14,-0.12,-0.08,-0.17,68143,65770478.0,-81.82,-9.09,-0.01,0.26
2014-06-12,600741,-0.12,-0.19,-0.1,-0.2,71978,69272943.0,-83.33,-58.33,-0.07,0.28
2014-06-13,600741,-0.21,-0.07,0.03,-0.22,114887,111589884.0,-131.58,63.16,0.12,0.44
2014-06-16,600741,-0.09,0.07,0.11,-0.09,180123,177191218.0,-285.71,200.0,0.14,0.7
2014-06-17,600741,0.07,-0.04,0.11,-0.06,94575,92429371.0,242.86,-157.14,-0.11,0.37
2014-06-18,600741,-0.05,-0.15,-0.02,-0.19,124404,120049305.0,-425.0,-275.0,-0.11,0.48
2014-06-19,600741,-0.16,-0.38,-0.13,-0.49,151424,143223443.0,-240.0,-153.33,-0.23,0.59
2014-06-20,600741,-0.39,-0.36,-0.33,-0.47,110091,103154739.0,-36.84,5.26,0.02,0.43
2014-06-23,600741,-0.34,-0.33,-0.28,-0.38,77660,73401728.0,-27.78,8.33,0.03,0.3
2014-06-24,600741,-0.32,-0.26,-0.23,-0.35,65526,62286655.0,-36.36,21.21,0.07,0.25
2014-06-25,600741,-0.24,-0.35,-0.24,-0.36,72749,68749218.0,-46.15,-34.62,-0.09,0.28
2014-06-26,600741,-0.31,-0.27,-0.24,-0.35,68904,65439994.0,-31.43,22.86,0.08,0.27
2014-06-27,600741,-0.24,0.0,0.06,-0.29,228417,222483599.0,-129.63,0.0,0.0,0.88
2014-06-30,600741,0.11,0.0,0.11,-0.11,141865,139163249.0,0.0,0.0,0.0,0.55
2014-07-01,600741,0.0,0.0,0.05,-0.07,75572,73837263.0,0.0,0.0,0.0,0.29
2014-07-02,600741,-0.03,0.01,0.05,-0.09,82139,80188912.0,0.0,0.0,0.0,0.32
2014-07-03,600741,0.02,0.04,0.11,-0.05,109542,107563641.0,1600.0,300.0,0.03,0.42
2014-07-04,600741,0.04,0.01,0.08,-0.04,82086,80342631.0,300.0,-75.0,-0.03,0.32
2014-07-07,600741,0.03,0.07,0.14,-0.03,111800,110172474.0,1700.0,600.0,0.06,0.43
2014-07-08,600741,0.05,0.14,0.17,0.01,133577,131958062.0,228.57,100.0,0.07,0.52
2014-07-09,600741,0.12,-0.07,0.2,-0.08,124417,122328686.0,200.0,-150.0,-0.21,0.48
2014-07-10,600741,-0.03,-0.05,0.04,-0.06,92156,89972022.0,-142.86,28.57,0.02,0.36
2014-07-11,600741,-0.06,0.24,0.45,-0.08,297820,298400096.0,-1060.0,580.0,0.29,1.15
2014-07-14,600741,0.26,0.9,1.06,0.22,510419,535601264.0,350.0,275.0,0.66,1.98
2014-07-15,600741,0.83,0.67,0.97,0.58,305276,321338336.0,43.33,-25.56,-0.23,1.18
2014-07-16,600741,0.63,0.96,1.2,0.62,370361,398412832.0,86.57,43.28,0.29,1.43
2014-07-17,600741,0.85,0.76,0.97,0.63,150588,158678393.0,35.42,-20.83,-0.2,0.58
2014-07-18,600741,0.72,0.72,0.92,0.67,219135,230459451.0,32.89,-5.26,-0.04,0.85
2014-07-21,600741,0.72,0.91,1.21,0.68,232785,251398555.0,73.61,26.39,0.19,0.9
2014-07-22,600741,0.92,1.04,1.31,0.87,280124,306545680.0,48.35,14.29,0.13,1.08
2014-07-23,600741,1.1,1.3,1.41,1.1,270761,300065744.0,29.81,25.0,0.26,1.05
2014-07-24,600741,1.45,1.57,1.67,1.33,346149,390575024.0,26.15,20.77,0.27,1.34
2014-07-25,600741,1.57,1.64,1.7,1.42,177698,202175455.0,17.83,4.46,0.07,0.69
2014-07-28,600741,1.64,1.7,1.86,1.47,232844,266202459.0,23.78,3.66,0.06,0.9
2014-07-29,600741,1.67,1.46,1.7,1.43,284759,321262976.0,15.88,-14.12,-0.24,1.1
2014-07-30,600741,1.42,1.37,1.51,1.31,154744,172979736.0,13.7,-6.16,-0.09,0.6
2014-07-31,600741,1.41,1.59,1.66,1.31,170897,192298842.0,25.55,16.06,0.22,0.66
2014-08-01,600741,1.52,1.59,1.78,1.49,189864,216781425.0,18.24,0.0,0.0,0.73
2014-08-04,600741,1.55,2.4,2.45,1.55,315080,374597616.0,56.6,50.94,0.81,1.22
2014-08-05,600741,2.38,2.42,2.47,2.24,175391,212681304.0,9.58,0.83,0.02,0.68
2014-08-06,600741,2.38,2.29,2.58,2.18,203460,246791794.0,16.53,-5.37,-0.13,0.79
2014-08-07,600741,2.24,1.96,2.39,1.88,214973,255737516.0,22.27,-14.41,-0.33,0.83
2014-08-08,600741,2.08,2.2,2.23,1.93,202534,230451939.0,15.31,12.24,0.24,0.78
2014-08-11,600741,2.33,2.65,2.77,2.1,301826,355975152.0,30.45,20.45,0.45,1.17
2014-08-12,600741,2.59,2.63,2.77,2.55,144979,173574166.0,8.3,-0.75,-0.02,0.56
2014-08-13,600741,2.59,3.07,3.11,2.56,251610,306679456.0,20.91,16.73,0.44,0.97
2014-08-14,600741,3.05,2.82,3.17,2.8,200351,246838241.0,12.05,-8.14,-0.25,0.78
2014-08-15,600741,2.79,3.1,3.14,2.72,171834,211167308.0,14.89,9.93,0.28,0.67
2014-08-18,600741,3.16,3.03,3.32,2.94,152602,189210360.0,12.26,-2.26,-0.07,0.59
2014-08-19,600741,3.02,2.77,3.04,2.66,235191,284418912.0,12.54,-8.58,-0.26,0.91
2014-08-20,600741,2.76,2.68,2.77,2.6,137150,164319517.0,6.14,-3.25,-0.09,0.53
2014-08-21,600741,2.68,2.66,2.73,2.47,135082,160515434.0,9.7,-0.75,-0.02,0.52
2014-08-22,600741,2.64,2.62,2.76,2.6,112553,134862778.0,6.02,-1.5,-0.04,0.44
2014-08-25,600741,2.6,2.21,2.66,2.16,299246,347812368.0,19.08,-15.65,-0.41,1.16
2014-08-26,600741,2.18,2.24,2.45,2.15,152509,176934595.0,13.57,1.36,0.03,0.59
2014-08-27,600741,2.22,2.25,2.37,2.19,75226,87168829.0,8.04,0.45,0.01,0.29
2014-08-28,600741,2.25,2.33,2.36,2.16,116216,134664808.0,8.89,3.56,0.08,0.45
2014-08-29,600741,2.31,2.29,2.43,2.24,126634,147321265.0,8.15,-1.72,-0.04,0.49
2014-09-01,600741,2.36,2.43,2.57,2.32,146553,172248908.0,10.92,6.11,0.14,0.57
2014-09-02,600741,2.5,2.44,2.52,2.09,282715,329096528.0,17.7,0.41,0.01,1.09
2014-09-03,600741,2.45,2.48,2.72,2.34,270208,319896800.0,15.57,1.64,0.04,1.05
2014-09-04,600741,2.48,2.53,2.58,2.3,231240,271742096.0,11.29,2.02,0.05,0.9
2014-09-05,600741,2.72,3.18,3.31,2.6,450370,555123632.0,28.06,25.69,0.65,1.74
2014-09-09,600741,3.19,3.55,3.72,3.18,268676,344683504.0,16.98,11.64,0.37,1.04
2014-09-10,600741,3.53,3.3,3.53,3.19,167499,211037437.0,9.58,-7.04,-0.25,0.65
2014-09-11,600741,3.29,3.11,3.49,3.05,170693,214421810.0,13.33,-5.76,-0.19,0.66
2014-09-12,600741,3.12,3.24,3.31,3.06,87847,110078948.0,8.04,4.18,0.13,0.34
2014-09-15,600741,3.19,3.12,3.19,2.96,162776,201551614.0,7.1,-3.7,-0.12,0.63
2014-09-16,600741,3.12,2.6,3.18,2.55,229003,278245280.0,20.19,-16.67,-0.52,0.89
2014-09-17,600741,2.61,2.65,2.71,2.37,170549,202672355.0,13.08,1.92,0.05,0.66
2014-09-18,600741,2.57,2.75,2.87,2.52,125094,151147630.0,13.21,3.77,0.1,0.48
2014-09-19,600741,2.82,2.87,2.94,2.75,74830,91003235.0,6.91,4.36,0.12,0.29
2014-09-22,600741,2.84,2.63,2.84,2.52,97535,116418370.0,11.15,-8.36,-0.24,0.38
2014-09-23,600741,2.63,2.76,2.86,2.55,119287,143711121.0,11.79,4.94,0.13,0.46
2014-09-24,600741,2.73,3.01,3.05,2.66,104203,127585922.0,14.13,9.06,0.25,0.4
2014-09-25,600741,3.14,3.02,3.24,2.93,97212,120585234.0,10.3,0.33,0.01,0.38
2014-09-26,600741,2.94,3.19,3.2,2.9,95864,119194341.0,9.93,5.63,0.17,0.37
2014-09-29,600741,3.28,3.47,3.52,3.2,173644,220521549.0,10.03,8.78,0.28,0.67
2014-09-30,600741,3.47,3.55,3.65,3.43,124652,160410846.0,6.34,2.31,0.08,0.48
2014-10-08,600741,3.56,3.53,3.63,3.37,131777,168436144.0,7.32,-0.56,-0.02,0.51
2014-10-09,600741,3.53,3.47,3.65,3.35,113061,144854182.0,8.5,-1.7,-0.06,0.44
2014-10-10,600741,3.46,3.2,3.46,3.15,147689,185646502.0,8.93,-7.78,-0.27,0.57
2014-10-13,600741,3.12,3.12,3.12,2.89,122290,150389084.0,7.19,-2.5,-0.08,0.47
2014-10-14,600741,3.04,2.98,3.19,2.88,91036,112259906.0,9.94,-4.49,-0.14,0.35
2014-10-15,600741,2.88,3.08,3.17,2.88,97834,120920713.0,9.73,3.36,0.1,0.38
2014-10-16,600741,2.98,3.01,3.22,2.94,86318,107149109.0,9.09,-2.27,-0.07,0.33
2014-10-17,600741,3.03,3.27,3.29,2.79,156252,193799197.0,16.61,8.64,0.26,0.6
2014-10-20,600741,3.25,3.39,3.47,3.07,153508,193176796.0,12.23,3.67,0.12,0.59
2014-10-21,600741,3.29,3.35,3.46,3.23,120440,152406827.0,6.78,-1.18,-0.04,0.47
2014-10-22,600741,3.39,3.48,3.76,3.34,210358,270757008.0,12.54,3.88,0.13,0.81
2014-10-23,600741,3.44,3.18,3.51,3.14,134891,170711057.0,10.63,-8.62,-0.3,0.52
2014-10-24,600741,3.18,3.08,3.29,3.04,80573,100322530.0,7.86,-3.14,-0.1,0.31
2014-10-27,600741,3.08,3.04,3.08,2.89,118750,145925928.0,6.17,-1.3,-0.04,0.46
2014-10-28,600741,3.04,3.49,3.53,3.04,107117,135151802.0,16.12,14.8,0.45,0.41
2014-10-29,600741,3.5,3.91,3.98,3.5,344383,453080544.0,13.75,12.03,0.42,1.33
2014-10-30,600741,3.94,3.93,3.98,3.69,241521,317589440.0,7.42,0.51,0.02,0.93
2014-10-31,600741,3.98,4.21,4.32,3.9,295824,397847552.0,10.69,7.12,0.28,1.15
2014-11-03,600741,4.28,4.23,4.57,4.04,216888,295674912.0,12.59,0.48,0.02,0.84
2014-11-04,600741,4.11,4.15,4.33,4.02,146607,197153010.0,7.33,-1.89,-0.08,0.57
2014-11-05,600741,4.11,3.97,4.27,3.95,92462,123794056.0,7.71,-4.34,-0.18,0.36
2014-11-06,600741,4.14,4.16,4.18,3.91,94504,126146015.0,6.8,4.79,0.19,0.37
2014-11-07,600741,4.15,4.31,4.5,4.04,160882,218754952.0,11.06,3.61,0.15,0.62
2014-11-10,600741,4.46,5.28,5.34,4.29,386964,552161744.0,24.36,22.51,0.97,1.5
2014-11-11,600741,5.29,4.87,5.35,4.71,231508,332259728.0,12.12,-7.77,-0.41,0.9
2014-11-12,600741,4.84,5.59,5.63,4.79,238077,347932656.0,17.25,14.78,0.72,0.92
2014-11-13,600741,5.55,5.54,5.62,5.27,135578,200039746.0,6.26,-0.89,-0.05,0.52
2014-11-14,600741,5.33,5.27,5.43,4.89,175768,253441593.0,9.75,-4.87,-0.27,0.68
2014-11-17,600741,5.69,5.48,6.16,5.32,343775,517647456.0,15.94,3.98,0.21,1.33
2014-11-18,600741,5.54,5.2,5.6,5.11,171085,249325440.0,8.94,-5.11,-0.28,0.66
2014-11-19,600741,5.11,4.88,5.4,4.68,145531,209045583.0,13.85,-6.15,-0.32,0.56
2014-11-20,600741,4.8,5.05,5.13,4.73,81982,117454650.0,8.2,3.48,0.17,0.32
2014-11-21,600741,4.99,5.39,5.45,4.69,189255,271564832.0,15.05,6.73,0.34,0.73
2014-11-24,600741,5.55,5.87,5.88,5.33,287269,427837088.0,10.2,8.91,0.48,1.11
2014-11-25,600741,5.7,6.05,6.14,5.59,236146,359286208.0,9.37,3.07,0.18,0.91
2014-11-26,600741,6.05,5.83,6.27,5.65,212605,323511328.0,10.25,-3.64,-0.22,0.82
2014-11-27,600741,5.85,5.88,6.13,5.7,214658,326886528.0,7.38,0.86,0.05,0.83
2014-11-28,600741,5.95,5.79,5.95,5.54,213716,320910592.0,6.97,-1.53,-0.09,0.83
2014-12-01,600741,5.72,5.54,6.16,5.51,189252,286123776.0,11.23,-4.32,-0.25,0.73
2014-12-02,600741,5.53,5.78,5.94,5.37,184009,276329456.0,10.29,4.33,0.24,0.71
2014-12-03,600741,6.03,6.48,6.66,5.89,331111,518559456.0,13.32,12.11,0.7,1.28
2014-12-04,600741,6.53,6.68,6.82,6.26,243901,388142928.0,8.64,3.09,0.2,0.94
2014-12-05,600741,6.69,6.29,6.92,6.07,251308,395812848.0,12.72,-5.84,-0.39,0.97
2014-12-08,600741,6.35,6.85,6.99,6.24,350007,557557904.0,11.92,8.9,0.56,1.35
2014-12-09,600741,6.77,6.13,7.44,6.04,549669,877881568.0,20.44,-10.51,-0.72,2.13
2014-12-10,600741,6.06,6.63,6.73,5.96,286307,449849120.0,12.56,8.16,0.5,1.11
2014-12-11,600741,6.5,6.46,7.19,6.3,269497,430378560.0,13.42,-2.56,-0.17,1.04
2014-12-12,600741,6.52,6.7,6.95,6.44,181240,290217392.0,7.89,3.72,0.24,0.7
2014-12-15,600741,6.69,6.82,6.86,6.5,186753,299065472.0,5.37,1.79,0.12,0.72
2014-12-16,600741,6.87,6.94,6.95,6.65,216256,348087456.0,4.4,1.76,0.12,0.84
2014-12-17,600741,6.9,6.73,7.02,6.49,245964,395410032.0,7.64,-3.03,-0.21,0.95
2014-12-18,600741,6.69,6.43,6.85,6.41,146184,233428859.0,6.54,-4.46,-0.3,0.57
2014-12-19,600741,6.4,6.39,6.65,6.06,192821,301722208.0,9.18,-0.62,-0.04,0.75
2014-12-22,600741,6.37,6.23,6.68,6.04,239135,375960976.0,10.02,-2.5,-0.16,0.93
2014-12-23,600741,6.14,6.26,6.49,6.14,139498,218873620.0,5.62,0.48,0.03,0.54
2014-12-24,600741,6.27,5.45,6.38,5.34,268477,402950448.0,16.61,-12.94,-0.81,1.04
2014-12-25,600741,5.52,5.78,5.8,5.34,146493,218774839.0,8.44,6.06,0.33,0.57
2014-12-26,600741,5.78,6.23,6.26,5.7,156557,240225380.0,9.69,7.79,0.45,0.61
2014-12-29,600741,6.23,6.07,6.42,5.89,177913,276730576.0,8.51,-2.57,-0.16,0.69
2014-12-30,600741,5.74,6.14,6.27,5.74,161556,247923664.0,8.73,1.15,0.07,0.63
2014-12-31,600741,6.09,6.17,6.27,5.96,189076,291277248.0,5.05,0.49,0.03,0.73
2015-01-05,600741,6.29,7.51,7.64,6.24,404863,665682160.0,22.69,21.72,1.34,1.57
2015-01-06,600741,7.28,8.61,9.04,7.2,560975,999300272.0,24.5,14.65,1.1,2.17
2015-01-07,600741,8.29,8.64,8.8,8.24,238739,423184608.0,6.5,0.35,0.03,0.92
2015-01-08,600741,8.54,8.64,8.91,8.14,222819,399290304.0,8.91,0.0,0.0,0.86
2015-01-09,600741,8.59,8.08,8.92,7.74,279931,500961952.0,13.66,-6.48,-0.56,1.08
2015-01-12,600741,8.19,8.82,8.91,7.95,231300,411100656.0,11.88,9.16,0.74,0.9
2015-01-13,600741,8.68,9.28,9.49,8.64,230626,427041328.0,9.64,5.22,0.46,0.89
2015-01-14,600741,9.25,9.0,9.46,8.82,116072,213054523.0,6.9,-3.02,-0.28,0.45
2015-01-15,600741,9.0,9.04,9.05,8.71,95100,172774660.0,3.78,0.44,0.04,0.37
2015-01-16,600741,9.04,8.81,9.34,8.79,112770,206568801.0,6.08,-2.54,-0.23,0.44
2015-01-19,600741,7.79,7.52,8.49,7.26,200374,341720096.0,13.96,-14.64,-1.29,0.78
2015-01-20,600741,7.72,8.0,8.19,7.49,137818,237229528.0,9.31,6.38,0.48,0.53
2015-01-21,600741,8.2,8.45,8.47,7.8,126947,222226020.0,8.38,5.63,0.45,0.49
2015-01-22,600741,8.46,8.32,8.66,8.2,120738,213471270.0,5.44,-1.54,-0.13,0.47
2015-01-23,600741,8.33,8.17,8.51,8.08,109984,192948523.0,5.17,-1.8,-0.15,0.43
2015-01-26,600741,8.18,8.19,8.38,8.0,105878,185526707.0,4.65,0.24,0.02,0.41
2015-01-27,600741,8.19,8.73,8.94,8.19,172119,307518816.0,9.16,6.59,0.54,0.67
2015-01-28,600741,8.73,8.4,8.89,8.3,136465,244330024.0,6.76,-3.78,-0.33,0.53
2015-01-29,600741,8.31,8.23,8.46,8.1,114671,201489121.0,4.29,-2.02,-0.17,0.44
2015-01-30,600741,8.25,7.7,8.41,7.7,108346,188418268.0,8.63,-6.44,-0.53,0.42
2015-02-02,600741,7.62,7.65,7.89,7.35,107785,182557716.0,7.01,-0.65,-0.05,0.42
2015-02-03,600741,7.79,7.88,7.96,7.64,65116,111326847.0,4.18,3.01,0.23,0.25
2015-02-04,600741,7.94,7.39,8.0,7.38,106173,181064703.0,7.87,-6.22,-0.49,0.41
2015-02-05,600741,7.51,7.2,7.74,7.18,126816,213082798.0,7.58,-2.57,-0.19,0.49
2015-02-06,600741,7.22,6.82,7.46,6.79,135748,222870046.0,9.31,-5.28,-0.38,0.53
2015-02-09,600741,6.88,7.13,7.17,6.71,117485,190845371.0,6.74,4.55,0.31,0.45
2015-02-10,600741,7.18,7.56,7.72,7.01,101525,170503194.0,9.96,6.03,0.43,0.39
2015-02-11,600741,7.72,7.72,7.98,7.59,86392,147939416.0,5.16,2.12,0.16,0.33
2015-02-12,600741,7.75,7.84,7.89,7.5,47217,80200572.0,5.05,1.55,0.12,0.18
2015-02-13,600741,7.86,7.86,7.99,7.75,100077,171987304.0,3.06,0.26,0.02,0.39
2015-02-16,600741,7.92,7.72,7.92,7.59,90420,153750784.0,4.2,-1.78,-0.14,0.35
2015-02-17,600741,7.77,8.3,8.44,7.69,151486,265574761.0,9.72,7.51,0.58,0.59
2015-02-25,600741,8.34,8.54,8.98,8.22,195602,351707744.0,9.16,2.89,0.24,0.76
2015-02-26,600741,8.49,9.25,9.32,8.39,157373,289187168.0,10.89,8.31,0.71,0.61
2015-02-27,600741,9.21,9.09,9.43,8.97,83354,153495671.0,4.97,-1.73,-0.16,0.32
2015-03-02,600741,9.12,8.93,9.27,8.67,142852,260233935.0,6.6,-1.76,-0.16,0.55
2015-03-03,600741,8.79,8.12,8.8,8.02,174572,308673568.0,8.73,-9.07,-0.81,0.68
2015-03-04,600741,8.28,8.49,8.54,8.14,148866,262561203.0,4.93,4.56,0.37,0.58
2015-03-05,600741,8.46,8.45,8.65,8.21,106679,188979562.0,5.18,-0.47,-0.04,0.41
2015-03-06,600741,8.39,8.39,8.57,8.09,82788,146448931.0,5.68,-0.71,-0.06,0.32
2015-03-09,600741,8.3,8.81,8.84,8.19,114609,204524842.0,7.75,5.01,0.42,0.44
2015-03-10,600741,8.69,9.27,9.37,8.68,180198,332630256.0,7.83,5.22,0.46,0.7
2015-03-11,600741,9.34,9.42,9.78,9.13,187886,352856368.0,7.01,1.62,0.15,0.73
2015-03-12,600741,9.57,10.68,11.11,9.39,357866,708844736.0,18.26,13.38,1.26,1.39
2015-04-23,600741,12.68,12.68,12.68,12.68,26505,58285243.0,0.0,18.73,2.0,0.1
2015-04-24,600741,14.49,14.24,14.78,12.99,1131503,2659410944.0,14.12,12.3,1.56,4.38
2015-04-27,600741,14.19,13.06,14.19,12.79,898066,2021013984.0,9.83,-8.29,-1.18,3.48
2015-04-28,600741,12.99,11.82,13.17,11.59,682615,1470586528.0,12.1,-9.49,-1.24,2.64
2015-04-29,600741,11.81,12.44,12.77,11.7,378799,822045056.0,9.05,5.25,0.62,1.47
2015-04-30,600741,12.44,11.99,12.74,11.97,252915,544615424.0,6.19,-3.62,-0.45,0.98
2015-05-04,600741,11.98,12.13,12.38,11.72,228721,489171888.0,5.5,1.17,0.14,0.89
2015-05-05,600741,12.14,11.06,12.21,10.86,294023,611415424.0,11.13,-8.82,-1.07,1.14
2015-05-06,600741,11.24,10.69,11.55,10.49,289018,588203600.0,9.58,-3.35,-0.37,1.12
2015-05-07,600741,10.81,10.85,10.98,10.49,196770,395528128.0,4.58,1.5,0.16,0.76
2015-05-08,600741,11.04,10.96,11.15,10.55,287967,581212192.0,5.53,1.01,0.11,1.11
2015-05-11,600741,11.05,11.41,11.46,10.57,428976,867395552.0,8.12,4.11,0.45,1.66
2015-05-12,600741,11.39,11.19,11.41,11.0,466606,953388192.0,3.59,-1.93,-0.22,1.81
2015-05-13,600741,11.23,11.95,12.03,11.05,604011,1269323328.0,8.76,6.79,0.76,2.34
2015-05-14,600741,11.95,11.49,12.24,11.44,363837,765892480.0,6.69,-3.85,-0.46,1.41
2015-05-15,600741,11.5,10.68,11.51,10.57,350682,704656960.0,8.18,-7.05,-0.81,1.36
2015-05-18,600741,10.49,9.79,10.49,9.69,435919,844401040.0,7.49,-8.33,-0.89,1.69
2015-05-19,600741,9.89,10.58,10.63,9.89,359363,704228000.0,7.56,8.07,0.79,1.39
2015-05-20,600741,10.58,11.57,11.63,10.58,446058,915255024.0,9.92,9.36,0.99,1.73
2015-05-21,600741,11.67,12.2,12.69,11.66,594844,1280299488.0,8.9,5.45,0.63,2.3
2015-05-22,600741,12.49,12.77,12.95,11.86,821942,1775716544.0,8.93,4.67,0.57,3.18
2015-05-25,600741,12.69,13.76,13.86,12.49,813166,1843446432.0,10.73,7.75,0.99,3.15
2015-05-26,600741,14.1,13.75,14.18,13.4,753654,1733766304.0,5.67,-0.07,-0.01,2.92
2015-05-27,600741,13.81,13.34,13.88,13.16,538961,1223195216.0,5.24,-2.98,-0.41,2.09
2015-05-28,600741,13.11,11.54,13.33,11.52,623083,1365530016.0,13.57,-13.49,-1.8,2.41
2015-05-29,600741,11.52,11.93,12.07,10.87,452363,947266464.0,10.4,3.38,0.39,1.75
2015-06-01,600741,11.74,13.43,13.45,11.49,595135,1291686208.0,16.43,12.57,1.5,2.3
2015-06-02,600741,13.3,13.57,13.66,12.91,628655,1423832624.0,5.58,1.04,0.14,2.43
2015-06-03,600741,13.61,14.49,15.17,13.29,793940,1877327312.0,13.85,6.78,0.92,3.07
2015-06-04,600741,14.5,14.11,14.63,12.37,621484,1427784720.0,15.6,-2.62,-0.38,2.41
2015-06-05,600741,14.6,14.08,14.84,13.37,807407,1889731376.0,10.42,-0.21,-0.03,3.13
2015-06-08,600741,14.14,14.0,14.19,13.46,695461,1610590976.0,5.18,-0.57,-0.08,2.69
2015-06-09,600741,14.04,14.19,14.64,13.69,689392,1619435952.0,6.79,1.36,0.19,2.67
2015-06-10,600741,13.77,14.3,14.57,13.5,607090,1429047456.0,7.54,0.78,0.11,2.35
2015-06-11,600741,14.34,14.03,14.57,13.69,547694,1277668816.0,6.15,-1.89,-0.27,2.12
2015-06-12,600741,14.06,15.91,16.36,13.89,1169095,2851172560.0,17.61,13.4,1.88,4.53
2015-06-15,600741,15.19,14.7,15.96,14.48,924179,2278372144.0,9.3,-7.61,-1.21,3.58
2015-06-16,600741,14.34,13.23,14.42,13.1,590560,1357384704.0,8.98,-10.0,-1.47,2.29
2015-06-17,600741,13.19,13.94,14.38,12.91,480129,1101689568.0,11.11,5.37,0.71,1.86
2015-06-18,600741,13.94,13.72,14.83,13.69,574408,1352474448.0,8.18,-1.58,-0.22,2.22
2015-06-19,600741,13.52,12.25,14.32,12.07,599723,1377122928.0,16.4,-10.71,-1.47,2.32
2015-06-23,600741,11.96,13.61,13.65,11.35,641100,1393702400.0,18.78,11.1,1.36,2.48
2015-06-24,600741,13.78,14.27,14.37,13.3,589581,1371322080.0,7.86,4.85,0.66,2.28
2015-06-25,600741,14.0,12.95,14.28,12.69,516514,1191215872.0,11.14,-9.25,-1.32,2.0
2015-06-26,600741,12.49,11.34,12.65,10.72,670753,1395975408.0,14.9,-12.43,-1.61,2.6
2015-06-29,600741,11.94,10.33,12.05,9.31,534900,1073996608.0,24.16,-8.91,-1.01,2.07
2015-06-30,600741,10.49,12.04,12.15,9.49,533981,1075920464.0,25.75,16.55,1.71,2.07
2015-07-01,600741,11.69,10.5,12.59,10.4,464037,976881072.0,18.19,-12.79,-1.54,1.8
2015-07-02,600741,10.8,9.25,10.99,8.84,449510,866904480.0,20.48,-11.9,-1.25,1.74
2015-07-03,600741,8.87,7.9,9.8,7.5,485396,860623376.0,24.86,-14.59,-1.35,1.88
2015-07-06,600741,9.62,8.37,9.62,6.9,550490,970862208.0,34.43,5.95,0.47,2.13
2015-07-07,600741,7.69,8.26,8.84,7.08,971297,1691416800.0,21.03,-1.31,-0.11,3.76
2015-07-08,600741,6.5,6.5,7.06,6.5,442273,700643872.0,6.78,-21.31,-1.76,1.71
2015-07-09,600741,6.5,8.08,8.08,5.09,702288,1164967168.0,46.0,24.31,1.58,2.72
2015-07-10,600741,8.38,9.82,9.82,8.09,748092,1410887456.0,21.41,21.53,1.74,2.9
2015-07-13,600741,9.82,10.79,11.09,9.52,861709,1696203264.0,15.99,9.88,0.97,3.34
2015-07-14,600741,10.15,9.36,10.46,9.24,633285,1214576320.0,11.31,-13.25,-1.43,2.45
2015-07-15,600741,8.92,7.49,9.35,7.49,464090,814046128.0,19.87,-19.98,-1.87,1.8
2015-07-16,600741,7.49,7.92,8.35,7.49,317270,546525648.0,11.48,5.74,0.43,1.23
2015-07-17,600741,8.09,8.86,9.24,7.95,304346,544893472.0,16.29,11.87,0.94,1.18
2015-07-20,600741,8.87,8.82,9.19,8.47,300324,545466928.0,8.13,-0.45,-0.04,1.16
2015-07-21,600741,8.69,8.88,8.94,8.44,235751,426223168.0,5.67,0.68,0.06,0.91
2015-07-22,600741,8.9,8.87,8.95,8.4,285725,516261392.0,6.19,-0.11,-0.01,1.11
2015-07-23,600741,8.89,9.59,9.76,8.64,434907,783184704.0,12.63,8.12,0.72,1.68
2015-07-24,600741,9.5,9.81,10.56,9.43,560414,1051503856.0,11.78,2.29,0.22,2.17
2015-07-27,600741,9.49,7.95,10.2,7.95,350002,632772384.0,22.94,-18.96,-1.86,1.35
2015-07-28,600741,7.61,8.36,8.68,6.81,360729,605185696.0,23.52,5.16,0.41,1.4
2015-07-29,600741,8.4,9.01,9.03,8.17,192925,333699152.0,10.29,7.78,0.65,0.75
2015-07-30,600741,9.01,8.22,9.26,8.02,202036,355811728.0,13.76,-8.77,-0.79,0.78
2015-07-31,600741,8.01,8.24,8.27,7.87,228830,385544832.0,4.87,0.24,0.02,0.89
2015-08-03,600741,8.1,8.55,8.58,7.89,244770,412300208.0,8.37,3.76,0.31,0.95
2015-08-04,600741,8.55,9.03,9.06,8.21,203134,355891520.0,9.94,5.61,0.48,0.79
2015-08-05,600741,8.92,8.43,9.05,8.22,159033,277986432.0,9.19,-6.64,-0.6,0.62
2015-08-06,600741,8.11,8.11,8.5,8.02,129413,220214995.0,5.69,-3.8,-0.32,0.5
2015-08-07,600741,8.23,8.35,8.6,8.11,207839,356108288.0,6.04,2.96,0.24,0.8
2015-08-10,600741,8.44,9.14,9.27,8.32,325635,573599408.0,11.38,9.46,0.79,1.26
2015-08-11,600741,9.1,9.0,9.31,8.81,329837,588386304.0,5.47,-1.53,-0.14,1.28
2015-08-12,600741,8.79,8.85,9.22,8.73,232976,414465760.0,5.44,-1.67,-0.15,0.9
2015-08-13,600741,8.9,9.35,9.47,8.87,249703,450136960.0,6.78,5.65,0.5,0.97
2015-08-14,600741,9.49,9.21,9.6,9.13,233391,423056992.0,5.03,-1.5,-0.14,0.9
2015-08-17,600741,9.13,9.18,9.27,8.74,194778,346972944.0,5.75,-0.33,-0.03,0.75
2015-08-18,600741,9.36,7.69,9.41,7.53,282602,491482992.0,20.48,-16.23,-1.49,1.09
2015-08-19,600741,7.35,7.85,7.98,7.02,201437,329112944.0,12.48,2.08,0.16,0.78
2015-08-20,600741,7.67,7.02,7.67,7.0,208792,337832288.0,8.54,-10.57,-0.83,0.81
2015-08-21,600741,6.86,5.8,6.99,5.73,283532,426985408.0,17.95,-17.38,-1.22,1.1
2015-08-24,600741,5.2,4.34,5.2,4.34,407078,540150688.0,14.83,-25.17,-1.46,1.58
2015-08-25,600741,3.61,3.11,4.31,3.03,397530,486233792.0,29.49,-28.34,-1.23,1.54
2015-08-26,600741,3.52,3.59,4.29,3.16,363082,454042848.0,36.33,15.43,0.48,1.41
2015-08-27,600741,4.06,4.83,4.83,3.92,355504,468001552.0,25.35,34.54,1.24,1.38
2015-08-28,600741,5.11,5.25,5.62,4.87,394271,551346192.0,15.53,8.7,0.42,1.53
2015-08-31,600741,5.16,5.27,5.29,4.47,299336,408588144.0,15.62,0.38,0.02,1.16
2015-09-01,600741,4.92,5.6,5.74,4.64,456098,642205712.0,20.87,6.26,0.33,1.77
2015-09-02,600741,5.0,5.92,6.19,4.82,469465,680320016.0,24.46,5.71,0.32,1.82
2015-09-07,600741,5.81,4.88,6.18,4.82,277182,395375152.0,22.97,-17.57,-1.04,1.07
2015-09-08,600741,4.9,5.44,5.51,4.75,159799,223341526.0,15.57,11.48,0.56,0.62
2015-09-09,600741,5.46,5.5,5.88,5.23,284111,406618048.0,11.95,1.1,0.06,1.1
2015-09-10,600741,5.26,5.27,5.44,5.12,153235,215588935.0,5.82,-4.18,-0.23,0.59
2015-09-11,600741,5.38,5.29,5.38,5.08,100232,140767234.0,5.69,0.38,0.02,0.39
2015-09-14,600741,5.4,5.25,5.45,4.59,234319,322632400.0,16.26,-0.76,-0.04,0.91
2015-09-15,600741,4.79,4.37,5.01,4.19,149362,199317764.0,15.62,-16.76,-0.88,0.58
2015-09-16,600741,4.41,5.21,5.51,4.35,148897,203958614.0,26.54,19.22,0.84,0.58
2015-09-17,600741,5.09,4.86,5.3,4.81,132467,183712018.0,9.4,-6.72,-0.35,0.51
2015-09-18,600741,4.93,4.83,5.04,4.71,82188,112184245.0,6.79,-0.62,-0.03,0.32
2015-09-21,600741,4.81,5.05,5.09,4.71,104599,143744968.0,7.87,4.55,0.22,0.4
2015-09-22,600741,5.26,5.4,5.68,5.23,171898,244816589.0,8.91,6.93,0.35,0.67
2015-09-23,600741,5.01,5.03,5.31,4.87,118944,164836608.0,8.15,-6.85,-0.37,0.46
2015-09-24,600741,5.16,5.14,5.29,5.01,88323,122966870.0,5.57,2.19,0.11,0.34
2015-09-25,600741,5.01,4.83,5.2,4.71,90298,123828166.0,9.53,-6.03,-0.31,0.35
2015-09-28,600741,4.85,5.07,5.15,4.81,53494,73919003.0,7.04,4.97,0.24,0.21
2015-09-29,600741,4.91,4.56,5.02,4.55,68749,92951544.0,9.27,-10.06,-0.51,0.27
2015-09-30,600741,4.96,4.95,5.24,4.81,125258,173630120.0,9.43,8.55,0.39,0.48
2015-10-08,600741,5.63,5.47,5.71,5.43,182559,262772478.0,5.66,10.51,0.52,0.71
2015-10-09,600741,5.64,5.65,5.7,5.43,104074,149620610.0,4.94,3.29,0.18,0.4
2015-10-12,600741,5.73,6.2,6.39,5.63,171133,254744356.0,13.45,9.73,0.55,0.66
2015-10-13,600741,6.15,6.28,6.3,5.99,126182,188394141.0,5.0,1.29,0.08,0.49
2015-10-14,600741,6.16,5.83,6.26,5.81,109164,162001821.0,7.17,-7.17,-0.45,0.42
2015-10-15,600741,5.8,6.16,6.2,5.67,100788,149502995.0,9.09,5.66,0.33,0.39
2015-10-16,600741,6.16,6.48,6.61,6.15,150715,228921153.0,7.47,5.19,0.32,0.58
2015-10-19,600741,6.69,7.0,7.13,6.61,293707,460935680.0,8.02,8.02,0.52,1.14
2015-10-20,600741,6.9,6.96,7.14,6.83,140384,221078770.0,4.43,-0.57,-0.04,0.54
2015-10-21,600741,6.97,5.97,7.09,5.76,195445,298811840.0,19.11,-14.22,-0.99,0.76
2015-10-22,600741,6.06,6.27,6.29,5.81,108493,161547737.0,8.04,5.03,0.3,0.42
2015-10-23,600741,6.39,6.44,6.48,6.14,119210,180398624.0,5.42,2.71,0.17,0.46
2015-10-26,600741,6.6,6.85,6.97,6.51,173992,270744896.0,7.14,6.37,0.41,0.67
2015-10-27,600741,6.74,6.81,6.84,6.29,125140,192445566.0,8.03,-0.58,-0.04,0.48
2015-10-28,600741,6.81,6.92,7.18,6.69,215470,340369120.0,7.2,1.62,0.11,0.83
2015-10-29,600741,6.82,6.96,7.04,6.8,121739,191353858.0,3.47,0.58,0.04,0.47
2015-10-30,600741,6.83,6.68,6.88,6.51,93212,144685566.0,5.32,-4.02,-0.28,0.36
2015-11-02,600741,6.51,6.64,6.97,6.41,90546,140202521.0,8.38,-0.6,-0.04,0.35
2015-11-03,600741,6.62,6.35,6.73,6.3,88468,135320240.0,6.48,-4.37,-0.29,0.34
2015-11-04,600741,6.36,6.96,7.0,6.36,185094,287902000.0,10.08,9.61,0.61,0.72
2015-11-05,600741,7.0,7.15,7.47,6.87,308354,493491152.0,8.62,2.73,0.19,1.19
2015-11-06,600741,7.59,7.43,7.75,7.26,354801,576706528.0,6.85,3.92,0.28,1.37
2015-11-09,600741,8.11,7.64,8.59,7.58,464450,771560944.0,13.59,2.83,0.21,1.8
2015-11-10,600741,7.41,7.45,7.62,7.31,242009,393070528.0,4.06,-2.49,-0.19,0.94
2015-11-11,600741,7.46,7.51,7.58,7.29,181451,294773440.0,3.89,0.81,0.06,0.7
2015-11-12,600741,7.51,7.33,7.56,7.2,137484,221740161.0,4.79,-2.4,-0.18,0.53
2015-11-13,600741,7.34,7.62,7.93,7.16,367063,601540608.0,10.5,3.96,0.29,1.42
2015-11-16,600741,7.49,7.65,7.93,7.37,357169,587608832.0,7.35,0.39,0.03,1.38
2015-11-17,600741,8.03,7.68,8.18,7.55,449577,750311136.0,8.24,0.39,0.03,1.74
2015-11-18,600741,7.67,7.3,7.8,7.22,287118,466030896.0,7.55,-4.95,-0.38,1.11
2015-11-19,600741,7.36,7.56,7.56,7.23,175598,284341184.0,4.52,3.56,0.26,0.68
2015-11-20,600741,7.66,7.59,7.66,7.44,187362,306593184.0,2.91,0.4,0.03,0.73
2015-11-23,600741,7.46,7.57,7.62,7.27,209615,340999520.0,4.61,-0.26,-0.02,0.81
2015-11-24,600741,7.51,7.38,7.55,7.27,121944,196737169.0,3.7,-2.51,-0.19,0.47
2015-11-25,600741,7.47,7.65,7.71,7.39,209495,342941344.0,4.34,3.66,0.27,0.81
2015-11-26,600741,7.75,7.81,7.98,7.57,242236,400856960.0,5.36,2.09,0.16,0.94
2015-11-27,600741,7.74,7.05,8.18,6.81,347520,575642768.0,17.54,-9.73,-0.76,1.35
2015-11-30,600741,7.26,7.16,7.43,6.67,164426,261206397.0,10.78,1.56,0.11,0.64
2015-12-01,600741,7.11,7.28,7.49,7.11,128254,205985671.0,5.31,1.68,0.12,0.5
2015-12-02,600741,7.37,8.01,8.38,7.37,460521,774153408.0,13.87,10.03,0.73,1.78
2015-12-03,600741,8.21,8.21,8.49,8.02,303887,517364112.0,5.87,2.5,0.2,1.18
2015-12-04,600741,8.12,7.97,8.29,7.76,175225,294218896.0,6.46,-2.92,-0.24,0.68
2015-12-07,600741,7.97,7.89,8.07,7.79,141831,236879513.0,3.51,-1.0,-0.08,0.55
2015-12-08,600741,7.83,7.43,7.88,7.41,167203,274870160.0,5.96,-5.83,-0.46,0.65
2015-12-09,600741,7.31,7.63,7.78,7.28,167552,275054800.0,6.73,2.69,0.2,0.65
2015-12-10,600741,7.66,7.65,7.86,7.53,126641,208883324.0,4.33,0.26,0.02,0.49
2015-12-11,600741,7.62,7.67,7.79,7.54,121636,200245216.0,3.27,0.26,0.02,0.47
2015-12-14,600741,7.45,7.89,7.94,7.45,173386,286282752.0,6.39,2.87,0.22,0.67
2015-12-15,600741,7.88,7.71,7.96,7.62,228312,378733952.0,4.31,-2.28,-0.18,0.88
2015-12-16,600741,7.75,7.96,8.3,7.67,364675,610540048.0,8.17,3.24,0.25,1.41
2015-12-17,600741,8.06,8.18,8.21,7.9,221816,374170528.0,3.89,2.76,0.22,0.86
2015-12-18,600741,8.11,8.03,8.19,7.92,148492,249894512.0,3.3,-1.83,-0.15,0.57
2015-12-21,600741,7.91,8.53,8.6,7.89,325939,561062688.0,8.84,6.23,0.5,1.26
2015-12-22,600741,8.54,8.59,8.67,8.32,206516,356481920.0,4.1,0.7,0.06,0.8
2015-12-23,600741,8.61,8.59,9.08,8.54,299612,526013568.0,6.29,0.0,0.0,1.16
2015-12-24,600741,8.66,8.71,8.81,8.2,194456,336079536.0,7.1,1.4,0.12,0.75
2015-12-25,600741,8.75,8.73,8.87,8.53,113358,198292693.0,3.9,0.23,0.02,0.44
2015-12-28,600741,8.79,8.17,8.89,8.14,187275,322978288.0,8.59,-6.41,-0.56,0.72
2015-12-29,600741,8.22,8.25,8.5,8.06,141334,240761086.0,5.39,0.98,0.08,0.55
2015-12-30,600741,8.31,8.26,8.43,8.09,145163,247207723.0,4.12,0.12,0.01,0.56
2015-12-31,600741,8.23,8.07,8.36,8.04,111566,189099871.0,3.87,-2.3,-0.19,0.43
2016-01-04,600741,8.07,6.85,8.09,6.82,167098,271211472.0,15.74,-15.12,-1.22,0.65
2016-01-05,600741,6.6,7.28,7.41,6.51,222494,352748896.0,13.14,6.28,0.43,0.86
2016-01-06,600741,7.29,7.35,7.37,7.05,123436,197905837.0,4.4,0.96,0.07,0.48
2016-01-07,600741,7.16,6.25,7.16,6.09,38854,59473226.0,14.56,-14.97,-1.1,0.15
2016-01-08,600741,6.71,6.55,6.89,6.21,297596,459299072.0,10.88,4.8,0.3,1.15
2016-01-11,600741,6.4,5.73,6.52,5.71,184469,273796096.0,12.37,-12.52,-0.82,0.71
2016-01-12,600741,6.01,5.61,6.1,5.58,144689,211311571.0,9.08,-2.09,-0.12,0.56
2016-01-13,600741,5.87,5.32,6.02,5.24,144964,211223031.0,13.9,-5.17,-0.29,0.56
2016-01-14,600741,5.1,6.0,6.03,4.79,242860,349064304.0,23.31,12.78,0.68,0.94
2016-01-15,600741,5.9,5.55,6.09,5.42,105978,154889153.0,11.17,-7.5,-0.45,0.41
2016-01-18,600741,5.21,5.55,5.85,5.21,75289,108111607.0,11.53,0.0,0.0,0.29
2016-01-19,600741,5.75,6.33,6.37,5.55,138835,205345583.0,14.77,14.05,0.78,0.54
2016-01-20,600741,6.31,5.73,6.36,5.62,173379,255518776.0,11.69,-9.48,-0.6,0.67
2016-01-21,600741,5.59,5.34,5.86,5.33,94599,136053609.0,9.25,-6.81,-0.39,0.37
2016-01-22,600741,5.56,5.53,5.61,5.11,66793,94923035.0,9.36,3.56,0.19,0.26
2016-01-25,600741,5.65,5.58,5.75,5.43,48517,69791260.0,5.79,0.9,0.05,0.19
2016-01-26,600741,5.47,4.59,5.54,4.51,75715,104946163.0,18.46,-17.74,-0.99,0.29
2016-01-27,600741,4.59,4.59,4.79,4.18,136867,180835945.0,13.29,0.0,0.0,0.53
2016-01-28,600741,4.43,4.52,4.86,4.32,81585,109795822.0,11.76,-1.53,-0.07,0.32
2016-01-29,600741,4.47,5.04,5.18,4.47,80134,109909256.0,15.71,11.5,0.52,0.31
2016-02-01,600741,5.06,4.97,5.08,4.74,45451,62410934.0,6.75,-1.39,-0.07,0.18
2016-02-02,600741,4.96,5.18,5.33,4.93,71921,100551553.0,8.05,4.23,0.21,0.28
2016-02-03,600741,5.04,4.91,5.04,4.74,94779,129434459.0,5.79,-5.21,-0.27,0.37
2016-02-04,600741,4.99,5.01,5.11,4.91,71519,98745431.0,4.07,2.04,0.1,0.28
2016-02-05,600741,5.0,4.84,5.08,4.8,65751,90169290.0,5.59,-3.39,-0.17,0.25
2016-02-15,600741,4.48,4.71,4.83,4.41,59036,79389350.0,8.68,-2.69,-0.13,0.23
2016-02-16,600741,4.76,5.08,5.14,4.74,70495,97460956.0,8.49,7.86,0.37,0.27
2016-02-17,600741,5.16,5.17,5.2,4.99,69408,96419778.0,4.13,1.77,0.09,0.27
2016-02-18,600741,5.25,5.1,5.34,5.05,57430,80320391.0,5.61,-1.35,-0.07,0.22
2016-02-19,600741,5.06,5.09,5.21,5.0,61858,85960824.0,4.12,-0.2,-0.01,0.24
2016-02-22,600741,5.23,5.35,5.39,5.1,109470,153914771.0,5.7,5.11,0.26,0.42
2016-02-23,600741,5.31,5.11,5.35,4.98,72133,100531608.0,6.92,-4.49,-0.24,0.28
2016-02-24,600741,5.02,5.07,5.22,4.81,93461,128811034.0,8.02,-0.78,-0.04,0.36
2016-02-25,600741,5.07,4.18,5.13,4.03,127849,170687999.0,21.7,-17.55,-0.89,0.49
2016-02-26,600741,4.3,4.3,4.35,4.02,77995,101603072.0,7.89,2.87,0.12,0.3
2016-02-29,600741,4.19,3.94,4.25,3.55,114188,144273033.0,16.28,-8.37,-0.36,0.44
2016-03-01,600741,3.98,4.09,4.18,3.81,60245,77094193.0,9.39,3.81,0.15,0.23
2016-03-02,600741,4.12,4.6,4.63,4.07,125291,164996270.0,13.69,12.47,0.51,0.49
2016-03-03,600741,4.59,4.69,4.78,4.52,89799,120752481.0,5.65,1.96,0.09,0.35
2016-03-04,600741,4.6,5.0,5.08,4.58,198999,271932064.0,10.66,6.61,0.31,0.77
2016-03-07,600741,4.93,5.07,5.17,4.9,105333,145500410.0,5.4,1.4,0.07,0.41
2016-03-08,600741,5.03,5.11,5.14,4.61,68221,92995606.0,10.45,0.79,0.04,0.26
2016-03-09,600741,4.81,5.02,5.07,4.73,68791,94162914.0,6.65,-1.76,-0.09,0.27
2016-03-10,600741,4.94,4.68,5.01,4.67,44623,60613660.0,6.77,-6.77,-0.34,0.17
2016-03-11,600741,4.67,4.68,4.74,4.55,38887,52277730.0,4.06,0.0,0.0,0.15
2016-03-14,600741,4.73,4.97,5.11,4.67,90741,124587753.0,9.4,6.2,0.29,0.35
2016-03-15,600741,4.93,5.21,5.26,4.78,111549,154338678.0,9.66,4.83,0.24,0.43
2016-03-16,600741,5.1,5.28,5.4,5.09,158898,223609141.0,5.95,1.34,0.07,0.62
2016-03-17,600741,5.34,5.32,5.46,5.17,157971,222972213.0,5.49,0.76,0.04,0.61
2016-03-18,600741,5.35,5.43,5.66,5.32,192123,273902160.0,6.39,2.07,0.11,0.74
2016-03-21,600741,5.53,5.65,5.69,5.43,200016,287439312.0,4.79,4.05,0.22,0.77
2016-03-22,600741,5.68,5.49,5.68,5.46,96783,138801140.0,3.89,-2.83,-0.16,0.37
2016-03-23,600741,5.44,5.6,5.68,5.4,95601,137092581.0,5.1,2.0,0.11,0.37
2016-03-24,600741,5.5,5.78,6.2,5.44,165199,242309080.0,13.57,3.21,0.18,0.64
2016-03-25,600741,6.01,6.25,6.7,5.92,353573,531877584.0,13.49,8.13,0.47,1.37
2016-03-28,600741,6.31,5.99,6.61,5.84,247765,373374736.0,12.32,-4.16,-0.26,0.96
2016-03-29,600741,6.01,6.11,6.4,5.82,163837,244439035.0,9.68,2.0,0.12,0.63
2016-03-30,600741,6.18,6.43,6.49,6.18,143846,218057683.0,5.07,5.24,0.32,0.56
2016-03-31,600741,6.47,6.43,6.71,6.36,176044,269260304.0,5.44,0.0,0.0,0.68
2016-04-01,600741,6.43,6.32,6.47,5.99,179270,268346917.0,7.47,-1.71,-0.11,0.69
2016-04-05,600741,6.21,6.46,6.57,6.17,199240,302341728.0,6.33,2.22,0.14,0.77
2016-04-06,600741,6.44,6.6,6.68,6.37,170485,261786909.0,4.8,2.17,0.14,0.66
2016-04-07,600741,6.7,6.23,6.7,6.12,160736,245301149.0,8.79,-5.61,-0.37,0.62
2016-04-08,600741,6.23,6.39,6.53,6.12,147831,223096497.0,6.58,2.57,0.16,0.57
2016-04-11,600741,6.42,6.65,6.75,6.39,186810,287892080.0,5.63,4.07,0.26,0.72
2016-04-12,600741,6.64,6.61,6.66,6.44,86595,132587796.0,3.31,-0.6,-0.04,0.34
2016-04-13,600741,6.69,6.72,7.05,6.63,208758,326181936.0,6.35,1.66,0.11,0.81
2016-04-14,600741,6.77,6.77,6.86,6.66,81257,126392296.0,2.98,0.74,0.05,0.31
2016-04-15,600741,6.78,6.81,6.85,6.61,108094,167775534.0,3.55,0.59,0.04,0.42
2016-04-18,600741,6.71,6.31,6.71,6.2,138082,209250737.0,7.49,-7.34,-0.5,0.53
2016-04-19,600741,6.32,6.31,6.39,6.24,132628,200292271.0,2.38,0.0,0.0,0.51
2016-04-20,600741,6.32,5.99,6.43,5.49,236595,348678752.0,14.9,-5.07,-0.32,0.92
2016-04-21,600741,5.97,5.93,6.14,5.82,84843,125429536.0,5.34,-1.0,-0.06,0.33
2016-04-22,600741,5.91,6.08,6.16,5.84,56945,84394855.0,5.4,2.53,0.15,0.22
2016-04-25,600741,6.02,6.35,6.35,5.93,86809,129904199.0,6.91,4.44,0.27,0.34
2016-04-26,600741,6.22,6.42,6.45,6.17,63072,95207744.0,4.41,1.1,0.07,0.24
2016-04-27,600741,6.42,6.25,6.46,6.2,62631,94483476.0,4.05,-2.65,-0.17,0.24
2016-04-28,600741,6.27,6.15,6.31,5.97,60331,89969832.0,5.44,-1.6,-0.1,0.23
2016-04-29,600741,6.06,6.15,6.27,5.91,66170,98942914.0,5.85,0.0,0.0,0.26
2016-05-03,600741,6.15,6.26,6.41,6.02,232725,349112944.0,6.34,1.79,0.11,0.9
2016-05-04,600741,6.21,6.39,6.45,6.18,139761,210941366.0,4.31,2.08,0.13,0.54
2016-05-05,600741,6.39,6.18,6.39,6.17,143284,215296440.0,3.44,-3.29,-0.21,0.55
2016-05-06,600741,6.21,5.59,6.27,5.57,210007,308508704.0,11.33,-9.55,-0.59,0.81
2016-05-09,600741,5.56,5.26,5.57,5.17,160635,227110034.0,7.16,-5.9,-0.33,0.62
2016-05-10,600741,5.26,5.17,5.3,5.1,165937,231624211.0,3.8,-1.71,-0.09,0.64
2016-05-11,600741,5.32,5.39,5.51,5.18,145188,205337023.0,6.38,4.26,0.22,0.56
2016-05-12,600741,5.31,5.5,5.55,5.2,106479,150879518.0,6.49,2.04,0.11,0.41
2016-05-13,600741,5.51,5.39,5.52,5.26,57860,82104729.0,4.73,-2.0,-0.11,0.22
2016-05-16,600741,5.34,5.44,5.5,5.26,61632,87592219.0,4.45,0.93,0.05,0.24
2016-05-17,600741,5.43,5.38,5.49,5.34,66189,93917766.0,2.76,-1.1,-0.06,0.26
2016-05-18,600741,5.31,5.44,5.55,5.21,116676,165288078.0,6.32,1.12,0.06,0.45
2016-05-19,600741,5.37,5.42,5.5,5.36,45600,64931268.0,2.57,-0.37,-0.02,0.18
2016-05-20,600741,5.4,5.41,5.44,5.28,33371,47296641.0,2.95,-0.18,-0.01,0.13
2016-05-23,600741,5.42,5.64,5.67,5.42,76355,109633985.0,4.62,4.25,0.23,0.3
2016-05-24,600741,5.62,5.59,5.69,5.46,66630,95791103.0,4.08,-0.89,-0.05,0.26
2016-05-25,600741,5.62,5.66,5.85,5.61,65246,94681304.0,4.29,1.25,0.07,0.25
2016-05-26,600741,5.66,5.62,5.77,5.48,46620,67022752.0,5.12,-0.71,-0.04,0.18
2016-05-27,600741,5.61,5.66,5.74,5.51,49378,71304432.0,4.09,0.71,0.04,0.19
2016-05-30,600741,5.68,5.49,5.68,5.47,104463,149853942.0,3.71,-3.0,-0.17,0.4
2016-05-31,600741,5.53,5.92,5.98,5.48,143279,209070975.0,9.11,7.83,0.43,0.55
2016-06-01,600741,5.94,5.94,6.03,5.85,67111,98943302.0,3.04,0.34,0.02,0.26
2016-06-02,600741,5.97,5.88,5.97,5.77,56956,83421505.0,3.37,-1.01,-0.06,0.22
2016-06-03,600741,5.89,6.27,6.32,5.89,161630,241001010.0,7.31,6.63,0.39,0.63
2016-06-06,600741,6.25,6.29,6.36,6.06,83882,126076369.0,4.78,0.32,0.02,0.32
2016-06-07,600741,6.3,6.21,6.31,6.13,60074,90040858.0,2.86,-1.27,-0.08,0.23
2016-06-08,600741,6.21,6.14,6.23,6.03,77460,115591740.0,3.22,-1.13,-0.07,0.3
2016-06-13,600741,6.03,5.78,6.08,5.77,73762,108782254.0,5.05,-5.86,-0.36,0.29
2016-06-14,600741,5.78,5.81,5.89,5.66,47446,69110717.0,3.98,0.52,0.03,0.18
2016-06-15,600741,5.71,6.13,6.21,5.71,87713,130306550.0,8.61,5.51,0.32,0.34
2016-06-16,600741,6.13,6.06,6.24,6.01,71856,107203204.0,3.75,-1.14,-0.07,0.28
2016-06-17,600741,6.27,6.29,6.49,6.18,135196,204368969.0,5.12,3.8,0.23,0.52
2016-06-20,600741,6.35,6.36,6.41,6.19,75052,113305855.0,3.5,1.11,0.07,0.29
2016-06-21,600741,6.43,6.42,6.59,6.36,162387,247935336.0,3.62,0.94,0.06,0.63
2016-06-22,600741,6.39,6.59,6.63,6.39,175793,269072720.0,3.74,2.65,0.17,0.68
2016-06-23,600741,6.43,6.21,6.47,6.07,133279,189505696.0,6.07,-5.77,-0.38,0.52
2016-06-24,600741,6.12,5.82,6.28,5.42,156433,217811798.0,13.85,-6.28,-0.39,0.61
2016-06-27,600741,5.72,5.95,5.98,5.63,97587,135294615.0,6.01,2.23,0.13,0.38
2016-06-28,600741,5.97,5.94,5.98,5.76,77298,107101668.0,3.7,-0.17,-0.01,0.3
2016-06-29,600741,5.96,6.01,6.05,5.94,64504,90146633.0,1.85,1.18,0.07,0.25
2016-06-30,600741,6.11,6.03,6.12,5.99,48787,68407098.0,2.16,0.33,0.02,0.19
2016-07-01,600741,6.02,6.1,6.15,6.02,60346,85006352.0,2.16,1.16,0.07,0.23
2016-07-04,600741,6.07,6.37,6.49,6.01,119032,170158890.0,7.87,4.43,0.27,0.46
2016-07-05,600741,6.35,6.36,6.5,6.25,88326,126734620.0,3.92,-0.16,-0.01,0.34
2016-07-06,600741,6.34,6.3,6.35,6.22,66519,94827868.0,2.04,-0.94,-0.06,0.26
2016-07-07,600741,6.34,6.21,6.4,6.15,98441,140116326.0,3.97,-1.43,-0.09,0.38
2016-07-08,600741,6.26,6.18,6.26,6.09,67473,95422610.0,2.74,-0.48,-0.03,0.26
2016-07-11,600741,6.2,6.46,6.6,6.18,174990,251569953.0,6.8,4.53,0.28,0.68
2016-07-12,600741,6.46,6.99,7.08,6.4,356483,528442848.0,10.53,8.2,0.53,1.38
2016-07-13,600741,7.07,7.18,7.57,7.04,411490,631036240.0,7.58,2.72,0.19,1.59
2016-07-14,600741,7.08,7.3,7.64,7.05,173049,265825873.0,8.22,1.67,0.12,0.67
2016-07-15,600741,7.21,7.62,7.74,7.17,188418,291595680.0,7.81,4.38,0.32,0.73
2016-07-18,600741,7.59,7.99,8.24,7.46,360097,574486672.0,10.24,4.86,0.37,1.39
2016-07-19,600741,7.92,7.55,8.0,7.36,187539,291834992.0,8.01,-5.51,-0.44,0.73
2016-07-20,600741,7.55,7.4,7.6,7.3,118634,183163082.0,3.97,-1.99,-0.15,0.46
2016-07-21,600741,7.39,7.6,8.02,7.37,220005,344338304.0,8.78,2.7,0.2,0.85
2016-07-22,600741,7.59,7.31,7.59,7.19,183825,281930240.0,5.26,-3.82,-0.29,0.71
2016-07-25,600741,7.17,7.4,7.61,7.16,119120,182976616.0,6.16,1.23,0.09,0.46
2016-07-26,600741,7.38,7.94,8.19,7.29,277744,442014752.0,12.16,7.3,0.54,1.08
2016-07-27,600741,7.93,8.19,8.63,7.2,351223,562891648.0,18.01,3.15,0.25,1.36
2016-07-28,600741,8.19,8.63,9.18,8.02,414191,691135648.0,14.16,5.37,0.44,1.6
2016-07-29,600741,8.52,8.3,8.94,8.22,202013,333441504.0,8.34,-3.82,-0.33,0.78
2016-08-01,600741,8.18,8.06,8.41,7.72,185478,295893504.0,8.31,-2.89,-0.24,0.72
2016-08-02,600741,8.01,8.16,8.18,7.76,121452,193555368.0,5.21,1.24,0.1,0.47
2016-08-03,600741,8.04,7.92,8.12,7.88,110932,177449142.0,2.94,-2.94,-0.24,0.43
2016-08-04,600741,7.97,8.02,8.27,7.88,115156,185170256.0,4.92,1.26,0.1,0.45
2016-08-05,600741,7.98,7.86,8.07,7.84,96581,153728493.0,2.87,-2.0,-0.16,0.37
2016-08-08,600741,7.82,8.57,8.62,7.79,170083,275609952.0,10.56,9.03,0.71,0.66
2016-08-09,600741,8.42,8.6,8.75,8.42,157995,262296868.0,3.85,0.35,0.03,0.61
2016-08-10,600741,8.6,8.17,8.71,8.13,113513,185208481.0,6.74,-5.0,-0.43,0.44
2016-08-11,600741,8.22,7.97,8.37,7.95,92550,149192535.0,5.14,-2.45,-0.2,0.36
2016-08-12,600741,7.85,8.31,8.52,7.83,119708,193358172.0,8.66,4.27,0.34,0.46
2016-08-15,600741,8.37,8.69,8.77,8.34,152354,252885530.0,5.17,4.57,0.38,0.59
2016-08-16,600741,8.72,8.53,9.07,8.47,163453,273549536.0,6.9,-1.84,-0.16,0.63
2016-08-17,600741,8.53,8.53,8.65,8.37,93784,154641579.0,3.28,0.0,0.0,0.36
2016-08-18,600741,8.52,8.41,8.66,8.36,73564,121396485.0,3.52,-1.41,-0.12,0.28
2016-08-19,600741,8.39,8.27,8.55,8.04,87441,142367539.0,6.06,-1.66,-0.14,0.34
2016-08-22,600741,8.27,8.14,8.35,8.07,61243,98848571.0,3.39,-1.57,-0.13,0.24
2016-08-23,600741,8.2,8.12,8.27,8.03,96898,156127699.0,2.95,-0.25,-0.02,0.38
2016-08-24,600741,8.2,7.98,8.23,7.96,80864,130016400.0,3.33,-1.72,-0.14,0.31
2016-08-25,600741,8.05,7.67,8.08,7.47,193449,303861184.0,7.64,-3.88,-0.31,0.75
2016-08-26,600741,7.72,7.69,7.85,7.54,133364,209326401.0,4.04,0.26,0.02,0.52
2016-08-29,600741,7.73,7.83,7.85,7.58,84436,132777966.0,3.51,1.82,0.14,0.33
2016-08-30,600741,7.85,7.79,7.87,7.73,80033,126304207.0,1.79,-0.51,-0.04,0.31
2016-08-31,600741,7.78,7.81,7.95,7.73,86438,136717703.0,2.82,0.26,0.02,0.33
2016-09-01,600741,7.82,7.82,7.91,7.79,65823,104151678.0,1.54,0.13,0.01,0.25
2016-09-02,600741,7.82,7.8,7.86,7.57,142030,222891338.0,3.71,-0.26,-0.02,0.55
2016-09-05,600741,7.79,7.77,7.85,7.71,74338,117207411.0,1.79,-0.38,-0.03,0.29
2016-09-06,600741,7.74,7.89,7.93,7.6,62349,98276044.0,4.25,1.54,0.12,0.24
2016-09-07,600741,7.91,7.83,7.97,7.81,64910,103021752.0,2.03,-0.76,-0.06,0.25
2016-09-08,600741,7.86,7.94,8.01,7.79,73333,116519741.0,2.81,1.4,0.11,0.28
2016-09-09,600741,7.87,7.91,8.32,7.86,110577,178030379.0,5.79,-0.38,-0.03,0.43
2016-09-12,600741,7.72,7.58,7.72,7.1,204891,315340240.0,7.84,-4.17,-0.33,0.79
2016-09-13,600741,7.51,7.57,7.58,7.43,56739,87863924.0,1.98,-0.13,-0.01,0.22
2016-09-14,600741,7.49,7.47,7.54,7.39,56686,87585421.0,1.98,-1.32,-0.1,0.22
2016-09-19,600741,7.47,7.56,7.61,7.46,43647,67720499.0,2.01,1.2,0.09,0.17
2016-09-20,600741,7.56,7.7,7.75,7.44,53287,83299895.0,4.1,1.85,0.14,0.21
2016-09-21,600741,7.65,7.67,7.83,7.6,46855,73417402.0,2.99,-0.39,-0.03,0.18
2016-09-22,600741,7.73,7.65,7.92,7.62,99175,156007034.0,3.91,-0.26,-0.02,0.38
2016-09-23,600741,7.72,7.66,7.77,7.64,38055,59710569.0,1.7,0.13,0.01,0.15
2016-09-26,600741,7.7,7.63,7.78,7.55,59433,93195777.0,3.0,-0.39,-0.03,0.23
2016-09-27,600741,7.52,7.7,7.72,7.52,42264,65890809.0,2.62,0.92,0.07,0.16
2016-09-28,600741,7.79,7.66,7.79,7.61,35157,54981481.0,2.34,-0.52,-0.04,0.14
2016-09-29,600741,7.7,7.77,7.86,7.66,48220,76032934.0,2.61,1.44,0.11,0.19
2016-09-30,600741,7.73,7.77,7.84,7.71,40187,63256649.0,1.67,0.0,0.0,0.16
2016-10-10,600741,7.84,8.14,8.17,7.84,75578,120904863.0,4.25,4.76,0.37,0.29
2016-10-11,600741,8.2,8.03,8.2,7.96,73856,118211031.0,2.95,-1.35,-0.11,0.29
2016-10-12,600741,8.01,8.12,8.14,7.93,61550,98594113.0,2.62,1.12,0.09,0.24
2016-10-13,600741,8.11,8.02,8.11,7.94,41117,65730245.0,2.09,-1.23,-0.1,0.16
2016-10-14,600741,8.02,7.97,8.05,7.87,44171,70240291.0,2.24,-0.62,-0.05,0.17
2016-10-17,600741,8.0,7.83,8.06,7.75,42498,67608393.0,3.89,-1.76,-0.14,0.16
2016-10-18,600741,7.83,8.08,8.12,7.81,73687,117803479.0,3.96,3.19,0.25,0.29
2016-10-19,600741,8.02,8.1,8.15,8.01,58284,93657908.0,1.73,0.25,0.02,0.23
2016-10-20,600741,8.1,8.3,8.36,8.04,102195,165503080.0,3.95,2.47,0.2,0.4
2016-10-21,600741,8.29,8.2,8.38,8.09,61975,100382294.0,3.49,-1.2,-0.1,0.24
2016-10-24,600741,8.23,8.36,8.41,8.16,122851,200159426.0,3.05,1.95,0.16,0.48
2016-10-25,600741,8.35,8.18,8.39,8.16,76736,124548700.0,2.75,-2.15,-0.18,0.3
2016-10-26,600741,8.18,8.07,8.22,8.01,80621,129342494.0,2.57,-1.34,-0.11,0.31
2016-10-27,600741,8.07,8.24,8.33,8.03,106449,172289254.0,3.72,2.11,0.17,0.41
2016-10-28,600741,8.32,8.26,8.33,8.14,89685,145515429.0,2.31,0.24,0.02,0.35
2016-10-31,600741,8.25,8.52,8.54,8.17,113994,187176190.0,4.48,3.15,0.26,0.44
2016-11-01,600741,8.52,8.55,8.7,8.44,91203,150881163.0,3.05,0.35,0.03,0.35
2016-11-02,600741,8.54,8.37,8.58,8.3,66309,108716049.0,3.27,-2.11,-0.18,0.26
2016-11-03,600741,8.32,8.49,8.5,8.31,119094,194952191.0,2.27,1.43,0.12,0.46
2016-11-04,600741,8.46,8.32,8.5,8.16,119057,194100708.0,4.0,-2.0,-0.17,0.46
2016-11-07,600741,8.32,8.19,8.32,8.1,86623,140213990.0,2.64,-1.56,-0.13,0.34
2016-11-08,600741,8.23,8.29,8.33,8.19,78342,127214191.0,1.71,1.22,0.1,0.3
2016-11-09,600741,8.26,8.0,8.27,7.88,127419,204068850.0,4.7,-3.5,-0.29,0.49
2016-11-10,600741,8.18,8.18,8.21,8.1,59172,95583439.0,1.38,2.25,0.18,0.23
2016-11-11,600741,8.2,8.27,8.33,8.12,105070,170182348.0,2.57,1.1,0.09,0.41
2016-11-14,600741,8.27,8.25,8.46,8.19,96678,157561555.0,3.26,-0.24,-0.02,0.37
2016-11-15,600741,8.23,8.21,8.31,8.16,59719,96681296.0,1.82,-0.48,-0.04,0.23
2016-11-16,600741,8.22,8.21,8.26,8.11,58231,94114248.0,1.83,0.0,0.0,0.23
2016-11-17,600741,8.2,8.2,8.25,8.13,53801,86965572.0,1.46,-0.12,-0.01,0.21
2016-11-18,600741,8.21,8.16,8.23,8.13,65352,105551697.0,1.22,-0.49,-0.04,0.25
2016-11-21,600741,8.19,8.14,8.34,8.1,86552,140210026.0,2.94,-0.25,-0.02,0.34
2016-11-22,600741,8.15,8.3,8.36,8.13,108317,176091314.0,2.83,1.97,0.16,0.42
2016-11-23,600741,8.36,8.38,8.48,8.28,81439,133293426.0,2.41,0.96,0.08,0.32
2016-11-24,600741,8.31,8.88,9.17,8.29,279082,469029872.0,10.5,5.97,0.5,1.08
2016-11-25,600741,8.86,9.03,9.17,8.76,182490,309313456.0,4.62,1.69,0.15,0.71
2016-11-28,600741,9.19,8.81,9.4,8.8,272165,465403552.0,6.64,-2.44,-0.22,1.05
2016-11-29,600741,8.9,9.15,9.71,8.77,333326,576146016.0,10.67,3.86,0.34,1.29
2016-11-30,600741,9.12,8.89,9.19,8.78,145395,246083028.0,4.48,-2.84,-0.26,0.56
2016-12-01,600741,8.98,9.28,9.47,8.88,213905,368040320.0,6.64,4.39,0.39,0.83
2016-12-02,600741,9.3,8.99,9.31,8.87,157760,268626016.0,4.74,-3.13,-0.29,0.61
2016-12-05,600741,8.75,8.77,8.84,8.59,152023,254094805.0,2.78,-2.45,-0.22,0.59
2016-12-06,600741,8.72,8.77,9.12,8.68,110051,185780457.0,5.02,0.0,0.0,0.43
2016-12-07,600741,8.82,8.89,8.92,8.73,56889,95508521.0,2.17,1.37,0.12,0.22
2016-12-08,600741,8.92,9.24,9.44,8.85,196641,338729808.0,6.64,3.94,0.35,0.76
2016-12-09,600741,9.31,9.26,9.41,9.16,145566,251661046.0,2.71,0.22,0.02,0.56
2016-12-12,600741,9.26,8.92,9.34,8.62,202069,341039248.0,7.78,-3.67,-0.34,0.78
2016-12-13,600741,8.82,9.0,9.08,8.76,79202,134123121.0,3.59,0.9,0.08,0.31
2016-12-14,600741,8.96,8.61,9.0,8.55,85398,143491916.0,5.0,-4.33,-0.39,0.33
2016-12-15,600741,8.62,8.0,8.68,7.86,220548,357576208.0,9.52,-7.08,-0.61,0.85
2016-12-16,600741,8.02,8.0,8.15,7.83,110256,176529604.0,4.0,0.0,0.0,0.43
2016-12-19,600741,7.95,7.93,8.19,7.9,103619,165900187.0,3.63,-0.88,-0.07,0.4
2016-12-20,600741,7.97,7.74,7.99,7.61,94709,149001424.0,4.79,-2.4,-0.19,0.37
2016-12-21,600741,7.73,7.79,7.9,7.7,104578,165118920.0,2.58,0.65,0.05,0.4
2016-12-22,600741,7.81,8.03,8.03,7.76,86610,137382786.0,3.47,3.08,0.24,0.34
2016-12-23,600741,7.92,7.89,7.99,7.7,71429,112798158.0,3.61,-1.74,-0.14,0.28
2016-12-26,600741,7.8,8.03,8.04,7.68,60595,95961267.0,4.56,1.77,0.14,0.23
2016-12-27,600741,8.0,7.91,8.07,7.89,48016,76732407.0,2.24,-1.49,-0.12,0.19
2016-12-28,600741,7.91,7.86,7.97,7.78,34264,54287191.0,2.4,-0.63,-0.05,0.13
2016-12-29,600741,7.87,7.85,7.92,7.78,38013,60180541.0,1.78,-0.13,-0.01,0.15
2016-12-30,600741,7.85,7.97,8.01,7.8,64593,102464530.0,2.68,1.53,0.12,0.25
2017-01-03,600741,7.97,8.11,8.26,7.93,116876,188370854.0,4.14,1.76,0.14,0.45
2017-01-04,600741,8.1,8.25,8.32,8.08,86885,140866306.0,2.96,1.73,0.14,0.34
2017-01-05,600741,8.29,8.18,8.29,8.14,48030,77695997.0,1.82,-0.85,-0.07,0.19
2017-01-06,600741,8.22,8.04,8.22,7.95,76294,122222090.0,3.3,-1.71,-0.14,0.3
2017-01-09,600741,8.01,8.24,8.26,7.97,63609,102625948.0,3.61,2.49,0.2,0.25
2017-01-10,600741,8.2,8.12,8.23,8.03,70066,112521694.0,2.43,-1.46,-0.12,0.27
2017-01-11,600741,8.11,7.82,8.11,7.78,100523,159659993.0,4.06,-3.69,-0.3,0.39
2017-01-12,600741,7.82,7.73,7.92,7.7,54173,85538897.0,2.81,-1.15,-0.09,0.21
2017-01-13,600741,7.76,7.77,7.92,7.65,78655,124141042.0,3.49,0.52,0.04,0.3
2017-01-16,600741,7.75,7.78,7.82,7.55,277947,435155904.0,3.47,0.13,0.01,0.97
2017-01-17,600741,7.72,7.64,7.72,7.45,160175,249340022.0,3.47,-1.8,-0.14,0.56
2017-01-18,600741,7.59,7.84,7.88,7.52,173561,273141504.0,4.71,2.62,0.2,0.61
2017-01-19,600741,7.81,7.85,8.1,7.76,183567,291731584.0,4.34,0.13,0.01,0.64
2017-01-20,600741,7.87,8.24,8.28,7.87,215140,346480560.0,5.22,4.97,0.39,0.75
2017-01-23,600741,8.24,8.23,8.3,8.12,152420,246970144.0,2.18,-0.12,-0.01,0.53
2017-01-24,600741,8.23,8.39,8.54,8.15,164615,269030208.0,4.74,1.94,0.16,0.57
2017-01-25,600741,8.37,8.5,8.54,8.31,106614,175150246.0,2.74,1.31,0.11,0.37
2017-01-26,600741,8.53,8.62,8.67,8.47,102287,169745288.0,2.35,1.41,0.12,0.36
2017-02-03,600741,8.62,8.35,8.68,8.32,97253,159977933.0,4.18,-3.13,-0.27,0.34
2017-02-06,600741,8.38,8.48,8.65,8.36,116605,192425687.0,3.47,1.56,0.13,0.41
2017-02-07,600741,8.5,8.57,8.63,8.41,130116,215002921.0,2.59,1.06,0.09,0.45
2017-02-08,600741,8.57,8.66,8.77,8.47,120454,200392694.0,3.5,1.05,0.09,0.42
2017-02-09,600741,8.65,8.61,8.72,8.51,132067,218918364.0,2.42,-0.58,-0.05,0.46
2017-02-10,600741,8.62,8.52,8.62,8.39,160846,264993799.0,2.67,-1.05,-0.09,0.56
2017-02-13,600741,8.51,8.6,8.62,8.45,169576,279939984.0,2.0,0.94,0.08,0.59
2017-02-14,600741,8.56,8.62,8.79,8.47,126162,209171739.0,3.72,0.23,0.02,0.44
2017-02-15,600741,8.67,8.53,8.72,8.5,122004,202666096.0,2.55,-1.04,-0.09,0.43
2017-02-16,600741,8.52,8.41,8.57,8.31,137447,225074737.0,3.05,-1.41,-0.12,0.48
2017-02-17,600741,8.42,8.46,8.53,8.35,122208,200852981.0,2.14,0.59,0.05,0.43
2017-02-20,600741,8.48,8.8,8.86,8.45,271689,454009856.0,4.85,4.02,0.34,0.95
2017-02-21,600741,8.86,8.88,9.1,8.77,194361,327520080.0,3.75,0.91,0.08,0.68
2017-02-22,600741,8.83,9.13,9.2,8.77,184381,313112656.0,4.84,2.82,0.25,0.64
2017-02-23,600741,9.1,8.91,9.1,8.83,154749,261739151.0,2.96,-2.41,-0.22,0.54
2017-02-24,600741,8.87,8.82,9.04,8.8,130432,220173114.0,2.69,-1.01,-0.09,0.46
2017-02-27,600741,8.81,8.6,8.92,8.57,143318,239832012.0,3.97,-2.49,-0.22,0.5
2017-02-28,600741,8.67,8.86,8.88,8.65,120270,201808495.0,2.67,3.02,0.26,0.42
2017-03-01,600741,8.84,8.99,9.15,8.77,196996,335152256.0,4.29,1.47,0.13,0.69
2017-03-02,600741,8.99,8.73,9.03,8.71,167046,280570032.0,3.56,-2.89,-0.26,0.58
2017-03-03,600741,8.72,8.75,8.8,8.67,87261,145779512.0,1.49,0.23,0.02,0.3
2017-03-06,600741,8.74,8.73,8.79,8.67,108239,180842364.0,1.37,-0.23,-0.02,0.38
2017-03-07,600741,8.72,8.66,8.75,8.58,101304,168211453.0,1.95,-0.8,-0.07,0.35
2017-03-08,600741,8.62,8.51,8.66,8.41,161707,265979653.0,2.89,-1.73,-0.15,0.56
2017-03-09,600741,8.46,8.35,8.46,8.31,120320,196642788.0,1.76,-1.88,-0.16,0.42
2017-03-10,600741,8.35,8.38,8.45,8.31,93382,152693133.0,1.68,0.36,0.03,0.33
2017-03-13,600741,8.37,8.6,8.69,8.31,166706,275820544.0,4.53,2.63,0.22,0.58
2017-03-14,600741,8.62,8.7,8.75,8.54,123374,205005011.0,2.44,1.16,0.1,0.43
2017-03-15,600741,8.58,8.84,8.91,8.53,135377,226821375.0,4.37,1.61,0.14,0.47
2017-03-16,600741,8.84,8.83,9.03,8.74,141834,238872439.0,3.28,-0.11,-0.01,0.49
2017-03-17,600741,8.83,8.49,8.89,8.36,185913,308354208.0,6.0,-3.85,-0.34,0.65
2017-03-20,600741,8.52,8.39,8.59,8.27,189357,310317200.0,3.77,-1.18,-0.1,0.66
2017-03-21,600741,8.43,8.64,8.66,8.39,162182,267386603.0,3.22,2.98,0.25,0.57
2017-03-22,600741,8.56,8.5,8.6,8.45,148880,245685613.0,1.74,-1.62,-0.14,0.52
2017-03-23,600741,8.5,8.81,8.83,8.49,257048,427895840.0,4.0,3.65,0.31,0.9
2017-03-24,600741,8.76,9.46,9.57,8.74,646701,1112743520.0,9.42,7.38,0.65,2.26
2017-03-27,600741,9.51,9.38,9.88,9.27,423861,744247184.0,6.45,-0.85,-0.08,1.48
2017-03-28,600741,9.41,9.42,9.55,9.17,244805,423355328.0,4.05,0.43,0.04,0.85
2017-03-29,600741,9.49,9.39,9.6,9.25,226259,394188224.0,3.72,-0.32,-0.03,0.79
2017-03-30,600741,9.77,9.36,9.8,9.14,393755,685446064.0,7.03,-0.32,-0.03,1.37
2017-03-31,600741,9.48,10.23,10.28,9.42,516566,922217632.0,9.19,9.29,0.87,1.8
2017-04-05,600741,10.33,10.16,10.55,10.03,445948,812300080.0,5.08,-0.68,-0.07,1.56
2017-04-06,600741,10.15,10.32,10.37,10.07,226789,413067840.0,2.95,1.57,0.16,0.79
2017-04-07,600741,10.35,10.71,10.85,10.2,298103,553326608.0,6.3,3.78,0.39,1.04
2017-04-10,600741,10.7,10.66,10.93,10.4,318936,592019696.0,4.95,-0.47,-0.05,1.11
2017-04-11,600741,10.7,10.45,10.73,10.15,211154,388178368.0,5.44,-1.97,-0.21,0.74
2017-04-12,600741,10.41,10.46,10.53,10.23,113023,207615279.0,2.87,0.1,0.01,0.39
2017-04-13,600741,10.44,10.38,10.52,10.31,80065,147274053.0,2.01,-0.76,-0.08,0.28
2017-04-14,600741,10.5,10.14,10.5,10.0,173698,314417200.0,4.82,-2.31,-0.24,0.61
2017-04-17,600741,10.03,10.24,10.31,9.97,102402,185863702.0,3.35,0.99,0.1,0.36
2017-04-18,600741,10.32,10.54,10.76,10.27,179721,333818752.0,4.79,2.93,0.3,0.63
2017-04-19,600741,10.61,10.56,10.67,10.32,164812,304147072.0,3.32,0.19,0.02,0.57
2017-04-20,600741,10.6,11.23,11.47,10.53,331929,636076816.0,8.9,6.34,0.67,1.16
2017-04-21,600741,11.17,11.27,11.64,11.15,257665,500208640.0,4.36,0.36,0.04,0.9
2017-04-24,600741,11.32,11.41,11.45,10.88,215949,413483152.0,5.06,1.24,0.14,0.75
2017-04-25,600741,11.39,11.31,11.5,11.15,140604,271473168.0,3.07,-0.88,-0.1,0.49
2017-04-26,600741,11.31,11.59,12.1,11.24,331924,654859552.0,7.6,2.48,0.28,1.16
2017-04-27,600741,11.57,11.46,11.7,11.33,173698,337681968.0,3.19,-1.12,-0.13,0.61
2017-04-28,600741,11.47,10.8,11.49,10.68,281708,532467088.0,7.07,-5.76,-0.66,0.98
2017-05-02,600741,10.7,10.6,10.86,10.49,147084,274128608.0,3.43,-1.85,-0.2,0.51
2017-05-03,600741,10.64,10.76,10.92,10.59,153805,287803552.0,3.11,1.51,0.16,0.54
2017-05-04,600741,10.73,10.86,11.0,10.6,122727,231282762.0,3.72,0.93,0.1,0.43
2017-05-05,600741,10.76,10.89,10.92,10.52,159007,297372768.0,3.68,0.28,0.03,0.55
2017-05-08,600741,10.74,10.98,11.0,10.38,268684,502460752.0,5.69,0.83,0.09,0.94
2017-05-09,600741,10.81,10.54,10.82,10.42,150457,279658192.0,3.64,-4.01,-0.44,0.52
2017-05-10,600741,10.57,10.33,10.67,10.15,164105,302920112.0,4.93,-1.99,-0.21,0.57
2017-05-11,600741,10.14,10.54,10.56,10.12,130622,239454582.0,4.26,2.03,0.21,0.46
2017-05-12,600741,10.54,10.84,10.89,10.41,111215,207508188.0,4.55,2.85,0.3,0.39
2017-05-15,600741,10.76,11.14,11.17,10.76,121190,230105907.0,3.78,2.77,0.3,0.42
2017-05-16,600741,11.08,11.45,11.51,10.94,125752,241946739.0,5.12,2.78,0.31,0.44
2017-05-17,600741,11.45,11.23,11.79,11.21,145112,282406288.0,5.07,-1.92,-0.22,0.51
2017-05-18,600741,11.28,11.54,11.6,11.08,108566,211082335.0,4.63,2.76,0.31,0.38
2017-05-19,600741,11.35,11.5,11.59,11.35,71515,138925050.0,2.08,-0.35,-0.04,0.25
2017-05-22,600741,11.47,11.68,11.72,11.08,153745,297961280.0,5.57,1.57,0.18,0.54
2017-05-23,600741,11.53,11.92,11.93,11.42,189321,372309728.0,4.37,2.05,0.24,0.66
2017-05-24,600741,11.82,11.92,11.98,11.64,165849,328349824.0,2.85,0.0,0.0,0.58
2017-05-25,600741,11.82,11.75,12.0,11.74,94649,188021831.0,2.18,-1.43,-0.17,0.33
2017-05-26,600741,11.75,11.83,12.08,11.65,115764,229765753.0,3.66,0.68,0.08,0.4
2017-05-31,600741,11.9,12.01,12.12,11.36,191251,378064496.0,6.42,1.52,0.18,0.67
2017-06-01,600741,11.85,12.25,12.29,11.85,211187,424379392.0,3.66,2.0,0.24,0.74
2017-06-02,600741,12.31,12.31,12.4,12.2,90429,183473913.0,1.63,0.49,0.06,0.32
2017-06-05,600741,12.38,11.78,12.46,11.72,151480,304731760.0,6.01,-4.31,-0.53,0.53
2017-06-06,600741,11.78,12.12,12.13,11.74,94824,188633136.0,3.31,2.89,0.34,0.33
2017-06-07,600741,12.2,12.58,12.67,12.13,234081,479864896.0,4.46,3.8,0.46,0.82
2017-06-08,600741,12.49,14.2,14.58,12.47,407344,884381248.0,16.77,12.88,1.62,1.42
2017-06-09,600741,14.17,14.96,15.12,14.09,379253,866702544.0,7.25,5.35,0.76,1.32
2017-06-12,600741,14.96,15.07,16.22,14.83,380703,891841552.0,9.29,0.74,0.11,1.33
2017-06-13,600741,15.22,15.41,15.69,14.87,226061,524730736.0,5.44,2.26,0.34,0.79
2017-06-14,600741,15.31,14.69,15.46,14.43,262848,598699984.0,6.68,-4.67,-0.72,0.92
2017-06-15,600741,14.75,14.7,14.81,14.14,224630,504966880.0,4.56,0.07,0.01,0.78
2017-06-16,600741,14.61,14.66,14.76,14.22,145820,328260976.0,3.67,-0.27,-0.04,0.51
2017-06-19,600741,14.72,15.01,15.5,14.42,236886,546634672.0,7.37,2.39,0.35,0.83
2017-06-20,600741,15.1,14.53,15.14,14.4,195349,442710480.0,4.93,-3.2,-0.48,0.68
2017-06-21,600741,14.72,15.36,15.41,14.22,204669,466930848.0,8.19,5.71,0.83,0.71
2017-06-22,600741,15.3,15.55,15.9,15.05,300744,708528880.0,5.53,1.24,0.19,1.05
2017-06-23,600741,15.43,16.56,16.75,15.31,334728,806479680.0,9.26,6.5,1.01,1.17
2017-06-26,600741,16.55,16.38,16.84,16.05,302009,738015008.0,4.77,-1.09,-0.18,1.05
2017-06-27,600741,16.15,16.31,16.35,15.87,185081,445843152.0,2.93,-0.43,-0.07,0.65
2017-06-28,600741,16.14,15.84,16.27,15.8,183205,440126928.0,2.88,-2.88,-0.47,0.64
2017-06-29,600741,15.81,16.0,16.13,15.67,137546,328543840.0,2.9,1.01,0.16,0.48
2017-06-30,600741,15.92,16.26,16.28,15.75,119997,288752304.0,3.31,1.63,0.26,0.42
2017-07-03,600741,16.28,15.62,16.28,15.32,213466,505636032.0,5.9,-3.94,-0.64,0.74
2017-07-04,600741,15.75,15.71,15.82,14.93,240157,560698592.0,5.7,0.58,0.09,0.84
2017-07-05,600741,15.59,16.02,16.23,15.47,161941,387813808.0,4.84,1.97,0.31,0.56
2017-07-06,600741,16.13,16.59,16.69,16.07,222863,544042816.0,3.87,3.56,0.57,0.78
2017-07-07,600741,16.61,16.58,16.88,16.33,229158,562687504.0,3.32,-0.06,-0.01,0.8
2017-07-10,600741,16.58,15.72,16.58,15.62,209787,479434096.0,5.79,-5.19,-0.86,0.73
2017-07-11,600741,15.73,15.93,16.29,15.67,132722,304726464.0,3.94,1.34,0.21,0.46
2017-07-12,600741,16.0,15.5,16.24,15.11,156261,351771312.0,7.09,-2.7,-0.43,0.55
2017-07-13,600741,15.5,14.72,15.52,14.64,303776,669643696.0,5.68,-5.03,-0.78,1.06
2017-07-14,600741,14.72,15.11,15.19,14.43,171945,375467120.0,5.16,2.65,0.39,0.6
2017-07-17,600741,15.1,15.29,15.32,14.47,177869,392263344.0,5.63,1.19,0.18,0.62
2017-07-18,600741,15.12,14.76,15.24,14.48,158702,345203376.0,4.97,-3.47,-0.53,0.55
2017-07-19,600741,14.76,14.83,15.16,14.56,192342,420102160.0,4.07,0.47,0.07,0.67
2017-07-20,600741,14.87,15.3,15.38,14.84,183866,408244640.0,3.64,3.17,0.47,0.64
2017-07-21,600741,15.13,15.27,15.52,15.0,166099,368947408.0,3.4,-0.2,-0.03,0.58
2017-07-24,600741,15.26,15.52,15.8,15.07,188523,424522880.0,4.78,1.64,0.25,0.66
2017-07-25,600741,15.59,15.53,15.67,15.29,95217,213759875.0,2.45,0.06,0.01,0.33
2017-07-26,600741,15.45,14.37,15.53,13.69,408400,874714000.0,11.85,-7.47,-1.16,1.42
2017-07-27,600741,14.13,14.37,14.56,13.92,155672,330554240.0,4.45,0.0,0.0,0.54
2017-07-28,600741,14.24,14.65,14.9,14.17,89585,193528713.0,5.08,1.95,0.28,0.31
2017-07-31,600741,14.63,14.37,14.78,14.09,153384,327001696.0,4.71,-1.91,-0.28,0.54
2017-08-01,600741,14.38,14.48,14.52,14.17,146172,311438128.0,2.44,0.77,0.11,0.51
2017-08-02,600741,14.5,14.34,14.67,14.33,100872,216878219.0,2.35,-0.97,-0.14,0.35
2017-08-03,600741,14.34,13.49,14.36,13.38,287390,594206240.0,6.83,-5.93,-0.85,1.0
2017-08-04,600741,13.5,13.49,13.67,13.38,119649,245349868.0,2.15,0.0,0.0,0.42
2017-08-07,600741,13.5,13.68,13.89,13.23,94331,194305543.0,4.89,1.41,0.19,0.33
2017-08-08,600741,13.72,13.61,13.75,13.31,134000,274243680.0,3.22,-0.51,-0.07,0.47
2017-08-09,600741,13.52,13.74,14.09,13.39,144574,299916224.0,5.14,0.96,0.13,0.5
2017-08-10,600741,13.75,13.85,13.97,13.48,135971,282006224.0,3.57,0.8,0.11,0.47
2017-08-11,600741,13.61,13.86,13.94,13.53,141465,293690976.0,2.96,0.07,0.01,0.49
2017-08-14,600741,13.74,13.71,13.94,13.65,97650,202960420.0,2.09,-1.08,-0.15,0.34
2017-08-15,600741,13.75,13.57,13.87,13.49,70530,145434208.0,2.77,-1.02,-0.14,0.25
2017-08-16,600741,13.5,13.3,13.61,13.08,131791,266659636.0,3.91,-1.99,-0.27,0.46
2017-08-17,600741,13.18,13.33,13.5,13.18,69204,140719118.0,2.41,0.23,0.03,0.24
2017-08-18,600741,13.3,13.43,13.59,13.23,98602,201595921.0,2.7,0.75,0.1,0.34
2017-08-21,600741,13.46,14.1,14.27,13.44,179180,377304160.0,6.18,4.99,0.67,0.63
2017-08-22,600741,14.19,14.25,14.49,14.0,86120,183006114.0,3.48,1.06,0.15,0.3
2017-08-23,600741,14.27,14.18,14.54,14.08,77741,165562737.0,3.23,-0.49,-0.07,0.27
2017-08-24,600741,14.27,14.19,14.27,14.07,50877,107681320.0,1.41,0.07,0.01,0.18
2017-08-25,600741,14.33,14.48,14.56,14.24,148337,317368960.0,2.26,2.04,0.29,0.52
2017-08-28,600741,14.48,14.84,14.98,14.3,172687,374185872.0,4.7,2.49,0.36,0.6
2017-08-29,600741,14.72,14.46,14.79,14.31,82505,177441381.0,3.23,-2.56,-0.38,0.29
2017-08-30,600741,14.53,14.11,14.57,14.01,121935,258667069.0,3.87,-2.42,-0.35,0.43
2017-08-31,600741,14.17,14.01,14.17,13.68,96270,201240728.0,3.47,-0.71,-0.1,0.34
2017-09-01,600741,13.97,13.67,14.07,13.64,113249,235534586.0,3.07,-2.43,-0.34,0.4
2017-09-04,600741,13.63,13.93,13.97,13.54,90038,187389881.0,3.15,1.9,0.26,0.31
2017-09-05,600741,13.96,13.76,14.0,13.69,87520,182202045.0,2.23,-1.22,-0.17,0.31
2017-09-06,600741,13.76,13.6,13.76,13.53,61201,126182808.0,1.67,-1.16,-0.16,0.21
2017-09-07,600741,13.6,13.68,13.74,13.51,66581,137187431.0,1.69,0.59,0.08,0.23
2017-09-08,600741,13.74,13.86,13.92,13.69,73961,153658579.0,1.68,1.32,0.18,0.26
2017-09-11,600741,13.86,14.04,14.22,13.73,170966,358696432.0,3.54,1.3,0.18,0.6
2017-09-12,600741,14.18,13.78,14.19,13.72,173941,363834096.0,3.35,-1.85,-0.26,0.61
2017-09-13,600741,13.8,13.45,13.8,13.42,129113,264643594.0,2.76,-2.39,-0.33,0.45
2017-09-14,600741,13.52,13.35,13.54,13.22,92511,188217941.0,2.38,-0.74,-0.1,0.32
2017-09-15,600741,13.4,13.33,13.49,13.15,84585,171543023.0,2.55,-0.15,-0.02,0.3
2017-09-18,600741,13.35,13.71,13.79,13.28,128517,264822367.0,3.83,2.85,0.38,0.45
2017-09-19,600741,13.64,13.71,13.84,13.62,82998,171480753.0,1.6,0.0,0.0,0.29
2017-09-20,600741,13.72,13.8,13.99,13.62,107808,223885494.0,2.7,0.66,0.09,0.38
2017-09-21,600741,13.81,13.91,14.05,13.71,110064,230379991.0,2.46,0.8,0.11,0.38
2017-09-22,600741,13.91,14.59,14.66,13.75,247493,526946016.0,6.54,4.89,0.68,0.86
2017-09-25,600741,14.59,14.86,15.14,14.54,230542,503808800.0,4.11,1.85,0.27,0.8
2017-09-26,600741,14.88,14.84,15.28,14.69,163310,359003936.0,3.97,-0.13,-0.02,0.57
2017-09-27,600741,14.85,15.1,15.19,14.73,113357,248488219.0,3.1,1.75,0.26,0.4
2017-09-28,600741,15.06,15.21,15.28,14.79,104370,230471371.0,3.25,0.73,0.11,0.36
2017-09-29,600741,15.48,15.57,15.79,15.27,261093,590099536.0,3.42,2.37,0.36,0.91
2017-10-09,600741,15.95,15.77,16.11,15.62,226545,519171776.0,3.15,1.28,0.2,0.79
2017-10-10,600741,15.78,15.29,15.93,14.36,731396,1592268368.0,9.96,-3.04,-0.48,2.55
2017-10-11,600741,15.02,15.38,15.81,14.93,315450,706954784.0,5.76,0.59,0.09,1.1
2017-10-12,600741,15.34,15.8,15.91,15.32,155502,351473952.0,3.84,2.73,0.42,0.54
2017-10-13,600741,15.9,15.64,16.07,15.59,148403,338703824.0,3.04,-1.01,-0.16,0.52
2017-10-16,600741,15.6,15.38,15.9,15.34,134130,302315712.0,3.58,-1.66,-0.26,0.47
2017-10-17,600741,15.36,15.11,15.6,15.05,107067,237278407.0,3.58,-1.76,-0.27,0.37
2017-10-18,600741,15.22,15.93,16.0,15.07,187703,422826368.0,6.15,5.43,0.82,0.65
2017-10-19,600741,16.31,17.26,17.57,16.31,362135,873547552.0,7.91,8.35,1.33,1.26
2017-10-20,600741,17.21,17.53,17.8,16.97,242045,588994768.0,4.81,1.56,0.27,0.84
2017-10-23,600741,17.42,17.8,18.12,17.19,233999,579914512.0,5.31,1.54,0.27,0.82
2017-10-24,600741,17.88,19.02,19.02,17.8,274292,702071792.0,6.85,6.85,1.22,0.96
2017-10-25,600741,18.82,19.29,19.59,18.64,208380,544534736.0,4.99,1.42,0.27,0.73
2017-10-26,600741,19.28,18.56,19.66,18.25,288518,744375888.0,7.31,-3.78,-0.73,1.01
2017-10-27,600741,18.68,18.46,18.87,18.05,220059,558358208.0,4.42,-0.54,-0.1,0.77
2017-10-30,600741,18.46,18.58,18.71,17.94,208884,527489616.0,4.17,0.65,0.12,0.73
2017-10-31,600741,18.5,18.45,18.6,18.04,168172,425185184.0,3.01,-0.7,-0.13,0.59
2017-11-01,600741,18.42,17.72,18.5,17.37,310258,770740480.0,6.12,-3.96,-0.73,1.08
2017-11-02,600741,17.77,17.52,17.89,17.12,232170,567381904.0,4.35,-1.13,-0.2,0.81
2017-11-03,600741,17.52,17.65,17.75,17.17,176968,432612368.0,3.31,0.74,0.13,0.62
2017-11-06,600741,17.67,17.54,17.75,16.79,251831,609940080.0,5.44,-0.62,-0.11,0.88
2017-11-07,600741,17.54,18.35,19.72,17.49,428625,1099386048.0,12.71,4.62,0.81,1.5
2017-11-08,600741,18.72,18.36,19.13,18.14,283777,728550976.0,5.4,0.05,0.01,0.99
2017-11-09,600741,18.4,18.55,18.7,18.14,145357,368911504.0,3.05,1.03,0.19,0.51
2017-11-10,600741,18.32,20.3,20.67,18.32,427607,1158778384.0,12.67,9.43,1.75,1.49
2017-11-13,600741,20.53,20.96,21.65,20.07,313428,874220192.0,7.78,3.25,0.66,1.09
2017-11-14,600741,20.9,19.93,21.77,19.82,260879,719845104.0,9.3,-4.91,-1.03,0.91
2017-11-15,600741,20.19,19.93,20.67,19.61,247950,670160784.0,5.32,0.0,0.0,0.86
2017-11-16,600741,19.93,20.32,20.5,19.53,165068,445143568.0,4.87,1.96,0.39,0.58
2017-11-17,600741,20.22,21.11,21.18,19.91,273115,754848048.0,6.25,3.89,0.79,0.95
2017-11-20,600741,20.91,21.81,21.95,19.84,217956,612901792.0,10.0,3.32,0.7,0.76
2017-11-21,600741,21.61,22.09,22.78,21.53,236255,688683296.0,5.73,1.28,0.28,0.82
2017-11-22,600741,21.92,21.27,22.46,21.14,162860,468793824.0,5.98,-3.71,-0.82,0.57
2017-11-23,600741,21.47,20.42,21.67,19.99,218057,602837696.0,7.9,-4.0,-0.85,0.76
2017-11-24,600741,20.25,20.51,20.67,20.12,139125,381076192.0,2.69,0.44,0.09,0.49
2017-11-27,600741,20.4,20.56,20.64,19.69,183165,500552352.0,4.63,0.24,0.05,0.64
2017-11-28,600741,20.19,20.29,20.92,19.77,160722,438649344.0,5.59,-1.31,-0.27,0.56
2017-11-29,600741,20.22,18.77,20.62,18.75,328118,861772112.0,9.22,-7.49,-1.52,1.14
2017-11-30,600741,18.71,18.57,19.16,18.31,161509,413593392.0,4.53,-1.07,-0.2,0.56
2017-12-01,600741,18.7,18.64,18.86,18.34,103903,266027689.0,2.8,0.38,0.07,0.36
2017-12-04,600741,18.64,18.73,18.96,18.02,169298,430751120.0,5.04,0.48,0.09,0.59
2017-12-05,600741,18.75,19.49,19.54,18.71,254310,667110144.0,4.43,4.06,0.76,0.89
2017-12-06,600741,19.42,19.08,19.49,18.71,144584,376112480.0,4.0,-2.1,-0.41,0.5
2017-12-07,600741,18.92,18.57,19.13,18.36,114843,294905216.0,4.04,-2.67,-0.51,0.4
2017-12-08,600741,18.52,18.2,18.62,18.15,181439,459976352.0,2.53,-1.99,-0.37,0.63
2017-12-11,600741,18.35,19.54,19.59,18.25,239878,620435216.0,7.36,7.36,1.34,0.84
2017-12-12,600741,19.52,18.78,19.52,18.76,132265,344505776.0,3.89,-3.89,-0.76,0.46
2017-12-13,600741,18.63,18.98,19.12,18.54,140139,361619264.0,3.09,1.06,0.2,0.49
2017-12-14,600741,19.11,18.78,19.2,18.37,103585,265855695.0,4.37,-1.05,-0.2,0.36
2017-12-15,600741,18.82,18.63,18.91,18.18,87147,222501152.0,3.89,-0.8,-0.15,0.3
2017-12-18,600741,18.7,18.85,19.07,18.33,99677,256602337.0,3.97,1.18,0.22,0.35
2017-12-19,600741,18.85,19.82,19.97,18.77,161763,429023488.0,6.37,5.15,0.97,0.56
2017-12-20,600741,19.81,19.97,20.44,19.68,152067,411113952.0,3.83,0.76,0.15,0.53
2017-12-21,600741,19.79,20.37,20.52,19.61,168062,454320848.0,4.56,2.0,0.4,0.59
2017-12-22,600741,20.36,20.34,20.58,20.09,118123,322613328.0,2.41,-0.15,-0.03,0.41
2017-12-25,600741,20.37,21.58,21.62,20.37,299677,845241984.0,6.15,6.1,1.24,1.05
2017-12-26,600741,21.67,21.63,22.4,21.32,249114,720389376.0,5.0,0.23,0.05,0.87
2017-12-27,600741,21.4,21.45,21.75,21.1,118421,336718560.0,3.01,-0.83,-0.18,0.41
2017-12-28,600741,21.29,22.2,22.35,20.97,211866,608455104.0,6.43,3.5,0.75,0.74
2017-12-29,600741,22.22,22.71,22.79,22.07,175523,519680192.0,3.24,2.3,0.51,0.61
2018-01-02,600741,22.71,21.35,22.72,20.62,346317,979107936.0,9.25,-5.99,-1.36,1.21
2018-01-03,600741,21.17,20.96,21.68,20.74,212543,599643216.0,4.4,-1.83,-0.39,0.74
2018-01-04,600741,21.18,20.92,21.36,20.68,153601,429682080.0,3.24,-0.19,-0.04,0.54
2018-01-05,600741,21.08,20.42,21.12,20.38,133822,370102384.0,3.54,-2.39,-0.5,0.47
2018-01-08,600741,20.85,21.6,22.22,20.85,286733,819749280.0,6.71,5.78,1.18,1.0
2018-01-09,600741,21.88,20.97,22.0,20.87,168216,473866368.0,5.23,-2.92,-0.63,0.59
2018-01-10,600741,21.08,21.17,21.42,20.87,136047,382782416.0,2.62,0.95,0.2,0.47
2018-01-11,600741,21.17,20.64,21.24,20.34,146976,404737600.0,4.25,-2.5,-0.53,0.51
2018-01-12,600741,20.55,20.84,21.04,20.33,113586,314667024.0,3.44,0.97,0.2,0.4
2018-01-15,600741,20.84,20.39,20.88,20.23,134604,369126064.0,3.12,-2.16,-0.45,0.47
2018-01-16,600741,20.37,19.97,21.1,19.84,276678,761107888.0,6.18,-2.06,-0.42,0.97
2018-01-17,600741,20.07,19.44,20.38,19.31,234847,628850576.0,5.36,-2.65,-0.53,0.82
2018-01-18,600741,19.58,19.08,19.91,18.65,340912,889800496.0,6.48,-1.85,-0.36,1.19
2018-01-19,600741,19.36,18.99,19.64,18.8,229769,601548336.0,4.4,-0.47,-0.09,0.8
2018-01-22,600741,19.2,19.62,19.97,19.2,282344,751969312.0,4.05,3.32,0.63,0.98
2018-01-23,600741,19.73,19.96,20.73,19.73,266653,727892624.0,5.1,1.73,0.34,0.93
2018-01-24,600741,20.0,20.67,20.71,19.97,209106,573510304.0,3.71,3.56,0.71,0.73
2018-01-25,600741,20.76,20.66,21.11,20.04,166835,460094736.0,5.18,-0.05,-0.01,0.58
2018-01-26,600741,20.62,20.76,20.95,20.37,106152,293803344.0,2.81,0.48,0.1,0.37
2018-01-29,600741,21.0,20.05,21.0,19.67,183604,499184992.0,6.41,-3.42,-0.71,0.64
2018-01-30,600741,19.99,19.4,20.29,19.23,133434,356306304.0,5.29,-3.24,-0.65,0.47
2018-01-31,600741,19.4,19.5,19.56,19.02,163615,430247152.0,2.78,0.52,0.1,0.57
2018-02-01,600741,19.67,19.88,19.92,19.32,259372,689214672.0,3.08,1.95,0.38,0.9
2018-02-02,600741,19.82,19.78,20.0,19.12,126372,336990368.0,4.43,-0.5,-0.1,0.44
2018-02-05,600741,19.28,19.41,19.61,18.7,195938,511775904.0,4.6,-1.87,-0.37,0.68
2018-02-06,600741,19.0,19.41,19.45,18.29,291012,750244432.0,5.98,0.0,0.0,1.02
2018-02-07,600741,19.41,19.36,19.92,18.83,188942,496641328.0,5.62,-0.26,-0.05,0.66
2018-02-08,600741,19.12,19.27,19.31,18.47,197633,511611184.0,4.34,-0.46,-0.09,0.69
2018-02-09,600741,18.69,18.22,18.69,17.17,226081,559748672.0,7.89,-5.45,-1.05,0.79
2018-02-12,600741,18.02,18.34,18.53,17.7,114160,288399632.0,4.56,0.66,0.12,0.4
2018-02-13,600741,18.52,18.83,18.95,18.27,119410,307002432.0,3.71,2.67,0.49,0.42
2018-02-14,600741,18.84,19.18,19.24,18.68,76524,198588803.0,2.97,1.86,0.35,0.27
2018-02-22,600741,19.8,19.85,20.07,19.35,117031,312543600.0,3.75,3.49,0.67,0.41
2018-02-23,600741,19.86,19.5,19.98,19.35,93904,250195022.0,3.17,-1.76,-0.35,0.33
2018-02-26,600741,19.72,20.24,20.37,19.55,125440,339289232.0,4.21,3.79,0.74,0.44
2018-02-27,600741,20.37,20.32,20.47,19.94,99694,270917072.0,2.62,0.4,0.08,0.35
2018-02-28,600741,20.04,19.29,20.07,19.22,135892,360572128.0,4.18,-5.07,-1.03,0.47
2018-03-01,600741,19.16,19.5,19.67,19.03,71432,188296830.0,3.32,1.09,0.21,0.25
2018-03-02,600741,19.17,19.82,19.92,19.04,119354,316022592.0,4.51,1.64,0.32,0.42
2018-03-05,600741,19.82,19.87,19.92,19.28,118616,315826496.0,3.23,0.25,0.05,0.41
2018-03-06,600741,19.83,19.45,20.0,19.32,117237,312480064.0,3.42,-2.11,-0.42,0.41
2018-03-07,600741,19.36,19.72,19.92,19.26,122778,327925360.0,3.39,1.39,0.27,0.43
2018-03-08,600741,19.65,20.76,20.87,19.57,196726,540770128.0,6.59,5.27,1.04,0.69
2018-03-09,600741,20.82,21.07,21.28,20.52,132443,370492112.0,3.66,1.49,0.31,0.46
2018-03-12,600741,21.3,21.02,21.5,20.89,169934,479596176.0,2.9,-0.24,-0.05,0.59
2018-03-13,600741,21.27,20.38,21.29,20.22,163525,450183376.0,5.09,-3.04,-0.64,0.57
2018-03-14,600741,20.24,20.82,21.11,20.24,190146,526955360.0,4.27,2.16,0.44,0.66
2018-03-15,600741,21.14,20.49,21.21,20.27,135678,374024928.0,4.51,-1.59,-0.33,0.47
2018-03-16,600741,20.4,20.01,20.79,19.87,110248,300525584.0,4.49,-2.34,-0.48,0.38
2018-03-19,600741,20.02,20.1,20.22,19.82,63157,170452361.0,2.0,0.45,0.09,0.22
2018-03-20,600741,19.98,19.9,20.1,19.07,112178,298618000.0,5.12,-1.0,-0.2,0.39
2018-03-21,600741,19.84,19.78,20.0,19.42,121698,323424384.0,2.91,-0.6,-0.12,0.42
2018-03-22,600741,19.64,19.41,19.68,19.04,119684,314604576.0,3.24,-1.87,-0.37,0.42
2018-03-23,600741,18.52,19.41,19.42,18.17,190011,490357472.0,6.44,0.0,0.0,0.66
2018-03-26,600741,19.12,18.81,19.12,17.59,235771,594753136.0,7.88,-3.09,-0.6,0.82
2018-03-27,600741,18.92,17.81,19.02,17.64,288319,719460608.0,7.34,-5.32,-1.0,1.01
2018-03-28,600741,17.47,16.26,17.47,15.92,291278,686436080.0,8.7,-8.7,-1.55,1.02
2018-03-29,600741,16.58,16.69,16.96,15.84,191211,447917984.0,6.89,2.64,0.43,0.67
2018-03-30,600741,16.77,17.25,17.39,16.74,150153,360951888.0,3.89,3.36,0.56,0.52
2018-04-02,600741,17.22,16.99,17.52,16.88,118160,284406800.0,3.71,-1.51,-0.26,0.41
2018-04-03,600741,16.61,16.87,17.23,16.45,103545,247702368.0,4.59,-0.71,-0.12,0.36
2018-04-04,600741,16.96,16.89,17.38,16.6,153217,369733936.0,4.62,0.12,0.02,0.53
2018-04-09,600741,17.02,16.5,17.06,16.32,99787,235373879.0,4.38,-2.31,-0.39,0.35
2018-04-10,600741,16.56,16.64,16.7,16.23,122591,287363872.0,2.85,0.85,0.14,0.43
2018-04-11,600741,16.77,15.93,16.79,15.91,208603,482653280.0,5.29,-4.27,-0.71,0.73
2018-04-12,600741,15.95,16.17,16.26,15.88,96525,222896611.0,2.39,1.51,0.24,0.34
2018-04-13,600741,16.36,16.21,16.36,16.12,67543,157013060.0,1.48,0.25,0.04,0.24
2018-04-16,600741,16.3,15.94,16.3,15.72,81008,186176211.0,3.58,-1.67,-0.27,0.28
2018-04-17,600741,16.02,15.55,16.2,15.42,111009,251912922.0,4.89,-2.45,-0.39,0.39
2018-04-18,600741,15.64,15.05,15.71,13.93,282966,611281952.0,11.45,-3.22,-0.5,0.99
2018-04-19,600741,15.0,15.34,15.51,14.6,108961,242145003.0,6.05,1.93,0.29,0.38
2018-04-20,600741,15.44,15.34,15.49,14.9,95889,213321322.0,3.85,0.0,0.0,0.33
2018-04-23,600741,15.34,14.92,15.34,14.15,190181,410720656.0,7.76,-2.74,-0.42,0.66
2018-04-24,600741,14.84,15.77,15.82,14.83,160466,362211744.0,6.64,5.7,0.85,0.56
2018-04-25,600741,15.77,15.52,15.88,15.41,68966,155825194.0,2.98,-1.59,-0.25,0.24
2018-04-26,600741,15.53,15.52,15.58,15.25,66643,149221383.0,2.13,0.0,0.0,0.23
2018-04-27,600741,15.46,15.21,15.66,14.68,120627,267207559.0,6.31,-2.0,-0.31,0.42
2018-05-02,600741,15.61,16.94,17.35,15.56,260236,616193408.0,11.77,11.37,1.73,0.91
2018-05-03,600741,17.12,17.01,17.21,16.71,129077,309362960.0,2.95,0.41,0.07,0.45
2018-05-04,600741,17.02,17.38,17.82,17.0,155921,382788320.0,4.82,2.18,0.37,0.54
2018-05-07,600741,17.34,17.43,17.62,16.94,121875,296790720.0,3.91,0.29,0.05,0.43
2018-05-08,600741,17.44,17.41,17.91,17.37,123731,303278352.0,3.1,-0.11,-0.02,0.43
2018-05-09,600741,17.4,17.58,17.67,17.34,101409,248167926.0,1.9,0.98,0.17,0.35
2018-05-10,600741,17.77,17.51,17.96,17.28,103141,253025600.0,3.87,-0.4,-0.07,0.36
2018-05-11,600741,17.49,17.59,17.79,17.38,76332,187531002.0,2.34,0.46,0.08,0.27
2018-05-14,600741,17.59,18.11,18.14,17.52,115857,288403312.0,3.52,2.96,0.52,0.4
2018-05-15,600741,18.12,18.01,18.21,17.68,100818,251072739.0,2.93,-0.55,-0.1,0.35
2018-05-16,600741,17.83,17.89,18.02,17.62,79606,197446057.0,2.22,-0.67,-0.12,0.28
2018-05-17,600741,17.89,17.43,17.89,17.25,97482,238936158.0,3.58,-2.57,-0.46,0.34
2018-05-18,600741,17.37,17.62,17.65,17.27,80882,198125215.0,2.18,1.09,0.19,0.28
2018-05-21,600741,17.74,18.08,18.49,17.74,109402,275220736.0,4.26,2.61,0.46,0.38
2018-05-22,600741,18.07,18.22,18.3,18.05,75242,189320843.0,1.38,0.77,0.14,0.26
2018-05-23,600741,17.82,18.07,18.68,17.63,128974,324199696.0,5.76,-0.82,-0.15,0.45
2018-05-24,600741,18.22,17.25,18.27,17.13,98080,241005030.0,6.31,-4.54,-0.82,0.34
2018-05-25,600741,17.22,17.77,18.02,17.13,112124,277946112.0,5.16,3.01,0.52,0.39
2018-05-28,600741,18.07,18.21,18.37,18.0,76963,193872967.0,2.08,2.48,0.44,0.27
2018-05-29,600741,18.43,18.46,18.51,18.03,109181,276964384.0,2.64,1.37,0.25,0.38
2018-05-30,600741,18.22,17.79,18.25,17.56,117139,290593104.0,3.74,-3.63,-0.67,0.41
2018-05-31,600741,17.88,18.54,18.56,17.64,148018,374445712.0,5.17,4.22,0.75,0.52
2018-06-01,600741,18.5,17.38,18.5,17.32,146729,362022032.0,6.36,-6.26,-1.16,0.51
2018-06-04,600741,17.34,17.33,17.61,17.2,105449,256978790.0,2.36,-0.29,-0.05,0.37
2018-06-05,600741,17.33,17.92,17.96,17.31,103881,256365789.0,3.75,3.4,0.59,0.36
2018-06-06,600741,17.84,18.1,18.22,17.84,89368,223777431.0,2.12,1.0,0.18,0.31
2018-06-07,600741,18.29,18.28,18.7,18.22,109700,279229728.0,2.65,0.99,0.18,0.38
2018-06-08,600741,18.28,18.54,18.68,18.22,113136,288214160.0,2.52,1.42,0.26,0.39
2018-06-11,600741,18.47,18.34,18.64,18.02,97720,247025763.0,3.34,-1.08,-0.2,0.34
2018-06-12,600741,18.33,18.87,19.16,18.09,137451,352522256.0,5.83,2.89,0.53,0.48
2018-06-13,600741,18.88,18.9,19.08,18.52,138625,357821408.0,2.97,0.16,0.03,0.48
2018-06-14,600741,18.95,18.81,19.12,18.2,145937,373800064.0,4.87,-0.48,-0.09,0.51
2018-06-15,600741,18.78,18.77,18.82,17.99,172931,439189568.0,4.41,-0.21,-0.04,0.6
2018-06-19,600741,18.4,18.91,18.97,18.12,343173,880591712.0,4.53,0.75,0.14,1.2
2018-06-20,600741,18.7,18.25,18.7,18.21,138916,351786320.0,2.59,-3.49,-0.66,0.48
2018-06-21,600741,18.32,17.5,18.36,17.4,130169,323000224.0,5.26,-4.11,-0.75,0.45
2018-06-22,600741,17.33,17.61,17.7,17.25,58796,144332900.0,2.57,0.63,0.11,0.21
2018-06-25,600741,17.77,17.89,18.11,17.69,69300,172579457.0,2.39,1.59,0.28,0.24
2018-06-26,600741,17.66,17.26,17.86,17.03,99723,243269699.0,4.64,-3.52,-0.63,0.35
2018-06-27,600741,17.32,17.29,17.64,17.15,109375,266411651.0,2.84,0.17,0.03,0.38
2018-06-28,600741,16.9,16.27,17.07,15.94,150332,351004512.0,6.54,-5.9,-1.02,0.52
2018-06-29,600741,16.37,16.74,16.87,16.07,84992,200204520.0,4.92,2.89,0.47,0.3
2018-07-02,600741,16.82,15.74,16.92,15.48,82859,191715630.0,8.6,-5.97,-1.0,0.29
2018-07-03,600741,15.97,16.13,16.38,15.67,113600,262524914.0,4.51,2.48,0.39,0.4
2018-07-04,600741,16.12,16.36,16.68,16.12,83195,195428017.0,3.47,1.43,0.23,0.29
2018-07-05,600741,16.65,16.72,16.73,16.34,85986,202670546.0,2.38,2.2,0.36,0.3
2018-07-06,600741,16.7,16.67,16.87,16.2,60788,143299693.0,4.01,-0.3,-0.05,0.21
2018-07-09,600741,16.62,16.83,17.02,16.55,100377,238610451.0,2.82,0.96,0.16,0.35
2018-07-10,600741,17.0,17.01,17.14,16.85,67721,162342898.0,1.72,1.07,0.18,0.24
2018-07-11,600741,16.82,16.8,16.85,16.53,52347,123986453.0,1.88,-1.23,-0.21,0.18
2018-07-12,600741,16.6,17.01,17.39,16.6,92618,223281466.0,4.7,1.25,0.21,0.32
2018-07-13,600741,17.12,17.29,17.37,17.06,77021,186497208.0,1.82,1.65,0.28,0.27
2018-07-16,600741,17.27,16.87,17.28,16.66,79901,182354995.0,3.59,-2.43,-0.42,0.28
2018-07-17,600741,16.87,16.41,16.95,16.32,67410,151527372.0,3.73,-2.73,-0.46,0.24
2018-07-18,600741,16.48,16.49,16.86,16.4,100199,226400161.0,2.8,0.49,0.08,0.35
2018-07-19,600741,16.34,16.12,16.8,16.07,101944,228246997.0,4.43,-2.24,-0.37,0.36
2018-07-20,600741,16.44,16.68,16.78,16.23,122245,274657216.0,3.41,3.47,0.56,0.43
2018-07-23,600741,16.87,17.35,17.52,16.73,90456,209851853.0,4.74,4.02,0.67,0.32
2018-07-24,600741,17.5,17.39,17.87,17.37,115311,271500912.0,2.88,0.23,0.04,0.4
2018-07-25,600741,17.47,17.52,17.73,17.25,73238,171647357.0,2.76,0.75,0.13,0.26
2018-07-26,600741,17.54,17.22,17.79,17.19,63219,148032930.0,3.42,-1.71,-0.3,0.22
2018-07-27,600741,17.32,16.99,17.52,16.95,68301,157712203.0,3.31,-1.34,-0.23,0.24
2018-07-30,600741,17.07,17.16,17.32,16.97,57896,133731272.0,2.06,1.0,0.17,0.2
2018-07-31,600741,17.16,17.39,17.48,16.89,56940,131870402.0,3.44,1.34,0.23,0.2
2018-08-01,600741,17.32,16.36,17.48,16.26,158038,357181680.0,7.02,-5.92,-1.03,0.55
2018-08-02,600741,16.07,15.63,16.07,15.08,126330,271946608.0,6.05,-4.46,-0.73,0.44
2018-08-03,600741,15.61,14.8,15.61,14.78,102379,216261315.0,5.31,-5.31,-0.83,0.36
2018-08-06,600741,14.79,14.57,14.96,14.37,64313,132241570.0,3.99,-1.55,-0.23,0.22
2018-08-07,600741,14.67,15.18,15.21,14.42,66739,138236841.0,5.42,4.19,0.61,0.23
2018-08-08,600741,15.21,14.41,15.26,14.27,76470,158011349.0,6.52,-5.07,-0.77,0.27
2018-08-09,600741,14.2,15.04,15.25,14.2,72160,151111167.0,7.29,4.37,0.63,0.25
2018-08-10,600741,14.88,15.23,15.51,14.88,69645,147422636.0,4.19,1.26,0.19,0.24
2018-08-13,600741,15.0,15.32,15.41,14.82,75479,159193633.0,3.87,0.59,0.09,0.26
2018-08-14,600741,15.36,15.09,15.52,15.02,71944,151809690.0,3.26,-1.5,-0.23,0.25
2018-08-15,600741,15.12,14.54,15.17,14.46,61408,127756688.0,4.71,-3.64,-0.55,0.21
2018-08-16,600741,14.03,14.43,14.81,14.03,51659,105488325.0,5.36,-0.76,-0.11,0.18
2018-08-17,600741,14.81,13.98,14.81,13.93,71341,143413409.0,6.1,-3.12,-0.45,0.25
2018-08-20,600741,14.0,13.74,14.22,13.27,85414,166742748.0,6.8,-1.72,-0.24,0.3
2018-08-21,600741,13.74,14.31,14.52,13.57,71522,143253464.0,6.91,4.15,0.57,0.25
2018-08-22,600741,14.44,14.2,14.44,14.08,40093,80582654.0,2.52,-0.77,-0.11,0.14
2018-08-23,600741,14.17,14.49,14.61,14.1,59265,120131393.0,3.59,2.04,0.29,0.21
2018-08-24,600741,14.42,14.86,15.05,13.87,110304,224726230.0,8.14,2.55,0.37,0.38
2018-08-27,600741,14.82,15.11,15.15,14.59,103585,216108606.0,3.77,1.68,0.25,0.36
2018-08-28,600741,15.07,14.94,15.17,14.72,43016,89882234.0,2.98,-1.13,-0.17,0.15
2018-08-29,600741,14.83,14.88,15.06,14.73,29093,60552745.0,2.21,-0.4,-0.06,0.1
2018-08-30,600741,14.79,14.96,15.12,14.79,38301,79830420.0,2.22,0.54,0.08,0.13
2018-08-31,600741,14.87,14.5,15.04,14.5,71058,147057637.0,3.61,-3.07,-0.46,0.25
2018-09-03,600741,14.27,14.7,14.79,14.27,92294,190066807.0,3.59,1.38,0.2,0.32
2018-09-04,600741,14.83,15.02,15.08,14.7,64389,134552241.0,2.59,2.18,0.32,0.22
2018-09-05,600741,15.07,14.44,15.12,14.42,59555,123307434.0,4.66,-3.86,-0.58,0.21
2018-09-06,600741,14.51,14.57,14.9,14.46,54385,112185963.0,3.05,0.9,0.13,0.19
2018-09-07,600741,14.58,14.94,15.07,14.46,84347,175165437.0,4.19,2.54,0.37,0.29
2018-09-10,600741,14.84,14.1,14.84,13.88,78233,157569811.0,6.43,-5.62,-0.84,0.27
2018-09-11,600741,14.06,14.17,14.24,13.97,50434,101106997.0,1.91,0.5,0.07,0.18
2018-09-12,600741,13.97,14.09,14.27,13.79,80693,161594348.0,3.39,-0.56,-0.08,0.28
2018-09-13,600741,14.33,14.09,14.39,13.92,54773,109967730.0,3.34,0.0,0.0,0.19
2018-09-14,600741,14.18,14.43,14.5,14.18,77976,158398576.0,2.27,2.41,0.34,0.27
2018-09-17,600741,14.46,13.97,14.46,13.95,53467,106939563.0,3.53,-3.19,-0.46,0.19
2018-09-18,600741,13.82,14.15,14.21,13.77,54969,109298905.0,3.15,1.29,0.18,0.19
2018-09-19,600741,13.97,14.28,14.55,13.97,100005,202036607.0,4.1,0.92,0.13,0.35
2018-09-20,600741,14.28,14.15,14.37,14.02,89614,180293986.0,2.45,-0.91,-0.13,0.31
2018-09-21,600741,14.2,15.86,15.95,14.13,248809,524347936.0,12.86,12.08,1.71,0.87
2018-09-25,600741,15.4,15.44,15.69,15.27,85537,182864522.0,2.65,-2.65,-0.42,0.3
2018-09-26,600741,15.43,15.89,16.27,15.43,124878,273356544.0,5.44,2.91,0.45,0.44
2018-09-27,600741,15.81,16.12,16.22,15.71,68228,149815359.0,3.21,1.45,0.23,0.24
2018-09-28,600741,16.1,16.57,16.67,15.98,113596,253537278.0,4.28,2.79,0.45,0.4
2018-10-08,600741,16.07,15.24,16.21,15.15,123979,265553712.0,6.4,-8.03,-1.33,0.43
2018-10-09,600741,15.1,15.14,15.37,14.97,76016,160270694.0,2.62,-0.66,-0.1,0.27
2018-10-10,600741,15.14,14.65,15.15,14.5,86978,179807237.0,4.29,-3.24,-0.49,0.3
2018-10-11,600741,14.07,13.57,14.25,13.43,122095,241657300.0,5.6,-7.37,-1.08,0.43
2018-10-12,600741,13.67,13.86,14.24,13.37,92542,182365919.0,6.41,2.14,0.29,0.32
2018-10-15,600741,13.9,13.22,13.96,12.99,106299,204471801.0,7.0,-4.62,-0.64,0.37
2018-10-16,600741,13.22,12.44,13.23,12.27,107866,200355016.0,7.26,-5.9,-0.78,0.38
2018-10-17,600741,12.95,12.62,12.95,12.22,78122,144199818.0,5.87,1.45,0.18,0.27
2018-10-18,600741,12.42,12.18,12.55,12.1,75284,137195388.0,3.57,-3.49,-0.44,0.26
2018-10-19,600741,12.06,12.79,12.8,11.9,110701,202930018.0,7.39,5.01,0.61,0.39
2018-10-22,600741,12.82,13.61,13.88,12.82,124325,240422269.0,8.29,6.41,0.82,0.43
2018-10-23,600741,13.57,13.21,13.66,13.06,55994,108164971.0,4.41,-2.94,-0.4,0.2
2018-10-24,600741,13.06,12.97,13.51,12.85,61555,117312425.0,5.0,-1.82,-0.24,0.21
2018-10-25,600741,12.55,13.27,13.35,12.38,64698,121871098.0,7.48,2.31,0.3,0.23
2018-10-26,600741,13.29,12.77,13.31,12.47,138757,258918078.0,6.33,-3.77,-0.5,0.48
2018-10-29,600741,12.53,11.57,12.53,11.35,149891,263687087.0,9.24,-9.4,-1.2,0.52
2018-10-30,600741,11.44,11.51,11.82,11.12,140729,245313795.0,6.05,-0.52,-0.06,0.49
2018-10-31,600741,11.45,11.5,11.85,11.44,134438,236790940.0,3.56,-0.09,-0.01,0.47
2018-11-01,600741,11.66,11.81,12.23,11.63,145935,260605716.0,5.22,2.7,0.31,0.51
2018-11-02,600741,12.17,12.12,12.23,11.71,209239,374726784.0,4.4,2.62,0.31,0.73
2018-11-05,600741,12.06,12.0,12.42,11.91,207841,374452112.0,4.21,-0.99,-0.12,0.73
2018-11-06,600741,12.01,11.98,12.08,11.66,106002,188717519.0,3.5,-0.17,-0.02,0.37
2018-11-07,600741,11.98,11.81,12.24,11.78,100436,180050920.0,3.84,-1.42,-0.17,0.35
2018-11-08,600741,11.94,11.68,12.0,11.66,77296,137427280.0,2.88,-1.1,-0.13,0.27
2018-11-09,600741,11.58,11.96,12.01,11.33,107454,190150487.0,5.82,2.4,0.28,0.37
2018-11-12,600741,11.77,12.06,12.12,11.68,136611,244052277.0,3.68,0.84,0.1,0.48
2018-11-13,600741,11.83,12.12,12.24,11.78,123283,221577333.0,3.81,0.5,0.06,0.43
2018-11-14,600741,12.14,11.93,12.15,11.85,87910,157437501.0,2.48,-1.57,-0.19,0.31
2018-11-15,600741,11.89,11.81,12.0,11.74,109085,193597398.0,2.18,-1.01,-0.12,0.38
2018-11-16,600741,11.82,11.81,11.95,11.78,130055,231274976.0,1.44,0.0,0.0,0.45
2018-11-19,600741,11.8,11.88,11.95,11.64,108907,193001457.0,2.62,0.59,0.07,0.38
2018-11-20,600741,11.8,11.55,11.87,11.54,68636,120991379.0,2.78,-2.78,-0.33,0.24
2018-11-21,600741,11.38,11.23,11.46,11.12,103800,178066505.0,2.94,-2.77,-0.32,0.36
2018-11-22,600741,11.26,11.47,11.63,11.22,70358,121805109.0,3.65,2.14,0.24,0.25
2018-11-23,600741,11.39,11.43,11.71,11.29,87037,151783975.0,3.66,-0.35,-0.04,0.3
2018-11-26,600741,11.38,11.23,11.57,11.18,63503,109632806.0,3.41,-1.75,-0.2,0.22
2018-11-27,600741,11.28,11.23,11.34,11.12,47083,80657585.0,1.96,0.0,0.0,0.16
2018-11-28,600741,11.15,11.24,11.25,10.8,62742,106666309.0,4.01,0.09,0.01,0.22
2018-11-29,600741,11.3,10.98,11.32,10.9,63334,108099097.0,3.74,-2.31,-0.26,0.22
2018-11-30,600741,10.92,11.02,11.04,10.79,60091,101340555.0,2.28,0.36,0.04,0.21
2018-12-03,600741,11.42,11.82,12.02,11.27,145229,256671369.0,6.81,7.26,0.8,0.51
2018-12-04,600741,11.83,12.26,12.27,11.77,137199,248297497.0,4.23,3.72,0.44,0.48
2018-12-05,600741,12.01,12.1,12.34,11.88,75734,137096302.0,3.75,-1.31,-0.16,0.26
2018-12-06,600741,12.04,11.77,12.35,11.73,75111,134364688.0,5.12,-2.73,-0.33,0.26
2018-12-07,600741,11.81,11.89,11.98,11.81,57920,103163360.0,1.44,1.02,0.12,0.2
2018-12-10,600741,11.84,11.82,11.87,11.68,50776,89819372.0,1.6,-0.59,-0.07,0.18
2018-12-11,600741,11.78,11.75,11.95,11.62,66029,116462352.0,2.79,-0.59,-0.07,0.23
2018-12-12,600741,11.81,11.93,11.98,11.7,56734,101103337.0,2.38,1.53,0.18,0.2
2018-12-13,600741,11.88,12.27,12.32,11.88,81328,147047668.0,3.69,2.85,0.34,0.28
2018-12-14,600741,12.21,12.04,12.25,12.03,65605,118474513.0,1.79,-1.87,-0.23,0.23
2018-12-17,600741,11.98,12.17,12.42,11.92,59721,107963779.0,4.15,1.08,0.13,0.21
2018-12-18,600741,12.07,12.09,12.3,11.98,46510,83888350.0,2.63,-0.66,-0.08,0.16
2018-12-19,600741,12.07,12.3,12.49,12.07,112748,205925886.0,3.47,1.74,0.21,0.39
2018-12-20,600741,12.36,11.98,12.5,11.75,97203,174375382.0,6.1,-2.6,-0.32,0.34
2018-12-21,600741,11.82,12.2,12.42,11.81,108322,196691498.0,5.09,1.84,0.22,0.38
2018-12-24,600741,12.21,12.35,12.37,12.02,44414,80861624.0,2.87,1.23,0.15,0.15
2018-12-25,600741,12.25,11.86,12.25,11.45,79630,141274335.0,6.48,-3.97,-0.49,0.28
2018-12-26,600741,11.85,12.11,12.19,11.71,63167,113269761.0,4.05,2.11,0.25,0.22
2018-12-27,600741,12.3,12.56,12.66,12.23,113894,209820145.0,3.55,3.72,0.45,0.4
2018-12-28,600741,12.75,12.47,12.79,12.43,86882,160436795.0,2.87,-0.72,-0.09,0.3
2019-01-02,600741,12.52,12.32,12.67,12.15,68175,124434316.0,4.17,-1.2,-0.15,0.24
2019-01-03,600741,11.87,11.37,12.27,11.29,116668,204329167.0,7.95,-7.71,-0.95,0.41
2019-01-04,600741,11.25,11.54,11.72,11.08,91964,159223241.0,5.63,1.5,0.17,0.32
2019-01-07,600741,11.88,11.83,11.99,11.59,118781,210230877.0,3.47,2.51,0.29,0.41
2019-01-08,600741,11.83,11.95,11.96,11.72,54265,96511055.0,2.03,1.01,0.12,0.19
2019-01-09,600741,12.35,12.9,13.24,12.35,226334,426364880.0,7.45,7.95,0.95,0.79
2019-01-10,600741,12.76,12.83,13.01,12.51,129040,241331278.0,3.88,-0.54,-0.07,0.45
2019-01-11,600741,12.96,12.83,13.0,12.55,67157,125974186.0,3.51,0.0,0.0,0.23
2019-01-14,600741,12.83,12.6,12.93,12.57,50776,94585905.0,2.81,-1.79,-0.23,0.16
2019-01-15,600741,12.75,13.07,13.13,12.6,73694,138631818.0,4.21,3.73,0.47,0.23
2019-01-16,600741,12.97,13.33,13.38,12.97,82822,159008659.0,3.14,1.99,0.26,0.26
2019-01-17,600741,13.28,13.38,13.65,13.19,79865,154746494.0,3.45,0.38,0.05,0.25
2019-01-18,600741,13.46,13.84,13.87,13.45,91487,179407559.0,3.14,3.44,0.46,0.29
2019-01-21,600741,13.64,13.85,14.17,13.64,77346,153544494.0,3.83,0.07,0.01,0.25
2019-01-22,600741,13.91,13.59,13.91,13.43,83472,163484916.0,3.47,-1.88,-0.26,0.26
2019-01-23,600741,13.76,13.97,14.32,13.67,91163,182392653.0,4.78,2.8,0.38,0.29
2019-01-24,600741,14.1,14.31,14.53,13.92,70866,143085532.0,4.37,2.43,0.34,0.22
2019-01-25,600741,14.52,14.52,14.69,14.32,73186,149489381.0,2.59,1.47,0.21,0.23
2019-01-28,600741,14.65,14.79,15.12,14.58,91958,191553270.0,3.72,1.86,0.27,0.29
2019-01-29,600741,15.06,14.36,15.13,14.08,95193,193150213.0,7.1,-2.91,-0.43,0.3
2019-01-30,600741,14.38,14.15,14.68,14.08,51656,104633049.0,4.18,-1.46,-0.21,0.16
2019-01-31,600741,14.32,14.28,14.52,14.23,56951,115668881.0,2.05,0.92,0.13,0.18
2019-02-01,600741,14.54,14.42,14.54,14.15,52143,105708585.0,2.73,0.98,0.14,0.17
2019-02-11,600741,14.49,14.49,14.57,14.08,88107,179257950.0,3.4,0.49,0.07,0.28
2019-02-12,600741,14.54,14.81,15.01,14.43,103990,215770694.0,4.0,2.21,0.32,0.33
2019-02-13,600741,14.97,15.11,15.35,14.63,103318,215472779.0,4.86,2.03,0.3,0.33
2019-02-14,600741,15.11,14.78,15.11,14.65,97647,202971049.0,3.04,-2.18,-0.33,0.31
2019-02-15,600741,14.67,13.52,14.92,13.37,225445,446967712.0,10.49,-8.53,-1.26,0.72
2019-02-18,600741,13.68,14.36,14.37,13.57,211384,423287072.0,5.92,6.21,0.84,0.67
2019-02-19,600741,14.45,14.31,14.66,14.18,137707,279907600.0,3.34,-0.35,-0.05,0.44
2019-02-20,600741,14.32,14.83,14.89,14.29,119162,245727485.0,4.19,3.63,0.52,0.38
2019-02-21,600741,14.8,14.75,15.09,14.53,106555,221134951.0,3.78,-0.54,-0.08,0.34
2019-02-22,600741,14.66,14.6,14.84,14.26,81969,167950587.0,3.93,-1.02,-0.15,0.26
2019-02-25,600741,14.69,15.57,15.58,14.67,150437,317419248.0,6.23,6.64,0.97,0.48
2019-02-26,600741,15.58,15.4,15.92,15.37,124592,268401807.0,3.53,-1.09,-0.17,0.4
2019-02-27,600741,15.4,14.96,15.74,14.82,101065,214475902.0,5.97,-2.86,-0.44,0.32
2019-02-28,600741,15.0,14.82,15.17,14.79,96234,201106488.0,2.54,-0.94,-0.14,0.31
2019-03-01,600741,15.11,14.79,15.14,14.32,132775,273086592.0,5.53,-0.2,-0.03,0.42
2019-03-04,600741,14.85,15.2,15.78,14.85,251819,536521392.0,6.29,2.77,0.41,0.8
2019-03-05,600741,15.24,15.04,15.4,14.79,163152,342640832.0,4.01,-1.05,-0.16,0.52
2019-03-06,600741,15.07,15.7,15.72,15.04,174670,373538640.0,4.52,4.39,0.66,0.55
2019-03-07,600741,15.67,14.89,15.69,14.81,209103,438524048.0,5.61,-5.16,-0.81,0.66
2019-03-08,600741,14.75,14.12,14.88,14.08,130616,266094084.0,5.37,-5.17,-0.77,0.41
2019-03-11,600741,14.35,14.47,14.7,14.07,175220,356171184.0,4.46,2.48,0.35,0.56
2019-03-12,600741,14.57,15.13,15.26,14.47,219867,457507184.0,5.46,4.56,0.66,0.7
2019-03-13,600741,15.25,15.29,15.67,14.96,198086,421210368.0,4.69,1.06,0.16,0.63
2019-03-14,600741,15.57,14.82,15.72,14.6,186781,394589040.0,7.33,-3.07,-0.47,0.59
2019-03-15,600741,14.93,14.81,15.16,14.75,114224,238367354.0,2.77,-0.07,-0.01,0.36
2019-03-18,600741,14.87,15.33,15.34,14.45,154971,322301424.0,6.01,3.51,0.52,0.49
2019-03-19,600741,15.35,14.94,15.6,14.68,176512,370570096.0,6.0,-2.54,-0.39,0.56
2019-03-20,600741,14.9,14.76,14.92,14.5,116744,240575354.0,2.81,-1.2,-0.18,0.37
2019-03-21,600741,14.77,14.66,14.8,14.57,136105,280541072.0,1.56,-0.68,-0.1,0.43
2019-03-22,600741,14.74,14.42,14.75,14.23,167081,339822400.0,3.55,-1.64,-0.24,0.53
2019-03-25,600741,15.17,14.98,15.84,14.7,428780,908783776.0,7.91,3.88,0.56,1.36
2019-03-26,600741,14.98,14.04,15.02,13.97,263073,532162688.0,7.01,-6.28,-0.94,0.83
2019-03-27,600741,14.22,14.14,14.26,13.73,138233,275923248.0,3.77,0.71,0.1,0.44
2019-03-28,600741,14.07,13.75,14.09,13.71,96208,190508923.0,2.69,-2.76,-0.39,0.31
2019-03-29,600741,13.74,14.45,14.48,13.73,190779,382796720.0,5.45,5.09,0.7,0.61
2019-04-01,600741,14.53,15.13,15.19,14.41,288985,601510432.0,5.4,4.71,0.68,0.92
2019-04-02,600741,15.29,16.44,17.06,15.05,501699,1107755856.0,13.28,8.66,1.31,1.59
2019-04-03,600741,16.66,17.31,17.76,16.45,392805,912215264.0,7.97,5.29,0.87,1.25
2019-04-04,600741,17.23,17.72,18.01,16.97,287278,676185024.0,6.01,2.37,0.41,0.91
2019-04-08,600741,17.9,17.39,18.02,17.09,245583,576324048.0,5.25,-1.86,-0.33,0.78
2019-04-09,600741,17.54,17.97,18.49,17.46,246344,590411920.0,5.92,3.34,0.58,0.78
2019-04-10,600741,17.97,19.07,19.95,17.77,381327,954250480.0,12.13,6.12,1.1,1.21
2019-04-11,600741,18.88,19.47,20.3,18.45,397293,1013000256.0,9.7,2.1,0.4,1.26
2019-04-12,600741,19.22,18.07,19.27,17.98,225087,549775280.0,6.63,-7.19,-1.4,0.71
2019-04-15,600741,18.57,17.62,18.84,17.44,206914,497664256.0,7.75,-2.49,-0.45,0.66
2019-04-16,600741,17.94,17.66,17.96,16.93,201775,472250576.0,5.85,0.23,0.04,0.64
2019-04-17,600741,17.77,19.13,19.48,17.77,360302,888342528.0,9.68,8.32,1.47,1.14
2019-04-18,600741,19.28,19.33,20.19,18.97,238612,610305760.0,6.38,1.05,0.2,0.76
2019-04-19,600741,19.38,19.82,20.31,19.16,183977,473471616.0,5.95,2.53,0.49,0.58
2019-04-22,600741,19.83,18.59,20.04,18.42,188597,469257232.0,8.17,-6.21,-1.23,0.6
2019-04-23,600741,18.83,18.29,19.23,18.2,146980,360586928.0,5.54,-1.61,-0.3,0.47
2019-04-24,600741,18.47,18.79,19.05,18.12,131663,324689008.0,5.08,2.73,0.5,0.42
2019-04-25,600741,18.58,17.69,18.67,17.55,150192,359557328.0,5.96,-5.85,-1.1,0.48
2019-04-26,600741,17.26,16.67,17.57,16.31,257044,583492096.0,7.12,-5.77,-1.02,0.82
2019-04-29,600741,16.62,16.77,17.43,16.4,165549,378672816.0,6.18,0.6,0.1,0.53
2019-04-30,600741,16.87,17.6,17.8,16.86,154003,360583184.0,5.61,4.95,0.83,0.49
2019-05-06,600741,17.05,16.0,17.12,15.27,220427,482319984.0,10.51,-9.09,-1.6,0.7
2019-05-07,600741,16.19,16.16,16.72,15.97,132834,295515584.0,4.69,1.0,0.16,0.42
2019-05-08,600741,15.74,15.41,16.32,15.26,146003,316138304.0,6.56,-4.64,-0.75,0.46
2019-05-09,600741,15.41,15.25,15.7,15.12,131245,280185136.0,3.76,-1.04,-0.16,0.42
2019-05-10,600741,15.53,16.33,16.44,14.78,129478,280843392.0,10.89,7.08,1.08,0.41
2019-05-13,600741,15.97,15.07,16.03,14.94,172648,366346368.0,6.67,-7.72,-1.26,0.55
2019-05-14,600741,14.77,15.69,15.87,14.57,183150,389158640.0,8.63,4.11,0.62,0.58
2019-05-15,600741,15.68,16.06,16.07,15.42,117068,254324915.0,4.14,2.36,0.37,0.37
2019-05-16,600741,15.87,15.43,15.95,15.0,200380,425117952.0,5.92,-3.92,-0.63,0.64
2019-05-17,600741,15.29,14.37,15.45,14.32,204854,420917504.0,7.32,-6.87,-1.06,0.65
2019-05-20,600741,14.38,13.7,14.4,13.55,179178,352817024.0,5.92,-4.66,-0.67,0.57
2019-05-21,600741,13.74,14.15,14.43,13.57,139659,279508544.0,6.28,3.28,0.45,0.44
2019-05-22,600741,14.23,14.13,14.56,14.09,88350,178271481.0,3.32,-0.14,-0.02,0.28
2019-05-23,600741,14.07,13.3,14.07,13.24,129905,253150182.0,5.87,-5.87,-0.83,0.41
2019-05-24,600741,13.27,13.77,14.13,13.27,130304,255476077.0,6.47,3.53,0.47,0.41
2019-05-27,600741,13.74,13.79,13.92,13.15,136578,265693507.0,5.59,0.15,0.02,0.43
2019-05-28,600741,13.79,14.53,14.56,13.71,203701,411945344.0,6.16,5.37,0.74,0.65
2019-05-29,600741,14.37,14.33,14.46,13.89,160588,322164256.0,3.92,-1.38,-0.2,0.51
2019-05-30,600741,14.07,14.23,14.34,13.97,91524,183897262.0,2.58,-0.7,-0.1,0.29
2019-05-31,600741,14.39,14.15,14.44,14.07,53365,107578941.0,2.6,-0.56,-0.08,0.17
2019-06-03,600741,14.37,14.79,14.89,14.23,166311,342968176.0,4.66,4.52,0.64,0.53
2019-06-04,600741,14.74,14.47,14.91,14.19,101075,206383403.0,4.87,-2.16,-0.32,0.32
2019-06-05,600741,14.71,14.79,14.92,14.52,121656,251204574.0,2.76,2.21,0.32,0.39
2019-06-06,600741,14.78,14.96,15.19,14.63,146888,307164384.0,3.79,1.15,0.17,0.47
2019-06-10,600741,14.97,14.94,15.41,14.68,141004,296855744.0,4.88,-0.13,-0.02,0.45
2019-06-11,600741,14.8,15.48,15.57,14.72,115003,244099914.0,5.69,3.61,0.54,0.36
2019-06-12,600741,15.44,15.19,15.46,14.98,93398,197525839.0,3.1,-1.87,-0.29,0.3
2019-06-13,600741,15.13,14.5,15.13,14.21,139689,285379072.0,6.06,-4.54,-0.69,0.44
2019-06-14,600741,14.59,14.05,14.67,13.95,109580,220549176.0,4.97,-3.1,-0.45,0.35
2019-06-17,600741,14.07,14.1,14.25,13.85,84506,168828862.0,2.85,0.36,0.05,0.27
2019-06-18,600741,14.11,14.05,14.28,13.98,62587,125581167.0,2.13,-0.35,-0.05,0.2
2019-06-19,600741,14.35,14.83,14.93,14.35,180336,371665456.0,4.13,5.55,0.78,0.57
2019-06-20,600741,14.69,15.58,15.85,14.69,156079,333025952.0,7.82,5.06,0.75,0.5
2019-06-21,600741,15.69,16.17,16.36,15.62,107332,236168707.0,4.75,3.79,0.59,0.34
2019-06-24,600741,16.02,15.82,16.32,15.4,111867,242918198.0,5.69,-2.16,-0.35,0.35
2019-06-25,600741,15.82,15.48,15.82,15.22,75161,160767221.0,3.79,-2.15,-0.34,0.24
2019-06-26,600741,15.62,15.82,15.84,15.38,59529,128721811.0,2.97,2.2,0.34,0.19
2019-06-27,600741,15.87,15.78,16.14,15.63,91077,198576168.0,3.22,-0.25,-0.04,0.29
2019-06-28,600741,15.92,15.67,15.92,15.25,92369,198306857.0,4.25,-0.7,-0.11,0.29
2019-07-01,600741,15.99,16.33,16.62,15.98,163914,365459168.0,4.08,4.21,0.66,0.52
2019-07-02,600741,16.31,17.35,17.96,16.31,193679,449169792.0,10.1,6.25,1.02,0.61
2019-07-03,600741,17.52,17.75,17.95,16.99,198550,468751552.0,5.53,2.31,0.4,0.63
2019-07-04,600741,17.67,17.1,18.03,16.92,153466,358285600.0,6.25,-3.66,-0.65,0.49
2019-07-05,600741,17.27,17.35,17.73,17.07,88632,206375992.0,3.86,1.46,0.25,0.28
2019-07-08,600741,17.46,16.67,17.46,16.47,172281,392028080.0,5.71,-3.92,-0.68,0.55
2019-07-09,600741,16.75,16.86,17.7,16.52,214359,490912048.0,7.08,1.14,0.19,0.68
2019-07-10,600741,16.79,16.37,16.91,16.02,134985,300450944.0,5.28,-2.91,-0.49,0.43
2019-07-11,600741,16.47,16.68,16.82,16.2,135933,305478672.0,3.79,1.89,0.31,0.43
2019-07-12,600741,16.69,16.34,16.85,16.19,102972,230341469.0,3.96,-2.04,-0.34,0.33
2019-07-15,600741,16.46,16.67,16.72,15.81,105280,234796197.0,5.57,2.02,0.33,0.33
2019-07-16,600741,16.49,16.51,16.77,16.29,76193,170940228.0,2.88,-0.96,-0.16,0.24
2019-07-17,600741,16.75,17.2,17.45,16.32,119031,272853152.0,6.84,4.18,0.69,0.38
2019-07-18,600741,16.98,16.91,17.15,16.74,59522,135871121.0,2.38,-1.69,-0.29,0.19
2019-07-19,600741,16.77,17.11,17.29,16.77,95174,219230765.0,3.08,1.18,0.2,0.3
2019-07-22,600741,17.05,16.67,17.11,16.37,136033,306933216.0,4.32,-2.57,-0.44,0.43
2019-07-23,600741,16.68,16.57,16.74,16.12,107073,228720948.0,3.72,-0.6,-0.1,0.34
2019-07-24,600741,16.72,17.28,17.6,16.63,125491,277951312.0,5.85,4.28,0.71,0.4
2019-07-25,600741,17.37,17.73,18.02,17.31,120438,271511728.0,4.11,2.6,0.45,0.38
2019-07-26,600741,17.62,17.73,17.87,17.43,95560,215560899.0,2.48,0.0,0.0,0.3
2019-07-29,600741,17.76,17.59,17.96,17.55,51899,117267641.0,2.31,-0.79,-0.14,0.16
2019-07-30,600741,17.52,18.07,18.17,17.52,90919,207577086.0,3.7,2.73,0.48,0.29
2019-07-31,600741,18.04,18.22,18.27,17.77,84866,194229748.0,2.77,0.83,0.15,0.27
2019-08-01,600741,18.15,18.08,18.28,17.84,56270,128948229.0,2.41,-0.77,-0.14,0.18
2019-08-02,600741,17.67,17.5,17.96,17.28,118869,266857228.0,3.76,-3.21,-0.58,0.38
2019-08-05,600741,17.62,16.23,17.66,16.18,235803,506056560.0,8.46,-7.26,-1.27,0.75
2019-08-06,600741,15.87,15.95,16.47,15.58,164648,343399824.0,5.48,-1.73,-0.28,0.52
2019-08-07,600741,16.11,15.72,16.18,15.36,111172,229812879.0,5.14,-1.44,-0.23,0.35
2019-08-08,600741,15.97,17.03,17.37,15.83,201459,439246512.0,9.8,8.33,1.31,0.64
2019-08-09,600741,17.33,16.76,17.57,16.56,106082,231485165.0,5.93,-1.59,-0.27,0.34
2019-08-12,600741,16.98,16.88,17.32,16.62,101650,220832822.0,4.18,0.72,0.12,0.32
2019-08-13,600741,16.86,16.63,16.88,16.38,73539,157996057.0,2.96,-1.48,-0.25,0.23
2019-08-14,600741,17.12,17.02,17.38,16.84,100744,221373695.0,3.25,2.35,0.39,0.32
2019-08-15,600741,16.68,18.04,18.2,16.5,147102,330946128.0,9.99,5.99,1.02,0.47
2019-08-16,600741,18.18,17.44,18.18,17.38,132295,298230896.0,4.43,-3.33,-0.6,0.42
2019-08-19,600741,17.68,17.94,18.18,17.68,126876,290313360.0,2.87,2.87,0.5,0.4
2019-08-20,600741,18.07,17.86,18.1,17.77,69703,158827091.0,1.84,-0.45,-0.08,0.22
2019-08-21,600741,17.92,17.51,17.92,17.43,91969,206657670.0,2.74,-1.96,-0.35,0.29
2019-08-22,600741,17.72,17.6,18.01,17.44,85220,192397412.0,3.26,0.51,0.09,0.27
2019-08-23,600741,18.02,18.94,19.72,18.01,253939,603339712.0,9.72,7.61,1.34,0.81
2019-08-26,600741,18.72,18.68,19.49,18.48,228009,543539104.0,5.33,-1.37,-0.26,0.72
2019-08-27,600741,19.06,19.96,20.52,18.98,285959,713536656.0,8.24,6.85,1.28,0.91
2019-08-28,600741,20.19,19.95,20.98,19.86,170016,425533904.0,5.61,-0.05,-0.01,0.54
2019-08-29,600741,19.89,19.54,20.05,19.5,109201,268040834.0,2.76,-2.06,-0.41,0.35
2019-08-30,600741,19.87,20.05,20.48,19.8,121302,303730048.0,3.48,2.61,0.51,0.38
2019-09-02,600741,20.04,20.31,20.58,19.92,97597,246070289.0,3.29,1.3,0.26,0.31
2019-09-03,600741,20.12,20.07,20.52,19.89,99800,250266340.0,3.1,-1.18,-0.24,0.32
2019-09-04,600741,20.12,20.06,20.17,19.58,101481,251794311.0,2.94,-0.05,-0.01,0.32
2019-09-05,600741,20.15,20.26,21.31,20.15,185806,474451488.0,5.78,1.0,0.2,0.59
2019-09-06,600741,20.48,20.97,21.82,20.37,232955,608247184.0,7.16,3.5,0.71,0.74
2019-09-09,600741,21.22,20.83,21.44,20.52,142090,366227664.0,4.39,-0.67,-0.14,0.45
2019-09-10,600741,20.67,19.89,20.67,19.69,195894,486620080.0,4.7,-4.51,-0.94,0.62
2019-09-11,600741,19.95,19.98,20.44,19.69,140843,352037664.0,3.77,0.45,0.09,0.45
2019-09-12,600741,20.03,20.02,20.26,19.91,103144,257121529.0,1.75,0.2,0.04,0.33
2019-09-16,600741,20.13,21.04,21.21,19.82,163971,417587200.0,6.94,5.09,1.02,0.52
2019-09-17,600741,20.87,20.39,20.87,19.77,159774,398922912.0,5.23,-3.09,-0.65,0.51
2019-09-18,600741,20.22,19.67,20.23,19.67,94997,234913026.0,2.75,-3.53,-0.72,0.3
2019-09-19,600741,19.74,19.71,19.86,19.47,75397,184927275.0,1.98,0.2,0.04,0.24
2019-09-20,600741,19.79,19.42,19.97,19.22,138501,336989984.0,3.81,-1.47,-0.29,0.44
2019-09-23,600741,19.46,18.84,19.5,18.35,203366,478582576.0,5.92,-2.99,-0.58,0.65
2019-09-24,600741,19.07,19.12,19.42,18.9,102005,244940855.0,2.76,1.49,0.28,0.32
2019-09-25,600741,18.62,18.84,19.24,18.62,92531,220582787.0,3.24,-1.46,-0.28,0.29
2019-09-26,600741,19.08,18.69,19.28,18.69,78058,186128273.0,3.13,-0.8,-0.15,0.25
2019-09-27,600741,18.77,19.13,19.22,18.44,69474,165320953.0,4.17,2.35,0.44,0.22
2019-09-30,600741,18.98,18.62,19.23,18.62,68241,161797497.0,3.19,-2.67,-0.51,0.22
2019-10-08,600741,18.72,18.44,18.91,18.12,71813,167960081.0,4.24,-0.97,-0.18,0.23
2019-10-09,600741,18.45,18.42,18.57,18.15,109814,255162398.0,2.28,-0.11,-0.02,0.35
2019-10-10,600741,18.52,18.33,18.71,18.13,142578,330529024.0,3.15,-0.49,-0.09,0.45
2019-10-11,600741,18.44,19.22,19.69,18.43,177346,426526368.0,6.87,4.86,0.89,0.56
2019-10-14,600741,19.42,19.97,19.97,19.23,143749,353377072.0,3.85,3.9,0.75,0.46
2019-10-15,600741,19.67,18.88,19.69,18.67,145022,345856720.0,5.11,-5.46,-1.09,0.46
2019-10-16,600741,18.93,19.15,19.32,18.74,94661,226789739.0,3.07,1.43,0.27,0.3
2019-10-17,600741,19.14,19.02,19.33,18.77,64987,155124229.0,2.92,-0.68,-0.13,0.21
2019-10-18,600741,19.1,18.22,19.21,18.05,141044,329092640.0,6.1,-4.21,-0.8,0.45
2019-10-21,600741,18.15,18.14,18.41,17.81,85624,196604762.0,3.29,-0.44,-0.08,0.27
2019-10-22,600741,18.06,18.15,18.21,17.72,67359,153744452.0,2.7,0.06,0.01,0.21
2019-10-23,600741,17.92,18.07,18.3,17.92,47378,108923080.0,2.09,-0.44,-0.08,0.15
2019-10-24,600741,18.19,18.72,18.78,17.93,93942,220141842.0,4.7,3.6,0.65,0.3
2019-10-25,600741,18.81,18.93,19.07,18.35,88828,209961718.0,3.85,1.12,0.21,0.28
2019-10-28,600741,18.82,19.82,19.95,18.82,133367,327915408.0,5.97,4.7,0.89,0.42
2019-10-29,600741,19.82,19.91,20.23,19.69,114078,283998560.0,2.72,0.45,0.09,0.36
2019-10-30,600741,20.1,20.28,20.45,19.84,98455,246593622.0,3.06,1.86,0.37,0.31
2019-10-31,600741,20.36,20.23,20.5,20.12,76769,193392487.0,1.87,-0.25,-0.05,0.24
2019-11-01,600741,20.23,20.4,20.45,19.69,125732,314957744.0,3.76,0.84,0.17,0.4
2019-11-04,600741,20.58,19.94,20.58,19.92,84310,210320177.0,3.24,-2.25,-0.46,0.27
2019-11-05,600741,20.06,20.0,20.23,19.72,99839,247790016.0,2.56,0.3,0.06,0.32
2019-11-06,600741,20.18,19.9,20.32,19.75,61852,154185439.0,2.85,-0.5,-0.1,0.2
2019-11-07,600741,20.04,20.38,20.72,20.04,129275,327312384.0,3.42,2.41,0.48,0.41
2019-11-08,600741,20.63,20.78,21.19,20.23,131539,337343264.0,4.71,1.96,0.4,0.42
2019-11-11,600741,20.67,20.42,21.1,20.03,110307,280330480.0,5.15,-1.73,-0.36,0.35
2019-11-12,600741,20.32,20.22,20.77,19.95,130827,329477984.0,4.02,-0.98,-0.2,0.41
2019-11-13,600741,20.38,20.32,20.49,19.64,96368,241691218.0,4.2,0.49,0.1,0.31
2019-11-14,600741,20.47,20.63,20.81,20.08,101655,258368892.0,3.59,1.53,0.31,0.32
2019-11-15,600741,20.7,21.04,21.07,20.27,128960,331369136.0,3.88,1.99,0.41,0.41
2019-11-18,600741,20.92,20.82,20.95,20.47,100337,256743773.0,2.28,-1.05,-0.22,0.32
2019-11-19,600741,20.65,21.39,21.57,20.65,112002,293026752.0,4.42,2.74,0.57,0.36
2019-11-20,600741,21.32,20.84,21.35,20.77,127416,329872096.0,2.71,-2.57,-0.55,0.4
2019-11-21,600741,20.91,20.82,21.21,20.53,58308,149954199.0,3.26,-0.1,-0.02,0.18
2019-11-22,600741,20.72,21.0,21.4,20.52,80575,208925610.0,4.23,0.86,0.18,0.26
2019-11-25,600741,21.0,21.43,21.6,21.0,105932,278652192.0,2.86,2.05,0.43,0.34
2019-11-26,600741,21.46,21.48,21.61,21.03,112099,294414432.0,2.71,0.23,0.05,0.36
2019-11-27,600741,21.51,21.72,21.8,21.2,72766,192682570.0,2.79,1.12,0.24,0.23
2019-11-28,600741,21.52,21.1,21.89,20.93,81213,212417874.0,4.42,-2.85,-0.62,0.26
2019-11-29,600741,21.27,21.04,21.29,20.68,75793,196084015.0,2.89,-0.28,-0.06,0.24
2019-12-02,600741,21.12,20.37,21.69,20.28,164765,423077616.0,6.7,-3.18,-0.67,0.52
2019-12-03,600741,20.45,20.22,20.56,20.03,102646,257619181.0,2.6,-0.74,-0.15,0.33
2019-12-04,600741,20.24,19.99,20.45,19.92,61412,153397787.0,2.62,-1.14,-0.23,0.19
2019-12-05,600741,20.06,20.16,20.48,20.04,71411,179443281.0,2.2,0.85,0.17,0.23
2019-12-06,600741,20.37,20.02,20.68,19.92,84519,211481038.0,3.77,-0.69,-0.14,0.27
2019-12-09,600741,20.17,19.64,20.22,19.44,152496,373671296.0,3.9,-1.9,-0.38,0.48
2019-12-10,600741,19.65,19.65,19.79,19.38,89876,220023175.0,2.09,0.05,0.01,0.29
2019-12-11,600741,19.76,19.77,19.98,19.52,84226,207582329.0,2.34,0.61,0.12,0.27
2019-12-12,600741,19.9,19.53,19.91,19.2,83555,203716319.0,3.59,-1.21,-0.24,0.27
2019-12-13,600741,19.79,19.89,19.97,19.53,147632,364292784.0,2.25,1.84,0.36,0.47
2019-12-16,600741,19.94,20.06,20.21,19.73,146982,364695888.0,2.41,0.85,0.17,0.47
2019-12-17,600741,20.01,20.32,20.51,19.77,129720,325064864.0,3.69,1.3,0.26,0.41
2019-12-18,600741,20.24,20.02,20.46,19.89,121553,304315728.0,2.81,-1.48,-0.3,0.39
2019-12-19,600741,20.02,19.65,20.06,19.56,114300,281347920.0,2.5,-1.85,-0.37,0.36
2019-12-20,600741,19.65,19.53,19.78,19.38,97348,237669410.0,2.04,-0.61,-0.12,0.31
2019-12-23,600741,19.37,19.0,19.56,18.96,137169,330516864.0,3.07,-2.71,-0.53,0.44
2019-12-24,600741,19.16,19.36,19.42,19.16,88658,214353093.0,1.37,1.89,0.36,0.28
2019-12-25,600741,19.36,20.25,20.38,19.36,204203,508686672.0,5.27,4.6,0.89,0.65
2019-12-26,600741,20.39,20.31,20.46,20.1,76451,192730491.0,1.78,0.3,0.06,0.24
2019-12-27,600741,20.36,20.42,20.89,20.23,140342,356112928.0,3.25,0.54,0.11,0.45
2019-12-30,600741,20.23,20.58,20.79,20.02,140263,356517072.0,3.77,0.78,0.16,0.44
2019-12-31,600741,20.63,21.11,21.2,20.48,140389,363553424.0,3.5,2.58,0.53,0.45
2020-01-02,600741,21.49,21.48,21.74,21.28,141420,373917264.0,2.18,1.75,0.37,0.45
2020-01-03,600741,21.54,21.21,21.77,21.1,130333,341631712.0,3.12,-1.26,-0.27,0.41
2020-01-06,600741,21.42,22.2,23.52,21.4,289467,792363936.0,10.0,4.67,0.99,0.92
2020-01-07,600741,22.61,22.48,22.72,22.22,141084,385286368.0,2.25,1.26,0.28,0.45
2020-01-08,600741,22.48,23.33,24.34,22.29,306506,876380928.0,9.12,3.78,0.85,0.97
2020-01-09,600741,23.92,23.93,24.7,23.47,191433,553225200.0,5.27,2.57,0.6,0.61
2020-01-10,600741,23.93,23.64,24.1,23.28,176865,504350672.0,3.43,-1.21,-0.29,0.56
2020-01-13,600741,23.64,23.65,23.97,23.23,169963,482623968.0,3.13,0.04,0.01,0.54
2020-01-14,600741,23.92,23.26,24.21,23.12,158383,450044208.0,4.61,-1.65,-0.39,0.5
2020-01-15,600741,23.24,23.53,23.69,23.14,140975,399115744.0,2.36,1.16,0.27,0.45
2020-01-16,600741,23.69,23.68,24.4,23.53,118843,342485584.0,3.7,0.64,0.15,0.38
2020-01-17,600741,23.76,23.73,23.87,23.42,93345,266458358.0,1.9,0.21,0.05,0.3
2020-01-20,600741,23.69,23.41,23.7,22.37,239159,670179088.0,5.6,-1.35,-0.32,0.76
2020-01-21,600741,23.43,22.73,23.51,22.47,178877,495898064.0,4.44,-2.9,-0.68,0.57
2020-01-22,600741,22.7,22.73,23.01,22.14,196477,540849792.0,3.83,0.0,0.0,0.62
2020-01-23,600741,22.49,21.82,23.48,21.42,154283,421418848.0,9.06,-4.0,-0.91,0.49
2020-02-03,600741,19.15,20.7,21.38,19.15,261391,660521760.0,10.22,-5.13,-1.12,0.83
2020-02-04,600741,21.19,21.49,21.92,21.12,196182,518791136.0,3.86,3.82,0.79,0.62
2020-02-05,600741,22.49,21.86,22.62,21.57,189043,511365232.0,4.89,1.72,0.37,0.6
2020-02-06,600741,21.23,21.27,21.92,20.33,385091,999371456.0,7.27,-2.7,-0.59,1.22
2020-02-07,600741,21.12,20.51,21.12,20.25,249438,632895648.0,4.09,-3.57,-0.76,0.79
2020-02-10,600741,20.62,21.65,21.74,20.36,247877,645564592.0,6.73,5.56,1.14,0.79
2020-02-11,600741,22.42,22.13,22.52,21.71,218046,589893520.0,3.74,2.22,0.48,0.69
2020-02-12,600741,21.99,22.04,22.29,21.67,145643,391195808.0,2.8,-0.41,-0.09,0.46
2020-02-13,600741,21.92,21.74,22.17,21.7,110989,296827968.0,2.13,-1.36,-0.3,0.35
2020-02-14,600741,21.65,21.79,21.9,21.32,110456,292819488.0,2.67,0.23,0.05,0.35
2020-02-17,600741,21.48,23.33,23.47,21.48,245119,678720288.0,9.13,7.07,1.54,0.78
2020-02-18,600741,23.52,23.02,23.57,22.8,156177,438032288.0,3.3,-1.33,-0.31,0.5
2020-02-19,600741,23.58,22.63,23.59,22.45,141667,392606032.0,4.95,-1.69,-0.39,0.45
2020-02-20,600741,22.78,23.53,23.88,22.22,240344,672434832.0,7.34,3.98,0.9,0.76
2020-02-21,600741,23.52,24.57,24.91,23.32,212946,623335152.0,6.76,4.42,1.04,0.68
2020-02-24,600741,24.39,24.6,25.24,24.1,226838,670912944.0,4.64,0.12,0.03,0.72
2020-02-25,600741,24.02,25.17,25.43,23.36,245806,721129216.0,8.41,2.32,0.57,0.78
2020-02-26,600741,24.62,23.52,24.74,23.52,198601,576105008.0,4.85,-6.56,-1.65,0.63
2020-02-27,600741,23.72,23.48,24.21,23.31,143406,410700816.0,3.83,-0.17,-0.04,0.45
2020-02-28,600741,22.22,23.27,23.48,21.96,185075,510802560.0,6.47,-0.89,-0.21,0.59
2020-03-02,600741,22.97,23.67,23.89,22.73,167960,474825952.0,4.98,1.72,0.4,0.53
2020-03-03,600741,23.85,23.15,24.5,23.02,176122,501776656.0,6.25,-2.2,-0.52,0.56
2020-03-04,600741,22.45,22.63,23.02,22.12,166818,455490976.0,3.89,-2.25,-0.52,0.53
2020-03-05,600741,22.73,22.89,23.09,22.39,132978,366936768.0,3.09,1.15,0.26,0.42
2020-03-06,600741,22.71,22.24,22.71,22.01,163762,444032944.0,3.06,-2.84,-0.65,0.52
2020-03-09,600741,21.62,20.82,21.89,20.65,193659,503923472.0,5.58,-6.38,-1.42,0.61
2020-03-10,600741,20.64,21.65,21.8,20.18,214190,555823072.0,7.78,3.99,0.83,0.68
2020-03-11,600741,21.62,20.8,21.84,20.77,190967,497314288.0,4.94,-3.93,-0.85,0.61
2020-03-12,600741,20.29,20.21,20.56,19.8,197289,494149248.0,3.65,-2.84,-0.59,0.63
2020-03-13,600741,18.43,19.27,19.76,18.43,227845,543577920.0,6.58,-4.65,-0.94,0.72
2020-03-16,600741,19.41,17.65,19.46,17.63,218414,507333216.0,9.5,-8.41,-1.62,0.69
2020-03-17,600741,17.52,17.56,18.42,16.93,229398,517500320.0,8.44,-0.51,-0.09,0.73
2020-03-18,600741,17.86,16.99,18.11,16.85,253663,565872320.0,7.18,-3.25,-0.57,0.8
2020-03-19,600741,17.1,16.34,17.1,15.56,286372,603495952.0,9.06,-3.83,-0.65,0.91
2020-03-20,600741,16.77,15.92,16.86,15.35,269430,561146704.0,9.24,-2.57,-0.42,0.85
2020-03-23,600741,15.11,14.03,15.11,13.96,284423,550183040.0,7.22,-11.87,-1.89,0.9
2020-03-24,600741,14.52,14.89,15.14,13.98,319060,618926592.0,8.27,6.13,0.86,1.01
2020-03-25,600741,15.74,16.87,16.87,15.5,416391,876554352.0,9.2,13.3,1.98,1.32
2020-03-26,600741,16.92,16.6,17.21,16.52,267511,580625632.0,4.09,-1.6,-0.27,0.85
2020-03-27,600741,17.12,17.14,17.21,16.64,184502,403808976.0,3.43,3.25,0.54,0.59
2020-03-30,600741,16.65,16.54,17.0,16.27,240977,515861424.0,4.26,-3.5,-0.6,0.76
2020-03-31,600741,16.81,16.66,16.87,16.34,140799,302496976.0,3.2,0.73,0.12,0.45
2020-04-01,600741,16.81,16.0,17.59,15.75,259687,555296448.0,11.04,-3.96,-0.66,0.82
2020-04-02,600741,15.65,16.11,16.22,15.22,222105,458686512.0,6.25,0.69,0.11,0.7
2020-04-03,600741,16.11,15.47,16.31,15.27,210035,430560384.0,6.46,-3.97,-0.64,0.67
2020-04-07,600741,15.9,15.82,16.3,15.76,200255,417433216.0,3.49,2.26,0.35,0.64
2020-04-08,600741,15.84,15.78,16.06,15.63,141568,293554048.0,2.72,-0.25,-0.04,0.45
2020-04-09,600741,15.87,16.42,16.67,15.87,169409,358793344.0,5.07,4.06,0.64,0.54
2020-04-10,600741,16.49,16.07,16.8,15.91,140607,298231264.0,5.42,-2.13,-0.35,0.45
2020-04-13,600741,15.77,15.42,15.97,15.23,164669,334633344.0,4.6,-4.04,-0.65,0.52
2020-04-14,600741,15.62,16.02,16.02,15.37,189504,391558928.0,4.22,3.89,0.6,0.6
2020-04-15,600741,16.02,15.45,16.27,15.42,147368,303627280.0,5.31,-3.56,-0.57,0.47
2020-04-16,600741,15.5,15.45,15.72,15.31,101800,207782753.0,2.65,0.0,0.0,0.32
2020-04-17,600741,15.79,16.02,16.24,15.65,158571,330453376.0,3.82,3.69,0.57,0.5
2020-04-20,600741,16.12,15.84,16.13,15.61,131283,271239392.0,3.25,-1.12,-0.18,0.42
2020-04-21,600741,15.72,15.27,15.72,15.15,133491,269924992.0,3.6,-3.6,-0.57,0.42
2020-04-22,600741,15.14,15.25,15.31,14.96,119891,239647716.0,2.29,-0.13,-0.02,0.38
2020-04-23,600741,15.39,15.31,15.57,15.23,139660,283243200.0,2.23,0.39,0.06,0.44
2020-04-24,600741,15.46,14.96,15.72,14.9,154462,309920416.0,5.36,-2.29,-0.35,0.49
2020-04-27,600741,15.0,15.21,15.38,14.65,133226,265556841.0,4.88,1.67,0.25,0.42
2020-04-28,600741,15.16,14.37,15.29,14.31,218638,425269936.0,6.44,-5.52,-0.84,0.69
2020-04-29,600741,13.92,13.68,13.92,13.18,316965,584137856.0,5.15,-4.8,-0.69,1.01
2020-04-30,600741,14.17,15.52,15.54,14.17,350005,704041216.0,10.01,13.45,1.84,1.11
2020-05-06,600741,15.29,16.63,16.94,15.14,407859,866750016.0,11.6,7.15,1.11,1.29
2020-05-07,600741,16.91,16.57,16.91,16.2,185389,395853456.0,4.27,-0.36,-0.06,0.59
2020-05-08,600741,16.61,17.4,17.56,16.57,245654,541698784.0,5.97,5.01,0.83,0.78
2020-05-11,600741,17.61,17.85,18.32,17.46,275738,629603120.0,4.94,2.59,0.45,0.87
2020-05-12,600741,17.82,17.34,17.82,17.16,174596,389458864.0,3.7,-2.86,-0.51,0.55
2020-05-13,600741,17.12,17.03,17.21,16.59,210729,460112560.0,3.58,-1.79,-0.31,0.67
2020-05-14,600741,16.83,16.06,16.94,15.87,386314,816898448.0,6.28,-5.7,-0.97,1.23
2020-05-15,600741,16.23,15.34,16.3,15.3,352605,719515536.0,6.23,-4.48,-0.72,1.12
2020-05-18,600741,15.47,15.01,15.52,14.96,208304,417118672.0,3.65,-2.15,-0.33,0.66
2020-05-19,600741,15.28,15.51,15.66,15.19,217788,442273088.0,3.13,3.33,0.5,0.69
2020-05-20,600741,15.46,15.4,16.05,15.22,207484,425367936.0,5.35,-0.71,-0.11,0.66
2020-05-21,600741,15.61,15.3,15.81,15.15,126660,257439040.0,4.29,-0.65,-0.1,0.4
2020-05-22,600741,15.32,15.14,15.47,14.94,108971,218802114.0,3.46,-1.05,-0.16,0.35
2020-05-25,600741,15.04,14.82,15.1,14.47,153532,301307408.0,4.16,-2.11,-0.32,0.49
2020-05-26,600741,14.9,14.73,15.06,14.54,168588,329848048.0,3.51,-0.61,-0.09,0.53
2020-05-27,600741,14.79,14.87,15.37,14.67,173015,343793616.0,4.75,0.95,0.14,0.55
2020-05-28,600741,14.89,14.48,15.07,14.36,143685,280213312.0,4.77,-2.62,-0.39,0.46
2020-05-29,600741,14.46,14.27,14.72,14.2,141843,274155488.0,3.59,-1.45,-0.21,0.45
2020-06-01,600741,14.45,15.24,15.71,14.37,277517,558500336.0,9.39,6.8,0.97,0.88
2020-06-02,600741,15.46,15.26,15.62,15.04,187058,377212016.0,3.81,0.13,0.02,0.59
2020-06-03,600741,15.47,15.93,16.18,15.46,251164,522975664.0,4.72,4.39,0.67,0.8
2020-06-04,600741,16.14,16.3,16.55,15.9,242909,513017088.0,4.08,2.32,0.37,0.77
2020-06-05,600741,16.15,15.88,16.29,15.79,113461,235976022.0,3.07,-2.58,-0.42,0.36
2020-06-08,600741,16.12,16.56,16.56,16.02,210739,447208528.0,3.4,4.28,0.68,0.67
2020-06-09,600741,16.51,16.9,16.99,16.47,202192,438324048.0,3.14,2.05,0.34,0.64
2020-06-10,600741,16.69,16.52,16.85,16.05,247903,525473168.0,4.73,-2.25,-0.38,0.79
2020-06-11,600741,16.82,16.83,17.21,16.46,263866,574287520.0,4.54,1.88,0.31,0.84
2020-06-12,600741,16.17,16.32,16.55,16.12,188761,399780512.0,2.55,-3.03,-0.51,0.6
2020-06-15,600741,16.12,15.72,16.47,15.68,126313,263968706.0,4.84,-3.68,-0.6,0.4
2020-06-16,600741,16.1,15.75,16.3,15.61,215040,445135696.0,4.39,0.19,0.03,0.68
2020-06-17,600741,15.82,15.45,15.91,15.39,158625,324170544.0,3.3,-1.9,-0.3,0.5
2020-06-18,600741,15.44,15.75,15.87,15.32,144702,297287664.0,3.56,1.94,0.3,0.46
2020-06-19,600741,15.73,16.0,16.12,15.67,215361,448922944.0,2.86,1.59,0.25,0.68
2020-06-22,600741,16.26,16.12,16.41,15.94,188039,395030352.0,2.94,0.75,0.12,0.6
2020-06-23,600741,16.11,16.31,16.35,15.93,161355,340035360.0,2.61,1.18,0.19,0.51
2020-06-24,600741,16.34,15.94,16.56,15.91,187450,393955232.0,3.99,-2.27,-0.37,0.59
2020-06-29,600741,15.62,15.37,15.72,15.27,191594,390254896.0,2.82,-3.58,-0.57,0.61
2020-06-30,600741,15.53,15.91,16.22,15.5,200781,417583280.0,4.68,3.51,0.54,0.64
2020-07-01,600741,16.2,17.11,17.12,16.02,305917,661561216.0,6.91,7.54,1.2,0.97
2020-07-02,600741,17.31,17.0,17.31,16.72,255740,557496320.0,3.45,-0.64,-0.11,0.81
2020-07-03,600741,17.16,17.76,17.99,17.16,281047,629465344.0,4.88,4.47,0.76,0.89
2020-07-06,600741,18.43,18.87,19.19,17.97,340450,803949104.0,6.87,6.25,1.11,1.08
2020-07-07,600741,19.32,18.97,20.05,18.94,331800,808778528.0,5.88,0.53,0.1,1.05
2020-07-08,600741,18.92,18.52,19.22,18.05,398746,927841888.0,6.17,-2.37,-0.45,1.26
2020-07-09,600741,18.67,18.92,19.16,18.32,332298,784502880.0,4.54,2.16,0.4,1.05
2020-07-10,600741,18.82,18.29,18.87,18.2,256107,598936240.0,3.54,-3.33,-0.63,0.81
2020-07-13,600741,18.22,19.02,19.31,18.15,375523,887803056.0,6.34,3.99,0.73,1.19
2020-07-14,600741,19.06,19.23,20.12,18.28,421807,1008601712.0,9.67,1.1,0.21,1.34
2020-07-15,600741,19.2,18.59,19.2,18.28,322351,760856464.0,4.78,-3.33,-0.64,1.02
2020-07-16,600741,18.42,17.45,18.59,17.36,303850,691905744.0,6.62,-6.13,-1.14,0.96
2020-07-17,600741,17.55,17.69,18.12,17.2,204563,445140496.0,5.27,1.38,0.24,0.65
2020-07-20,600741,17.93,18.45,18.63,17.62,257028,572074448.0,5.71,4.3,0.76,0.82
2020-07-21,600741,18.77,18.39,18.85,18.17,166003,373727616.0,3.69,-0.33,-0.06,0.53
2020-07-22,600741,18.34,18.11,18.64,18.03,205536,460107952.0,3.32,-1.52,-0.28,0.65
2020-07-23,600741,17.92,17.59,18.11,17.38,204570,443008960.0,4.03,-2.87,-0.52,0.65
2020-07-24,600741,17.47,16.59,17.7,16.55,223533,472487168.0,6.54,-5.69,-1.0,0.71
2020-07-27,600741,16.66,16.95,17.14,16.46,128058,266224428.0,4.1,2.17,0.36,0.41
2020-07-28,600741,17.15,17.2,17.55,17.09,128684,274440944.0,2.71,1.47,0.25,0.41
2020-07-29,600741,17.39,17.36,17.49,16.98,167271,355930048.0,2.97,0.93,0.16,0.53
2020-07-30,600741,17.44,17.09,17.72,17.05,151115,322726576.0,3.86,-1.56,-0.27,0.48
2020-07-31,600741,17.05,16.97,17.42,16.84,153926,324873200.0,3.39,-0.7,-0.12,0.49
2020-08-03,600741,17.23,17.4,17.44,17.07,174799,372567344.0,2.18,2.53,0.43,0.55
2020-08-04,600741,17.49,17.23,17.66,17.08,186663,398603296.0,3.33,-0.98,-0.17,0.59
2020-08-05,600741,17.24,17.1,17.24,16.83,148682,312863568.0,2.38,-0.75,-0.13,0.47
2020-08-06,600741,17.11,19.11,19.14,17.11,587053,1310366704.0,11.87,11.75,2.01,1.86
2020-08-07,600741,18.96,19.58,20.0,18.87,523798,1235370112.0,5.91,2.46,0.47,1.66
2020-08-10,600741,19.59,19.67,20.29,19.48,298528,711034064.0,4.14,0.46,0.09,0.95
2020-08-11,600741,19.66,19.3,20.3,19.17,246359,586573536.0,5.74,-1.88,-0.37,0.78
2020-08-12,600741,19.3,18.94,19.57,18.25,229874,523431472.0,6.84,-1.87,-0.36,0.73
2020-08-13,600741,19.15,19.34,19.95,18.79,273130,643927696.0,6.12,2.11,0.4,0.87
2020-08-14,600741,19.65,19.29,19.71,18.84,197773,458837216.0,4.5,-0.26,-0.05,0.63
2020-08-17,600741,19.32,20.62,20.93,19.1,307903,749821552.0,9.49,6.89,1.33,0.98
2020-08-18,600741,20.64,20.62,21.46,20.37,246321,611715040.0,5.29,0.0,0.0,0.78
2020-08-19,600741,20.63,20.95,21.53,20.57,230609,580855552.0,4.66,1.6,0.33,0.73
2020-08-20,600741,20.77,20.28,21.2,20.07,235072,576291440.0,5.39,-3.2,-0.67,0.75
2020-08-21,600741,20.57,20.31,20.75,20.08,134683,329207936.0,3.3,0.15,0.03,0.43
2020-08-24,600741,20.33,20.6,21.18,20.18,120587,298947968.0,4.92,1.43,0.29,0.38
2020-08-25,600741,20.67,19.64,20.85,19.47,229754,550631936.0,6.7,-4.66,-0.96,0.73
2020-08-26,600741,19.67,19.07,19.83,18.87,152416,355460544.0,4.89,-2.9,-0.57,0.48
2020-08-27,600741,19.08,20.72,21.02,19.08,273722,669095568.0,10.17,8.65,1.65,0.87
2020-08-28,600741,21.02,21.3,21.49,20.57,207797,521297680.0,4.44,2.8,0.58,0.66
2020-08-31,600741,21.31,20.85,21.88,20.77,243821,619747616.0,5.21,-2.11,-0.45,0.77
2020-09-01,600741,20.86,21.49,21.58,20.69,159389,402272896.0,4.27,3.07,0.64,0.51
2020-09-02,600741,21.7,21.53,21.86,21.24,155248,397032016.0,2.89,0.19,0.04,0.49
2020-09-03,600741,21.66,21.02,21.66,20.86,128993,325746432.0,3.72,-2.37,-0.51,0.41
2020-09-04,600741,20.45,20.53,20.84,20.19,113424,278212832.0,3.09,-2.33,-0.49,0.36
2020-09-07,600741,20.67,21.37,22.1,20.53,302386,774767072.0,7.65,4.09,0.84,0.96
2020-09-08,600741,21.42,22.23,22.84,21.38,262481,690513888.0,6.83,4.02,0.86,0.83
2020-09-09,600741,21.86,21.12,22.21,21.12,182555,468098112.0,4.9,-4.99,-1.11,0.58
2020-09-10,600741,21.5,22.01,22.76,21.06,229421,596000640.0,8.05,4.21,0.89,0.73
2020-09-11,600741,21.74,22.43,22.62,21.67,198267,520662320.0,4.32,1.91,0.42,0.63
2020-09-14,600741,22.27,21.84,22.68,21.54,170975,444397056.0,5.08,-2.63,-0.59,0.54
2020-09-15,600741,21.85,21.76,22.33,21.32,143562,368826912.0,4.62,-0.37,-0.08,0.46
2020-09-16,600741,21.58,23.17,23.24,21.58,238927,640336800.0,7.63,6.48,1.41,0.76
2020-09-17,600741,22.96,23.87,24.05,22.89,282727,779103360.0,5.01,3.02,0.7,0.9
2020-09-18,600741,23.77,23.67,23.94,22.85,266574,730123680.0,4.57,-0.84,-0.2,0.85
2020-09-21,600741,23.59,23.33,23.84,22.97,163283,445809424.0,3.68,-1.44,-0.34,0.52
2020-09-22,600741,23.02,22.56,23.14,22.33,148291,397490352.0,3.47,-3.3,-0.77,0.47
2020-09-23,600741,22.85,22.84,23.3,22.47,121227,327316464.0,3.68,1.24,0.28,0.38
2020-09-24,600741,22.46,22.19,22.62,22.09,141539,372493104.0,2.32,-2.85,-0.65,0.45
2020-09-25,600741,22.27,21.66,22.42,21.42,165511,426712208.0,4.51,-2.39,-0.53,0.52
2020-09-28,600741,21.66,21.38,22.02,21.15,101366,258643406.0,4.02,-1.29,-0.28,0.32
2020-09-29,600741,21.47,20.99,21.56,20.84,145079,364745680.0,3.37,-1.82,-0.39,0.46
2020-09-30,600741,21.1,20.87,21.27,20.56,122196,304410768.0,3.38,-0.57,-0.12,0.39
2020-10-09,600741,21.41,21.57,22.03,21.19,150938,387518176.0,4.02,3.35,0.7,0.48
2020-10-12,600741,21.96,22.97,22.97,21.8,136191,362545808.0,5.42,6.49,1.4,0.43
2020-10-13,600741,22.97,23.57,23.82,22.6,142549,389410496.0,5.31,2.61,0.6,0.45
2020-10-14,600741,23.25,23.25,23.72,22.85,205958,560744832.0,3.69,-1.36,-0.32,0.65
2020-10-15,600741,23.91,23.24,23.96,22.77,228964,624541808.0,5.12,-0.04,-0.01,0.73
2020-10-16,600741,23.22,22.41,23.39,22.27,144935,386832752.0,4.82,-3.57,-0.83,0.46
2020-10-19,600741,22.56,22.51,22.96,22.39,123732,329851328.0,2.54,0.45,0.1,0.39
2020-10-20,600741,22.1,23.45,23.7,22.04,154963,418431408.0,7.37,4.18,0.94,0.49
2020-10-21,600741,23.27,24.38,24.67,23.17,250239,708219440.0,6.4,3.97,0.93,0.79
2020-10-22,600741,24.37,24.17,24.57,24.02,106700,301695072.0,2.26,-0.86,-0.21,0.34
2020-10-23,600741,24.32,23.89,24.84,23.62,103796,292893264.0,5.05,-1.16,-0.28,0.33
2020-10-26,600741,23.53,23.31,23.64,22.86,136135,370924656.0,3.26,-2.43,-0.58,0.43
2020-10-27,600741,23.3,23.18,23.52,23.03,101192,275624384.0,2.1,-0.56,-0.13,0.32
2020-10-28,600741,23.3,23.92,24.22,22.88,140062,387385824.0,5.78,3.19,0.74,0.44
2020-10-29,600741,24.12,26.72,26.72,24.12,539230,1625750720.0,10.87,11.71,2.8,1.71
2020-10-30,600741,27.07,27.09,28.25,26.75,609885,1917524256.0,5.61,1.38,0.37,1.93
2020-11-02,600741,26.98,28.08,28.39,26.85,397260,1262812160.0,5.68,3.65,0.99,1.26
2020-11-03,600741,27.84,28.56,29.13,27.55,371032,1196768096.0,5.63,1.71,0.48,1.18
2020-11-04,600741,28.56,29.62,30.45,28.36,341346,1147349648.0,7.32,3.71,1.06,1.08
2020-11-05,600741,30.07,30.87,31.85,30.07,338435,1180151152.0,6.01,4.22,1.25,1.07
2020-11-06,600741,30.47,31.32,31.57,29.77,300791,1045821952.0,5.83,1.46,0.45,0.95
2020-11-09,600741,31.18,30.87,31.8,30.07,283101,983991392.0,5.52,-1.44,-0.45,0.9
2020-11-10,600741,30.49,30.01,30.59,29.26,338802,1147929488.0,4.31,-2.79,-0.86,1.07
2020-11-11,600741,29.96,29.36,30.3,29.15,161573,545402784.0,3.83,-2.17,-0.65,0.51
2020-11-12,600741,29.33,29.32,29.75,28.64,226735,750830832.0,3.78,-0.14,-0.04,0.72
2020-11-13,600741,29.42,29.23,29.67,28.57,157267,520511712.0,3.75,-0.31,-0.09,0.5
2020-11-16,600741,29.25,29.03,29.25,28.17,165000,540550112.0,3.69,-0.68,-0.2,0.52
2020-11-17,600741,29.3,29.92,30.3,28.72,302669,1019426704.0,5.44,3.07,0.89,0.96
2020-11-18,600741,29.47,29.03,29.49,28.35,208778,687204448.0,3.81,-2.97,-0.89,0.66
2020-11-19,600741,29.3,28.96,29.91,28.67,141391,467624528.0,4.27,-0.24,-0.07,0.45
2020-11-20,600741,29.27,29.55,30.14,28.88,289062,971468432.0,4.35,2.04,0.59,0.92
2020-11-23,600741,29.04,28.96,29.42,28.27,186677,615050080.0,3.89,-2.0,-0.59,0.59
2020-11-24,600741,29.33,29.17,29.9,28.96,189783,632631904.0,3.25,0.73,0.21,0.6
2020-11-25,600741,28.97,28.1,30.05,28.09,230415,760951504.0,6.72,-3.67,-1.07,0.73
2020-11-26,600741,27.67,27.18,28.27,26.44,405392,1263153104.0,6.51,-3.27,-0.92,1.29
2020-11-27,600741,28.01,27.45,28.97,26.82,277613,881530256.0,7.91,0.99,0.27,0.88
2020-11-30,600741,27.87,27.23,28.02,26.03,221173,696459952.0,7.25,-0.8,-0.22,0.7
2020-12-01,600741,27.47,27.38,27.58,26.77,212833,662350704.0,2.97,0.55,0.15,0.68
2020-12-02,600741,27.57,26.91,27.63,26.67,191208,593322096.0,3.51,-1.72,-0.47,0.61
2020-12-03,600741,27.2,27.08,27.47,26.48,120352,374791872.0,3.68,0.63,0.17,0.38
2020-12-04,600741,27.47,26.4,27.47,26.28,145924,446673200.0,4.39,-2.51,-0.68,0.46
2020-12-07,600741,26.46,25.96,26.56,25.96,146050,440770784.0,2.27,-1.67,-0.44,0.46
2020-12-08,600741,26.25,26.47,26.76,26.0,109960,334728640.0,2.93,1.96,0.51,0.35
2020-12-09,600741,26.48,25.86,26.63,25.77,161779,489113344.0,3.25,-2.3,-0.61,0.51
2020-12-10,600741,25.76,25.34,25.86,24.96,200751,590534064.0,3.48,-2.01,-0.52,0.64
2020-12-11,600741,25.61,25.41,25.61,24.08,321277,920875792.0,6.04,0.28,0.07,1.02
2020-12-14,600741,24.95,24.97,25.07,23.62,361540,1026352928.0,5.71,-1.73,-0.44,1.15
2020-12-15,600741,24.96,25.49,25.77,24.72,164458,481829776.0,4.21,2.08,0.52,0.52
2020-12-16,600741,25.64,24.82,25.68,24.77,134928,392584736.0,3.57,-2.63,-0.67,0.43
2020-12-17,600741,25.05,24.71,25.22,24.48,172730,499060048.0,2.98,-0.44,-0.11,0.55
2020-12-18,600741,24.85,25.24,25.61,24.77,189194,553782272.0,3.4,2.14,0.53,0.6
2020-12-21,600741,25.38,24.93,25.67,24.88,299326,875850512.0,3.13,-1.23,-0.31,0.95
2020-12-22,600741,24.47,24.12,25.2,24.07,229100,653642336.0,4.53,-3.25,-0.81,0.73
2020-12-23,600741,24.27,24.97,25.44,24.11,225334,652716592.0,5.51,3.52,0.85,0.71
2020-12-24,600741,25.08,25.44,26.39,24.52,261136,770676928.0,7.49,1.88,0.47,0.83
2020-12-25,600741,25.45,25.08,25.62,24.78,166111,485099776.0,3.3,-1.42,-0.36,0.53
2020-12-28,600741,25.08,26.72,27.35,24.77,424037,1293169056.0,10.29,6.54,1.64,1.34
2020-12-29,600741,26.82,24.73,26.82,24.18,377827,1108945440.0,9.88,-7.45,-1.99,1.2
2020-12-30,600741,24.72,25.1,25.91,24.52,222552,654156480.0,5.62,1.5,0.37,0.71
2020-12-31,600741,25.24,24.79,25.7,24.28,245703,708970992.0,5.66,-1.24,-0.31,0.78
2021-01-04,600741,25.47,25.28,26.62,25.18,455729,1362133280.0,5.81,1.98,0.49,1.45
2021-01-05,600741,25.44,24.8,25.62,24.11,428145,1225559072.0,5.97,-1.9,-0.48,1.36
2021-01-06,600741,24.79,25.62,25.71,24.67,231261,679246368.0,4.19,3.31,0.82,0.73
2021-01-07,600741,25.63,26.55,26.94,24.78,421672,1253093504.0,8.43,3.63,0.93,1.34
2021-01-08,600741,26.57,28.0,28.3,26.15,401386,1264427104.0,8.1,5.46,1.45,1.27
2021-01-11,600741,28.17,28.26,29.23,27.83,339936,1107802240.0,5.0,0.93,0.26,1.08
2021-01-12,600741,28.17,28.62,28.74,27.39,232403,750613424.0,4.78,1.27,0.36,0.74
2021-01-13,600741,28.63,28.45,29.77,28.18,257537,849793728.0,5.56,-0.59,-0.17,0.82
2021-01-14,600741,28.37,26.95,28.43,26.82,207913,654871536.0,5.66,-5.27,-1.5,0.66
2021-01-15,600741,26.99,26.76,27.14,26.07,230012,704331696.0,3.97,-0.71,-0.19,0.73
2021-01-18,600741,26.17,25.82,26.57,25.12,294510,878746976.0,5.42,-3.51,-0.94,0.93
2021-01-19,600741,25.71,25.49,26.41,25.28,200855,599251504.0,4.38,-1.28,-0.33,0.64
2021-01-20,600741,25.37,26.96,27.21,25.37,227859,699110704.0,7.22,5.77,1.47,0.72
2021-01-21,600741,27.02,27.22,27.42,25.77,176250,545109600.0,6.12,0.96,0.26,0.56
2021-01-22,600741,26.96,26.72,27.0,25.93,214938,654069968.0,3.93,-1.84,-0.5,0.68
2021-01-25,600741,26.36,26.37,27.22,26.04,210389,644776432.0,4.42,-1.31,-0.35,0.67
2021-01-26,600741,26.27,26.7,27.36,26.17,155575,480274736.0,4.51,1.25,0.33,0.49
2021-01-27,600741,26.76,26.29,26.81,25.48,144550,436492160.0,4.98,-1.54,-0.41,0.46
2021-01-28,600741,25.72,25.31,26.18,25.23,148547,442266512.0,3.61,-3.73,-0.98,0.47
2021-01-29,600741,25.52,25.86,26.57,25.39,144685,434832736.0,4.66,2.17,0.55,0.46
2021-02-01,600741,25.87,25.32,26.06,25.08,141844,417770256.0,3.79,-2.09,-0.54,0.45
2021-02-02,600741,25.97,27.67,27.87,25.75,224458,700309680.0,8.37,9.28,2.35,0.71
2021-02-03,600741,27.86,27.45,28.1,27.14,149944,473286736.0,3.47,-0.8,-0.22,0.48
2021-02-04,600741,27.03,27.92,28.43,26.97,204635,653195952.0,5.32,1.71,0.47,0.65
2021-02-05,600741,27.73,27.27,28.39,26.77,183144,580540672.0,5.8,-2.33,-0.65,0.58
2021-02-08,600741,26.67,25.84,26.96,25.37,229788,689059744.0,5.83,-5.24,-1.43,0.73
2021-02-09,600741,25.92,26.09,27.17,25.77,196277,596740848.0,5.42,0.97,0.25,0.62
2021-02-10,600741,26.13,25.45,26.4,24.88,252544,744372272.0,5.83,-2.45,-0.64,0.8
2021-02-18,600741,25.67,25.67,26.52,25.59,141079,423703936.0,3.65,0.86,0.22,0.45
2021-02-19,600741,25.45,25.58,25.92,25.19,139908,414417760.0,2.84,-0.35,-0.09,0.44
2021-02-22,600741,25.69,23.16,25.69,23.09,352390,993337952.0,10.16,-9.46,-2.42,1.12
2021-02-23,600741,22.99,21.97,23.16,21.81,363780,963090992.0,5.83,-5.14,-1.19,1.15
2021-02-24,600741,22.95,22.05,22.95,21.89,215814,567169200.0,4.82,0.36,0.08,0.68
2021-02-25,600741,22.23,22.08,22.44,21.9,134694,352579184.0,2.45,0.14,0.03,0.43
2021-02-26,600741,21.85,21.77,22.09,21.23,165667,427375152.0,3.89,-1.4,-0.31,0.53
2021-03-01,600741,21.77,21.59,22.08,21.34,176859,454135152.0,3.4,-0.83,-0.18,0.56
2021-03-02,600741,21.7,21.37,22.0,21.15,192505,492465152.0,3.94,-1.02,-0.22,0.61
2021-03-03,600741,21.0,21.56,21.58,20.97,178643,452713664.0,2.85,0.89,0.19,0.57
2021-03-04,600741,21.32,20.64,21.39,20.4,186831,463617312.0,4.59,-4.27,-0.92,0.59
2021-03-05,600741,20.38,20.62,21.12,20.27,150975,373236896.0,4.12,-0.1,-0.02,0.48
2021-03-08,600741,20.72,19.82,20.93,19.7,163285,395994560.0,5.97,-3.88,-0.8,0.52
2021-03-09,600741,19.97,19.7,20.42,19.22,183828,440270736.0,6.05,-0.61,-0.12,0.58
2021-03-10,600741,20.17,20.0,20.22,19.77,134935,324261680.0,2.28,1.52,0.3,0.43
2021-03-11,600741,19.94,20.39,20.55,19.58,230644,555533408.0,4.85,1.95,0.39,0.73
2021-03-12,600741,20.33,21.42,21.65,19.59,252685,620997280.0,10.1,5.05,1.03,0.8
2021-03-15,600741,21.77,21.4,22.17,21.05,287111,739039520.0,5.23,-0.09,-0.02,0.91
2021-03-16,600741,21.41,22.2,23.83,21.4,369310,981678032.0,11.36,3.74,0.8,1.17
2021-03-17,600741,21.87,22.29,22.6,21.43,184976,485544320.0,5.27,0.41,0.09,0.59
2021-03-18,600741,22.46,22.26,22.62,22.09,125540,330587328.0,2.38,-0.13,-0.03,0.4
2021-03-19,600741,22.0,21.62,22.17,21.45,176832,454323456.0,3.23,-2.88,-0.64,0.56
2021-03-22,600741,21.6,21.66,22.25,21.48,133373,344225120.0,3.56,0.19,0.04,0.42
2021-03-23,600741,21.78,21.91,22.24,21.62,104455,270308960.0,2.86,1.15,0.25,0.33
2021-03-24,600741,21.77,21.47,21.95,20.94,121398,308740160.0,4.61,-2.01,-0.44,0.39
2021-03-25,600741,21.77,22.17,22.99,21.73,263491,695100480.0,5.87,3.26,0.7,0.84
2021-03-26,600741,22.42,22.86,23.04,22.07,206063,550982352.0,4.38,3.11,0.69,0.65
2021-03-29,600741,23.06,23.3,23.37,22.41,159754,432386560.0,4.2,1.92,0.44,0.51
2021-03-30,600741,23.17,23.53,23.82,23.04,131663,362829200.0,3.35,0.99,0.23,0.42
2021-03-31,600741,23.39,23.54,23.71,23.1,150008,412841632.0,2.59,0.04,0.01,0.48
2021-04-01,600741,23.07,23.36,23.76,22.87,106698,292491712.0,3.78,-0.76,-0.18,0.34
2021-04-02,600741,23.37,23.17,23.82,22.85,143730,392672272.0,4.15,-0.81,-0.19,0.46
2021-04-06,600741,23.18,22.6,23.41,22.42,146056,390006160.0,4.27,-2.46,-0.57,0.46
2021-04-07,600741,22.62,23.02,23.24,22.54,135608,365270144.0,3.1,1.86,0.42,0.43
2021-04-08,600741,22.82,22.97,23.23,22.47,105449,284399504.0,3.3,-0.22,-0.05,0.33
2021-04-09,600741,22.8,22.55,23.02,22.35,97816,260760921.0,2.92,-1.83,-0.42,0.31
2021-04-12,600741,22.55,22.02,22.66,21.63,135941,353475952.0,4.57,-2.35,-0.53,0.43
2021-04-13,600741,22.22,22.1,22.9,21.87,122034,321947136.0,4.68,0.36,0.08,0.39
2021-04-14,600741,21.98,22.49,22.57,21.98,67266,177400837.0,2.67,1.76,0.39,0.21
2021-04-15,600741,22.34,22.62,22.62,22.12,54129,143368833.0,2.22,0.58,0.13,0.17
2021-04-16,600741,22.64,23.45,23.52,22.61,117120,318502272.0,4.02,3.67,0.83,0.37
2021-04-19,600741,23.84,24.24,24.87,23.84,214978,610202592.0,4.39,3.37,0.79,0.68
2021-04-20,600741,24.27,24.25,24.62,23.87,155606,440293120.0,3.09,0.04,0.01,0.49
2021-04-21,600741,24.25,23.9,24.39,23.74,95121,266287868.0,2.68,-1.44,-0.35,0.3
2021-04-22,600741,23.9,23.08,24.04,22.72,156370,424805504.0,5.52,-3.43,-0.82,0.5
2021-04-23,600741,23.09,22.75,23.2,22.62,103300,277463648.0,2.51,-1.43,-0.33,0.33
2021-04-26,600741,22.79,21.65,22.87,21.56,200290,520562848.0,5.76,-4.84,-1.1,0.64
2021-04-27,600741,21.79,21.09,21.79,20.93,111104,279725264.0,3.97,-2.59,-0.56,0.35
2021-04-28,600741,21.18,21.7,21.81,20.88,107675,274842416.0,4.41,2.89,0.61,0.34
2021-04-29,600741,21.47,22.13,22.25,21.38,147410,382110832.0,4.01,1.98,0.43,0.47
2021-04-30,600741,22.13,22.09,22.32,21.81,111376,290520304.0,2.3,-0.18,-0.04,0.35
2021-05-06,600741,21.77,22.35,22.95,21.77,206310,545392640.0,5.34,1.18,0.26,0.65
2021-05-07,600741,22.43,21.86,22.49,21.71,117788,306566192.0,3.49,-2.19,-0.49,0.37
2021-05-10,600741,21.85,20.78,21.85,20.49,151088,377095504.0,6.22,-4.94,-1.08,0.48
2021-05-11,600741,20.85,20.97,21.36,20.73,118897,297615888.0,3.03,0.91,0.19,0.38
2021-05-12,600741,20.93,21.56,21.62,20.63,109621,277635552.0,4.72,2.81,0.59,0.35
2021-05-13,600741,21.19,20.36,21.47,20.27,121996,301666224.0,5.57,-5.57,-1.2,0.39
2021-05-14,600741,20.39,20.62,20.67,20.11,105785,258852156.0,2.75,1.28,0.26,0.34
2021-05-17,600741,20.68,21.17,21.51,20.63,120876,305047056.0,4.27,2.67,0.55,0.38
2021-05-18,600741,21.17,20.07,21.32,19.85,199088,483668000.0,6.94,-5.2,-1.1,0.63
2021-05-19,600741,19.98,20.32,20.43,19.92,100903,244730386.0,2.54,1.25,0.25,0.32
2021-05-20,600741,20.32,20.31,20.4,19.87,130765,316017648.0,2.61,-0.05,-0.01,0.41
2021-05-21,600741,20.29,20.03,20.45,19.89,102784,247717797.0,2.76,-1.38,-0.28,0.33
2021-05-24,600741,19.97,20.03,20.2,19.55,145158,346879504.0,3.25,0.0,0.0,0.46
2021-05-25,600741,19.89,20.4,20.54,19.74,142448,345212208.0,3.99,1.85,0.37,0.45
2021-05-26,600741,20.53,20.1,20.99,19.91,177174,431033328.0,5.29,-1.47,-0.3,0.56
2021-05-27,600741,20.11,20.12,20.17,19.89,163651,393341792.0,1.39,0.1,0.02,0.52
2021-05-28,600741,20.13,20.11,20.42,19.97,143063,346328848.0,2.24,-0.05,-0.01,0.45
2021-05-31,600741,20.11,20.5,20.56,19.8,190941,463175216.0,3.78,1.94,0.39,0.61
2021-06-01,600741,20.49,20.0,20.49,19.86,179990,433622016.0,3.07,-2.44,-0.5,0.57
2021-06-02,600741,19.97,19.92,20.15,19.84,106981,256775936.0,1.55,-0.4,-0.08,0.34
2021-06-03,600741,19.87,19.63,19.97,19.62,128571,305952992.0,1.76,-1.46,-0.29,0.41
2021-06-04,600741,19.61,19.93,20.07,19.28,164631,391211200.0,4.02,1.53,0.3,0.52
2021-06-07,600741,19.99,20.83,20.91,19.93,266146,652466816.0,4.92,4.52,0.9,0.84
2021-06-08,600741,20.85,21.14,21.55,20.67,215366,543036384.0,4.22,1.49,0.31,0.68
2021-06-09,600741,21.1,20.96,21.45,20.85,121750,306029056.0,2.84,-0.85,-0.18,0.39
2021-06-10,600741,20.93,21.11,21.47,20.87,114102,288266080.0,2.86,0.72,0.15,0.36
2021-06-11,600741,21.12,21.26,21.61,20.94,146125,369241552.0,3.17,0.71,0.15,0.46
2021-06-15,600741,21.2,22.12,22.4,21.15,274983,712873696.0,5.88,4.05,0.86,0.87
2021-06-16,600741,21.92,21.66,21.92,21.24,160365,409772544.0,3.07,-2.08,-0.46,0.51
2021-06-17,600741,21.96,20.78,21.97,20.68,171688,430927728.0,5.96,-4.06,-0.88,0.54
2021-06-18,600741,20.91,21.73,21.89,20.7,188475,479421216.0,5.73,4.57,0.95,0.6
2021-06-21,600741,21.66,21.56,22.39,21.19,159556,409688144.0,5.52,-0.78,-0.17,0.51
2021-06-22,600741,21.27,21.45,21.69,21.08,130597,331221680.0,2.83,-0.51,-0.11,0.41
2021-06-23,600741,21.36,22.51,23.14,21.31,281449,746982816.0,8.53,4.94,1.06,0.89
2021-06-24,600741,22.62,22.23,22.77,22.0,180505,475526336.0,3.42,-1.24,-0.28,0.57
2021-06-25,600741,22.31,22.93,23.44,22.22,241836,650735792.0,5.49,3.15,0.7,0.77
2021-06-28,600741,22.81,23.57,24.14,22.81,216435,600517472.0,5.8,2.79,0.64,0.69
2021-06-29,600741,23.72,21.96,23.72,21.85,256836,677941088.0,7.93,-6.83,-1.61,0.81
2021-06-30,600741,21.96,22.24,22.75,21.42,182111,474159696.0,6.06,1.28,0.28,0.58
2021-07-01,600741,22.13,21.8,22.29,21.58,101896,263957014.0,3.19,-1.98,-0.44,0.32
2021-07-02,600741,22.07,21.33,22.16,21.18,139994,359989984.0,4.5,-2.16,-0.47,0.44
2021-07-05,600741,21.34,20.27,21.43,20.03,214701,525379216.0,6.56,-4.97,-1.06,0.68
2021-07-06,600741,20.23,20.45,21.06,20.13,202588,498378496.0,4.59,0.89,0.18,0.64
2021-07-07,600741,20.2,20.2,20.44,19.99,203343,492703952.0,2.2,-1.22,-0.25,0.64
2021-07-08,600741,20.23,20.23,20.51,20.07,164691,399906768.0,2.18,0.15,0.03,0.52
2021-07-09,600741,20.17,19.67,20.17,19.48,260621,618704464.0,3.41,-2.77,-0.56,0.83
2021-07-12,600741,19.87,20.16,20.43,19.64,198190,478432848.0,4.02,2.49,0.49,0.63
2021-07-13,600741,20.17,20.23,20.52,19.95,152012,368400880.0,2.83,0.35,0.07,0.48
2021-07-14,600741,20.17,19.78,20.17,19.57,156681,372555600.0,2.97,-2.22,-0.45,0.5
2021-07-15,600741,19.67,18.56,19.7,17.97,507144,1139833008.0,8.75,-6.17,-1.22,1.61
2021-07-16,600741,18.27,18.62,18.85,18.23,160413,364169936.0,3.34,0.32,0.06,0.51
2021-07-19,600741,18.47,18.76,18.77,18.01,180675,404890576.0,4.08,0.75,0.14,0.57
2021-07-20,600741,18.77,18.28,18.77,18.09,127672,285449920.0,3.62,-2.56,-0.48,0.4
2021-07-21,600741,18.23,18.28,18.56,18.22,125444,280826224.0,1.86,0.0,0.0,0.4
2021-07-22,600741,18.38,18.16,18.45,18.1,184984,411756544.0,1.91,-0.66,-0.12,0.59
2021-07-23,600741,18.37,17.82,18.37,17.68,203372,445508384.0,3.8,-1.87,-0.34,0.65
2021-07-26,600741,17.83,17.07,17.86,16.87,173259,368108304.0,5.56,-4.21,-0.75,0.55
2021-07-27,600741,17.31,16.66,17.31,16.33,182025,379817136.0,5.74,-2.4,-0.41,0.58
2021-07-28,600741,16.38,15.92,16.65,15.8,218537,437179600.0,5.1,-4.44,-0.74,0.69
2021-07-29,600741,16.17,15.83,16.25,15.67,238614,474920688.0,3.64,-0.57,-0.09,0.76
2021-07-30,600741,15.99,16.03,16.33,15.57,179689,346063472.0,4.8,1.26,0.2,0.57
2021-08-02,600741,16.19,17.59,17.59,16.03,284914,578382352.0,9.73,9.73,1.56,0.9
2021-08-03,600741,17.59,17.83,18.08,17.22,269934,567441808.0,4.89,1.36,0.24,0.86
2021-08-04,600741,17.91,18.29,18.4,17.77,182067,390904608.0,3.53,2.58,0.46,0.58
2021-08-05,600741,18.29,18.43,18.97,18.2,225390,490994528.0,4.21,0.77,0.14,0.71
2021-08-06,600741,18.43,18.52,18.69,18.07,165139,357683680.0,3.36,0.49,0.09,0.52
2021-08-09,600741,18.53,18.29,19.02,18.12,220773,480029088.0,4.86,-1.24,-0.23,0.7
2021-08-10,600741,18.19,18.37,18.44,17.95,202096,433620432.0,2.68,0.44,0.08,0.64
2021-08-11,600741,18.23,18.28,18.82,18.16,182897,395686352.0,3.59,-0.49,-0.09,0.58
2021-08-12,600741,18.29,18.79,19.01,18.15,222846,488497072.0,4.7,2.79,0.51,0.71
2021-08-13,600741,18.72,18.56,18.92,18.46,190240,416578544.0,2.45,-1.22,-0.23,0.6
2021-08-16,600741,18.51,18.73,19.0,18.5,140068,308655104.0,2.69,0.92,0.17,0.44
2021-08-17,600741,18.67,18.02,18.87,17.87,181396,391407696.0,5.34,-3.79,-0.71,0.58
2021-08-18,600741,18.23,18.41,18.46,17.87,158710,340706112.0,3.27,2.16,0.39,0.5
2021-08-19,600741,18.32,17.83,18.61,17.77,228458,486724080.0,4.56,-3.15,-0.58,0.72
2021-08-20,600741,18.03,17.84,18.12,17.32,232110,488137040.0,4.49,0.06,0.01,0.74
2021-08-23,600741,18.02,18.83,19.02,17.87,246664,537270800.0,6.45,5.55,0.99,0.78
2021-08-24,600741,18.83,18.54,18.88,18.45,125102,273523856.0,2.28,-1.54,-0.29,0.4
2021-08-25,600741,18.54,18.65,18.98,18.33,154528,339435280.0,3.51,0.59,0.11,0.49
2021-08-26,600741,19.22,17.93,19.4,17.82,295311,638576032.0,8.47,-3.86,-0.72,0.94
2021-08-27,600741,17.87,19.37,19.57,17.82,415697,927001744.0,9.76,8.03,1.44,1.32
2021-08-30,600741,19.45,19.58,19.85,19.17,299712,682033344.0,3.51,1.08,0.21,0.95
2021-08-31,600741,19.67,19.92,19.95,19.04,305184,697169456.0,4.65,1.74,0.34,0.97
2021-09-01,600741,20.03,20.49,21.45,19.66,337868,807281424.0,8.99,2.86,0.57,1.07
2021-09-02,600741,20.27,20.45,20.51,19.92,170088,399657648.0,2.88,-0.2,-0.04,0.54
2021-09-03,600741,20.28,19.54,20.29,19.42,265470,608872000.0,4.25,-4.45,-0.91,0.84
2021-09-06,600741,19.53,19.76,20.15,19.43,156000,360666528.0,3.68,1.13,0.22,0.49
2021-09-07,600741,19.92,21.74,22.06,19.91,652538,1622188960.0,10.88,10.02,1.98,2.07
2021-09-08,600741,21.32,21.17,21.51,21.04,315647,773361728.0,2.16,-2.62,-0.57,1.0
2021-09-09,600741,21.05,20.92,21.72,20.44,249153,603755632.0,6.05,-1.18,-0.25,0.79
2021-09-10,600741,21.21,21.2,21.37,20.78,197485,482101712.0,2.82,1.34,0.28,0.63
2021-09-13,600741,21.16,21.19,21.4,20.72,171028,417123040.0,3.21,-0.05,-0.01,0.54
2021-09-14,600741,21.19,20.15,21.22,20.04,198951,473155392.0,5.57,-4.91,-1.04,0.63
2021-09-15,600741,20.02,20.27,20.39,19.77,127835,297976848.0,3.08,0.6,0.12,0.41
2021-09-16,600741,19.97,19.69,20.42,19.42,141318,325566624.0,4.93,-2.86,-0.58,0.45
2021-09-17,600741,19.72,19.84,19.84,19.28,87949,200538670.0,2.84,0.76,0.15,0.28
2021-09-22,600741,19.42,19.4,19.69,18.83,139615,313311312.0,4.33,-2.22,-0.44,0.44
2021-09-23,600741,19.44,19.42,19.76,19.25,121412,276486832.0,2.63,0.1,0.02,0.39
2021-09-24,600741,19.55,19.72,20.1,19.44,140551,323850720.0,3.4,1.54,0.3,0.45
2021-09-27,600741,19.81,19.75,20.17,19.52,106715,245964974.0,3.3,0.15,0.03,0.34
2021-09-28,600741,19.61,19.77,19.86,19.52,105455,241864861.0,1.72,0.1,0.02,0.33
2021-09-29,600741,19.7,19.62,19.73,19.19,99425,226582638.0,2.73,-0.76,-0.15,0.32
2021-09-30,600741,19.62,19.54,19.82,19.43,92692,212063251.0,1.99,-0.41,-0.08,0.29
2021-10-08,600741,19.55,20.25,20.53,19.55,176444,413595568.0,5.02,3.63,0.71,0.56
2021-10-11,600741,20.27,20.66,21.07,20.27,195613,467229552.0,3.95,2.02,0.41,0.62
2021-10-12,600741,20.52,20.67,21.14,20.34,203001,489510544.0,3.87,0.05,0.01,0.64
2021-10-13,600741,20.86,21.72,22.01,20.52,345151,859744176.0,7.21,5.08,1.05,1.09
2021-10-14,600741,21.72,21.64,22.56,21.53,201094,505918496.0,4.74,-0.37,-0.08,0.64
2021-10-15,600741,21.72,22.7,22.96,21.33,330812,847115504.0,7.53,4.9,1.06,1.05
2021-10-18,600741,22.75,22.85,23.1,22.32,199744,519484976.0,3.44,0.66,0.15,0.63
2021-10-19,600741,22.72,23.55,24.05,22.39,276652,741675152.0,7.26,3.06,0.7,0.88
2021-10-20,600741,23.3,23.0,23.51,22.74,173092,455326800.0,3.27,-2.34,-0.55,0.55
2021-10-21,600741,22.73,23.12,23.45,22.65,137389,362203296.0,3.48,0.52,0.12,0.44
2021-10-22,600741,23.13,23.68,24.0,23.05,175418,473284240.0,4.11,2.42,0.56,0.56
2021-10-25,600741,23.58,24.0,24.18,23.08,149342,403560752.0,4.65,1.35,0.32,0.47
2021-10-26,600741,24.27,24.51,24.81,23.98,173193,480652288.0,3.46,2.13,0.51,0.55
2021-10-27,600741,24.25,24.24,24.41,23.82,123617,338379456.0,2.41,-1.1,-0.27,0.39
2021-10-28,600741,24.1,23.97,24.28,23.52,147860,400063104.0,3.14,-1.11,-0.27,0.47
2021-10-29,600741,23.9,23.46,24.18,23.0,205870,549909232.0,4.92,-2.13,-0.51,0.65
2021-11-01,600741,23.55,22.72,23.55,22.3,277414,718896400.0,5.33,-3.15,-0.74,0.88
2021-11-02,600741,22.71,22.57,23.07,21.95,216828,558594592.0,4.93,-0.66,-0.15,0.69
2021-11-03,600741,22.56,22.6,22.8,22.22,105254,271254656.0,2.57,0.13,0.03,0.33
2021-11-04,600741,22.81,23.2,23.37,22.52,192536,507042304.0,3.76,2.65,0.6,0.61
2021-11-05,600741,23.27,23.81,25.0,23.04,202489,555004608.0,8.45,2.63,0.61,0.64
2021-11-08,600741,23.82,23.29,24.39,23.07,152710,408869600.0,5.54,-2.18,-0.52,0.48
2021-11-09,600741,23.09,23.46,23.99,22.89,191987,514419600.0,4.72,0.73,0.17,0.61
2021-11-10,600741,23.29,23.58,23.72,22.93,130569,348455888.0,3.37,0.51,0.12,0.41
2021-11-11,600741,23.49,22.8,23.57,22.52,144827,378466016.0,4.45,-3.31,-0.78,0.46
2021-11-12,600741,23.08,22.54,23.08,22.16,133135,343436608.0,4.04,-1.14,-0.26,0.42
2021-11-15,600741,22.67,23.46,24.8,22.67,314867,856849776.0,9.45,4.08,0.92,1.0
2021-11-16,600741,23.14,23.3,23.64,22.31,181398,478784464.0,5.67,-0.68,-0.16,0.58
2021-11-17,600741,23.5,22.48,23.61,22.32,161699,418242112.0,5.54,-3.52,-0.82,0.51
2021-11-18,600741,22.58,21.42,22.68,21.38,267727,670568816.0,5.78,-4.72,-1.06,0.85
2021-11-19,600741,21.52,22.81,22.92,21.48,223778,574837264.0,6.72,6.49,1.39,0.71
2021-11-22,600741,22.85,23.42,23.79,22.81,221326,589438656.0,4.3,2.67,0.61,0.7
2021-11-23,600741,23.66,22.68,23.7,22.21,230200,598462624.0,6.36,-3.16,-0.74,0.73
2021-11-24,600741,22.67,22.39,22.67,21.87,142525,363218480.0,3.53,-1.28,-0.29,0.45
2021-11-25,600741,22.27,22.72,23.0,21.94,147639,381180672.0,4.73,1.47,0.33,0.47
2021-11-26,600741,22.59,21.96,22.59,21.88,111336,282639968.0,3.13,-3.35,-0.76,0.35
2021-11-29,600741,21.52,22.1,22.1,21.28,163418,407923904.0,3.73,0.64,0.14,0.52
2021-11-30,600741,22.12,22.52,22.72,21.92,161527,414822160.0,3.62,1.9,0.42,0.51
2021-12-01,600741,22.43,22.27,23.02,22.04,143496,368182624.0,4.35,-1.11,-0.25,0.46
2021-12-02,600741,22.4,23.81,24.83,22.3,495379,1351573392.0,11.36,6.92,1.54,1.57
2021-12-03,600741,23.66,23.06,23.79,22.62,350691,924512592.0,4.91,-3.15,-0.75,1.11
2021-12-06,600741,23.06,24.27,24.98,22.97,378441,1043106448.0,8.72,5.25,1.21,1.2
2021-12-07,600741,25.06,25.67,27.03,24.95,831273,2446826624.0,8.57,5.77,1.4,2.64
2021-12-08,600741,25.91,26.49,27.21,25.03,569151,1695838288.0,8.49,3.19,0.82,1.81
2021-12-09,600741,26.16,25.22,26.65,25.02,448147,1288855136.0,6.15,-4.79,-1.27,1.42
2021-12-10,600741,25.33,24.83,25.33,24.22,388466,1080699920.0,4.4,-1.55,-0.39,1.23
2021-12-13,600741,24.39,24.2,24.68,24.05,273064,752857760.0,2.54,-2.54,-0.63,0.87
2021-12-14,600741,23.97,23.9,24.13,23.57,203992,553242752.0,2.31,-1.24,-0.3,0.65
2021-12-15,600741,23.86,24.24,24.39,23.79,204644,562540816.0,2.51,1.42,0.34,0.65
2021-12-16,600741,24.08,24.27,24.41,23.62,165749,452703104.0,3.26,0.12,0.03,0.53
2021-12-17,600741,24.03,23.93,24.53,23.62,157438,428587664.0,3.75,-1.4,-0.34,0.5
2021-12-20,600741,23.87,23.15,23.99,23.05,188322,503435424.0,3.93,-3.26,-0.78,0.6
2021-12-21,600741,23.04,23.6,23.72,23.02,110648,296259200.0,3.02,1.94,0.45,0.35
2021-12-22,600741,23.59,23.68,24.01,23.42,106316,286519904.0,2.5,0.34,0.08,0.34
2021-12-23,600741,23.84,24.87,25.22,23.5,269877,753936816.0,7.26,5.03,1.19,0.86
2021-12-24,600741,25.01,24.56,25.1,24.41,114679,320444576.0,2.77,-1.25,-0.31,0.36
2021-12-27,600741,24.52,25.09,25.67,24.24,115160,325974400.0,5.82,2.16,0.53,0.37
2021-12-28,600741,24.97,24.66,25.29,24.22,178338,497805312.0,4.26,-1.71,-0.43,0.57
2021-12-29,600741,24.56,24.96,25.2,23.81,153572,426602720.0,5.64,1.22,0.3,0.49
2021-12-30,600741,24.72,24.84,24.95,24.5,103054,289173648.0,1.8,-0.48,-0.12,0.33
2021-12-31,600741,24.99,25.02,25.47,24.68,137618,390160192.0,3.18,0.72,0.18,0.44
2022-01-04,600741,25.0,25.71,25.82,24.82,176544,506963584.0,4.0,2.76,0.69,0.56
2022-01-05,600741,25.62,24.72,26.25,24.44,207312,587584464.0,7.04,-3.85,-0.99,0.66
2022-01-06,600741,24.38,23.95,24.62,23.84,143129,391481200.0,3.16,-3.11,-0.77,0.45
2022-01-07,600741,23.87,24.64,25.27,23.87,168412,471252192.0,5.85,2.88,0.69,0.53
2022-01-10,600741,24.72,25.05,25.22,24.33,125656,353076336.0,3.61,1.66,0.41,0.4
2022-01-11,600741,25.08,25.22,25.38,24.82,121043,344245424.0,2.24,0.68,0.17,0.38
2022-01-12,600741,24.92,24.87,25.23,24.55,128884,362226448.0,2.7,-1.39,-0.35,0.41
2022-01-13,600741,24.93,25.33,25.9,24.84,191597,550623536.0,4.26,1.85,0.46,0.61
2022-01-14,600741,25.32,25.05,25.77,24.42,130445,370605920.0,5.33,-1.11,-0.28,0.41
2022-01-17,600741,24.88,26.03,26.6,24.8,219124,641124048.0,7.19,3.91,0.98,0.7
2022-01-18,600741,26.05,26.6,26.78,25.85,149878,446422800.0,3.57,2.19,0.57,0.48
2022-01-19,600741,26.43,25.91,26.77,25.72,127657,375198112.0,3.95,-2.59,-0.69,0.4
2022-01-20,600741,25.99,26.55,26.77,25.62,139867,414554832.0,4.44,2.47,0.64,0.44
2022-01-21,600741,26.57,25.78,26.67,25.27,176814,512412208.0,5.27,-2.9,-0.77,0.56
2022-01-24,600741,25.52,25.62,26.48,25.3,126434,368117120.0,4.58,-0.62,-0.16,0.4
2022-01-25,600741,25.59,24.72,25.59,24.67,131447,372477696.0,3.59,-3.51,-0.9,0.42
2022-01-26,600741,24.72,25.23,25.48,24.52,83093,235995034.0,3.88,2.06,0.51,0.26
2022-01-27,600741,25.09,24.72,25.12,24.59,98335,276068624.0,2.1,-2.02,-0.51,0.31
2022-01-28,600741,24.76,24.21,24.82,23.47,154188,422122944.0,5.46,-2.06,-0.51,0.49
2022-02-07,600741,24.72,25.22,25.61,24.53,102337,291814448.0,4.46,4.17,1.01,0.32
2022-02-08,600741,25.22,24.55,25.22,24.25,116998,324898800.0,3.85,-2.66,-0.67,0.37
2022-02-09,600741,24.54,24.41,24.69,23.92,100949,277485008.0,3.14,-0.57,-0.14,0.32
2022-02-10,600741,24.36,23.74,24.47,23.38,128671,347789360.0,4.47,-2.74,-0.67,0.41
2022-02-11,600741,23.6,23.37,24.29,23.18,96429,259941595.0,4.68,-1.56,-0.37,0.31
2022-02-14,600741,23.26,23.0,23.27,22.42,91926,240519533.0,3.64,-1.58,-0.37,0.29
2022-02-15,600741,23.12,23.29,23.63,22.98,71850,190975085.0,2.83,1.26,0.29,0.23
2022-02-16,600741,23.42,23.53,24.28,23.39,53964,145423721.0,3.82,1.03,0.24,0.17
2022-02-17,600741,23.52,23.3,23.65,23.13,53921,143298711.0,2.21,-0.98,-0.23,0.17
2022-02-18,600741,23.12,23.41,23.44,22.94,36833,97601588.0,2.15,0.47,0.11,0.12
2022-02-21,600741,23.4,22.97,23.4,22.78,68222,178947392.0,2.65,-1.88,-0.44,0.22
2022-02-22,600741,22.74,22.36,22.94,22.15,102766,263309884.0,3.44,-2.66,-0.61,0.33
2022-02-23,600741,22.5,22.43,22.59,21.96,139796,357434832.0,2.82,0.31,0.07,0.44
2022-02-24,600741,22.44,21.9,22.71,21.62,109688,278315664.0,4.86,-2.36,-0.53,0.35
2022-02-25,600741,22.07,22.25,22.37,22.07,94019,239409182.0,1.37,1.6,0.35,0.3
2022-02-28,600741,22.1,22.08,22.22,21.64,65910,166258636.0,2.61,-0.76,-0.17,0.21
2022-03-01,600741,22.08,22.15,22.48,21.93,53751,136834832.0,2.49,0.32,0.07,0.17
2022-03-02,600741,22.05,21.78,22.38,21.69,63644,160225228.0,3.12,-1.67,-0.37,0.2
2022-03-03,600741,21.92,20.76,21.97,20.62,220203,534606672.0,6.2,-4.68,-1.02,0.7
2022-03-04,600741,20.67,20.57,20.78,20.27,114376,272264256.0,2.46,-0.92,-0.19,0.36
2022-03-07,600741,20.04,19.52,20.31,19.32,151254,346912960.0,4.81,-5.1,-1.05,0.48
2022-03-08,600741,19.57,18.86,19.6,18.72,136269,305211488.0,4.51,-3.38,-0.66,0.43
2022-03-09,600741,18.75,18.19,19.19,17.5,155144,334581472.0,8.96,-3.55,-0.67,0.49
2022-03-10,600741,18.65,18.32,18.8,18.17,156161,338513904.0,3.46,0.71,0.13,0.5
2022-03-11,600741,17.97,18.28,18.37,17.52,212309,448935408.0,4.64,-0.22,-0.04,0.67
2022-03-14,600741,17.83,17.3,18.01,17.29,191837,400290992.0,3.94,-5.36,-0.98,0.61
2022-03-15,600741,16.98,16.07,17.3,15.98,231342,459880160.0,7.63,-7.11,-1.23,0.73
2022-03-16,600741,16.36,16.87,17.18,15.82,244331,483737408.0,8.46,4.98,0.8,0.77
2022-03-17,600741,17.22,17.76,18.1,17.17,322268,677117152.0,5.51,5.28,0.89,1.02
2022-03-18,600741,17.65,18.17,18.29,17.55,211864,449968608.0,4.17,2.31,0.41,0.67
2022-03-21,600741,18.22,18.21,18.4,17.8,138949,297019184.0,3.3,0.22,0.04,0.44
2022-03-22,600741,18.16,18.16,18.29,17.85,117788,252067375.0,2.42,-0.27,-0.05,0.37
2022-03-23,600741,18.22,18.01,18.37,17.93,98266,210128757.0,2.42,-0.83,-0.15,0.31
2022-03-24,600741,17.91,17.8,17.98,17.61,91720,193234059.0,2.05,-1.17,-0.21,0.29
2022-03-25,600741,17.95,17.55,17.95,17.54,90288,189659071.0,2.3,-1.4,-0.25,0.29
2022-03-28,600741,17.45,17.51,17.68,16.97,87080,179636298.0,4.05,-0.23,-0.04,0.28
2022-03-29,600741,17.62,17.16,17.62,17.09,75656,155583857.0,3.03,-2.0,-0.35,0.24
2022-03-30,600741,17.38,17.28,17.57,16.94,195785,401460608.0,3.67,0.7,0.12,0.62
2022-03-31,600741,17.22,16.67,17.22,16.6,173271,347965936.0,3.59,-3.53,-0.61,0.55
2022-04-01,600741,16.52,17.19,17.26,16.4,196644,397623632.0,5.16,3.12,0.52,0.62
2022-04-06,600741,17.12,16.33,17.12,16.21,253276,499407552.0,5.29,-5.0,-0.86,0.8
2022-04-07,600741,16.2,15.88,16.48,15.83,144431,280061072.0,3.98,-2.76,-0.45,0.46
2022-04-08,600741,15.95,16.08,16.16,15.76,125474,241528428.0,2.52,1.26,0.2,0.4
2022-04-11,600741,15.85,15.38,15.86,15.18,146482,274650080.0,4.23,-4.35,-0.7,0.46
2022-04-12,600741,15.37,15.65,15.69,15.09,112268,210339226.0,3.9,1.76,0.27,0.36
2022-04-13,600741,15.54,15.38,15.69,15.37,87752,164723455.0,2.04,-1.73,-0.27,0.28
2022-04-14,600741,15.59,15.72,15.77,15.45,95817,181612594.0,2.08,2.21,0.34,0.3
2022-04-15,600741,15.61,16.82,17.02,15.42,305979,601899392.0,10.18,7.0,1.1,0.97
2022-04-18,600741,16.72,16.92,17.09,16.52,198397,399073872.0,3.39,0.59,0.1,0.63
2022-04-19,600741,16.72,16.23,16.87,16.12,170951,335868016.0,4.43,-4.08,-0.69,0.54
2022-04-20,600741,16.11,16.08,16.75,15.92,121948,239014245.0,5.11,-0.92,-0.15,0.39
2022-04-21,600741,16.03,15.57,16.11,15.52,107910,205894677.0,3.67,-3.17,-0.51,0.34
2022-04-22,600741,15.58,15.71,15.87,15.15,140590,264896155.0,4.62,0.9,0.14,0.45
2022-04-25,600741,15.35,14.66,15.7,14.66,116994,216034152.0,6.62,-6.68,-1.05,0.37
2022-04-26,600741,14.71,14.03,14.86,13.97,120095,212416156.0,6.07,-4.3,-0.63,0.38
2022-04-27,600741,13.75,14.78,14.87,13.74,133013,234381338.0,8.05,5.35,0.75,0.42
2022-04-28,600741,14.72,15.5,15.81,14.62,188476,350288576.0,8.05,4.87,0.72,0.6
2022-04-29,600741,15.79,16.32,16.62,15.77,194013,378584640.0,5.48,5.29,0.82,0.62
2022-05-05,600741,16.74,16.95,17.15,16.35,210993,423390912.0,4.9,3.86,0.63,0.67
2022-05-06,600741,16.42,16.52,17.0,16.33,119301,237864464.0,3.95,-2.54,-0.43,0.38
2022-05-09,600741,16.47,15.87,16.47,15.8,89678,173090128.0,4.06,-3.93,-0.65,0.28
2022-05-10,600741,15.6,16.2,16.46,15.12,164155,315915984.0,8.44,2.08,0.33,0.52
2022-05-11,600741,16.25,17.02,17.47,16.12,209823,425323424.0,8.33,5.06,0.82,0.67
2022-05-12,600741,16.84,16.76,17.09,16.66,91093,182940873.0,2.53,-1.53,-0.26,0.29
2022-05-13,600741,16.77,17.55,17.55,16.77,208884,428602128.0,4.65,4.71,0.79,0.66
2022-05-16,600741,17.63,17.03,17.7,16.98,140426,287335712.0,4.1,-2.96,-0.52,0.45
2022-05-17,600741,17.18,17.34,17.64,16.85,155212,319415760.0,4.64,1.82,0.31,0.49
2022-05-18,600741,17.46,17.19,17.56,16.87,164157,335545696.0,3.98,-0.87,-0.15,0.52
2022-05-19,600741,16.82,16.94,17.0,16.61,132161,265837913.0,2.27,-1.45,-0.25,0.42
2022-05-20,600741,17.12,16.92,17.41,16.79,189734,384228688.0,3.66,-0.12,-0.02,0.6
2022-05-23,600741,16.98,17.5,17.62,16.88,194620,400083664.0,4.37,3.43,0.58,0.62
2022-05-24,600741,18.72,18.51,19.58,18.32,611797,1374096112.0,7.2,5.77,1.01,1.94
2022-05-25,600741,18.07,18.9,19.02,17.66,326178,706054384.0,7.35,2.11,0.39,1.03
2022-05-26,600741,18.85,18.49,18.85,17.93,198723,430617616.0,4.87,-2.17,-0.41,0.63
2022-05-27,600741,18.58,17.99,18.61,17.81,166628,357533152.0,4.33,-2.7,-0.5,0.53
2022-05-30,600741,18.38,19.07,19.42,18.13,265550,588395840.0,7.17,6.0,1.08,0.84
2022-05-31,600741,18.94,18.77,19.47,18.73,217461,484237520.0,3.88,-1.57,-0.3,0.69
2022-06-01,600741,19.22,19.92,20.33,19.22,328731,760426320.0,5.91,6.13,1.15,1.04
2022-06-02,600741,19.92,20.22,20.32,19.51,214930,500752912.0,4.07,1.51,0.3,0.68
2022-06-06,600741,20.2,19.87,20.32,19.64,210346,488558736.0,3.36,-1.73,-0.35,0.67
2022-06-07,600741,19.99,19.37,19.99,18.9,251072,567097248.0,5.49,-2.52,-0.5,0.8
2022-06-08,600741,19.74,19.27,19.75,18.81,210101,470923968.0,4.85,-0.52,-0.1,0.67
2022-06-09,600741,19.07,18.68,19.33,18.53,120205,265336800.0,4.15,-3.06,-0.59,0.38
2022-06-10,600741,18.71,19.32,19.52,18.57,196385,439391968.0,5.09,3.43,0.64,0.62
2022-06-13,600741,19.03,19.36,19.96,18.72,227721,518516512.0,6.42,0.21,0.04,0.72
2022-06-14,600741,19.07,20.65,20.7,19.0,304346,706488704.0,8.78,6.66,1.29,0.97
2022-06-15,600741,20.53,20.39,21.77,20.34,417957,1015574448.0,6.92,-1.26,-0.26,1.33
2022-06-16,600741,20.22,19.49,20.61,19.33,212253,490497808.0,6.28,-4.41,-0.9,0.67
2022-06-17,600741,19.24,19.85,20.15,19.1,188638,433920384.0,5.39,1.85,0.36,0.6
2022-06-20,600741,20.01,20.08,20.4,19.85,160453,375213168.0,2.77,1.16,0.23,0.51
2022-06-21,600741,20.0,19.95,20.21,19.75,126658,294286816.0,2.29,-0.65,-0.13,0.4
2022-06-22,600741,19.97,19.93,20.56,19.81,148566,349608816.0,3.76,-0.1,-0.02,0.47
2022-06-23,600741,19.97,21.61,21.78,19.97,344292,843059392.0,9.08,8.43,1.68,1.09
2022-06-24,600741,21.6,22.12,22.21,21.12,282098,708043040.0,5.04,2.36,0.51,0.89
2022-06-27,600741,22.12,21.83,22.49,21.64,188874,476533120.0,3.84,-1.31,-0.29,0.6
2022-06-28,600741,21.72,21.78,21.96,20.95,260898,645393568.0,4.63,-0.23,-0.05,0.83
2022-06-29,600741,21.72,20.34,21.87,20.3,345404,834685216.0,7.21,-6.61,-1.44,1.1
2022-06-30,600741,20.36,19.72,20.78,19.43,314436,727156080.0,6.64,-3.05,-0.62,1.0
2022-07-01,600741,19.71,19.37,19.81,19.22,199076,451447312.0,2.99,-1.77,-0.35,0.63
2022-07-04,600741,19.07,18.93,19.2,18.62,237688,526381760.0,2.99,-2.27,-0.44,0.75
2022-07-05,600741,19.0,18.53,19.18,18.33,192940,422249024.0,4.49,-2.11,-0.4,0.61
2022-07-06,600741,18.59,18.78,19.02,18.47,166731,366830704.0,2.97,1.35,0.25,0.53
2022-07-07,600741,18.57,19.55,19.62,18.52,216464,488882448.0,5.86,4.1,0.77,0.69
2022-07-08,600741,19.77,19.75,20.38,19.72,249584,581049392.0,3.38,1.02,0.2,0.79
2022-07-11,600741,19.51,18.62,19.59,18.45,209344,461797392.0,5.77,-5.72,-1.13,0.66
2022-07-12,600741,18.71,18.54,19.16,18.41,167806,369739894.0,4.03,-0.43,-0.08,0.53
2022-07-13,600741,18.54,18.32,18.69,18.17,161893,350475180.0,2.8,-1.19,-0.22,0.51
2022-07-14,600741,18.36,18.02,18.44,17.93,174848,374549907.0,2.78,-1.64,-0.3,0.55
2022-07-15,600741,18.19,18.67,19.35,18.07,252086,536266787.0,7.1,3.61,0.65,0.8
2022-07-18,600741,18.77,19.11,19.14,18.62,134417,286809685.0,2.79,2.36,0.44,0.43
2022-07-19,600741,19.21,19.03,19.92,18.88,203846,442774360.0,5.44,-0.42,-0.08,0.65
2022-07-20,600741,19.17,18.75,19.22,18.58,164859,349897637.0,3.36,-1.47,-0.28,0.52
2022-07-21,600741,18.67,18.75,19.09,18.27,168976,357096395.0,4.37,0.0,0.0,0.54
2022-07-22,600741,18.75,18.92,19.32,18.68,153269,327996348.0,3.41,0.91,0.17,0.49
2022-07-25,600741,18.92,18.49,18.93,18.3,143418,300101559.0,3.33,-2.27,-0.43,0.45
2022-07-26,600741,18.49,18.8,18.92,18.31,102644,216799135.0,3.3,1.68,0.31,0.33
2022-07-27,600741,18.72,18.94,18.98,18.48,117390,249128166.0,2.66,0.74,0.14,0.37
2022-07-28,600741,19.04,18.82,19.14,18.8,122453,261887993.0,1.8,-0.63,-0.12,0.39
2022-07-29,600741,18.9,19.5,19.82,18.8,274035,596952702.0,5.42,3.61,0.68,0.87
2022-08-01,600741,19.57,19.17,19.58,18.69,235051,503836894.0,4.56,-1.69,-0.33,0.75
2022-08-02,600741,18.87,18.31,18.87,17.91,197474,409516964.0,5.01,-4.49,-0.86,0.63
2022-08-03,600741,18.42,18.32,19.34,18.13,229183,485931410.0,6.61,0.05,0.01,0.73
2022-08-04,600741,18.42,17.85,18.57,17.69,214112,436716819.0,4.8,-2.57,-0.47,0.68
2022-08-05,600741,17.97,18.19,18.25,17.75,125646,256849559.0,2.8,1.9,0.34,0.4
2022-08-08,600741,18.19,18.23,18.36,17.9,120043,247419329.0,2.53,0.22,0.04,0.38
2022-08-09,600741,18.27,17.99,18.47,17.86,166934,342685420.0,3.35,-1.32,-0.24,0.53
2022-08-10,600741,17.88,17.73,18.44,17.62,192450,391590084.0,4.56,-1.45,-0.26,0.61
2022-08-11,600741,17.84,18.12,18.16,17.54,167696,339590921.0,3.5,2.2,0.39,0.53
2022-08-12,600741,18.01,18.0,18.2,17.86,93786,191584533.0,1.88,-0.66,-0.12,0.3
2022-08-15,600741,17.92,18.0,18.35,17.8,115115,235659991.0,3.06,0.0,0.0,0.37
2022-08-16,600741,17.9,17.87,18.28,17.77,167146,341810206.0,2.83,-0.72,-0.13,0.53
2022-08-17,600741,17.82,18.24,18.32,17.79,186396,382440152.0,2.97,2.07,0.37,0.59
2022-08-18,600741,18.12,18.08,18.38,17.95,126463,259653615.0,2.36,-0.88,-0.16,0.4
2022-08-19,600741,18.08,17.79,18.09,17.76,127009,257676169.0,1.83,-1.6,-0.29,0.4
2022-08-22,600741,17.77,18.05,18.11,17.55,118049,239897790.0,3.15,1.46,0.26,0.37
2022-08-23,600741,17.94,18.09,18.2,17.91,87889,180115036.0,1.61,0.22,0.04,0.28
2022-08-24,600741,18.02,17.33,18.22,17.27,180996,363396321.0,5.25,-4.2,-0.76,0.57
2022-08-25,600741,17.43,17.12,17.53,16.8,215122,419632428.0,4.21,-1.21,-0.21,0.68
2022-08-26,600741,17.18,16.9,17.18,16.6,139899,270055262.0,3.39,-1.29,-0.22,0.44
2022-08-29,600741,16.67,16.68,16.86,16.52,87049,166454000.0,2.01,-1.3,-0.22,0.28
2022-08-30,600741,16.59,16.61,16.9,16.49,71588,136553371.0,2.46,-0.42,-0.07,0.23
2022-08-31,600741,16.53,16.24,16.61,16.13,154103,288507595.0,2.89,-2.23,-0.37,0.49
2022-09-01,600741,16.33,16.01,16.36,15.98,160130,296539689.0,2.34,-1.42,-0.23,0.51
2022-09-02,600741,15.99,16.01,16.23,15.91,100615,185811516.0,2.0,0.0,0.0,0.32
2022-09-05,600741,15.89,15.92,16.07,15.84,92018,168878374.0,1.44,-0.56,-0.09,0.29
2022-09-06,600741,16.06,16.27,16.48,15.98,149696,279262679.0,3.14,2.2,0.35,0.47
2022-09-07,600741,16.17,16.23,16.46,16.12,105642,197630677.0,2.09,-0.25,-0.04,0.34
2022-09-08,600741,16.28,16.18,16.43,16.11,83630,156480435.0,1.97,-0.31,-0.05,0.27
2022-09-09,600741,16.18,16.31,16.33,16.02,102311,190804438.0,1.92,0.8,0.13,0.32
2022-09-13,600741,16.33,16.27,16.42,16.23,169754,318508992.0,1.16,-0.25,-0.04,0.54
2022-09-14,600741,16.02,15.72,16.16,15.65,174978,319411940.0,3.13,-3.38,-0.55,0.56
2022-09-15,600741,15.77,15.57,15.82,15.35,186531,335759891.0,2.99,-0.95,-0.15,0.59
2022-09-16,600741,15.53,15.17,15.62,15.17,140349,250117485.0,2.89,-2.57,-0.4,0.45
2022-09-19,600741,15.15,15.1,15.33,15.03,111199,195639045.0,1.98,-0.46,-0.07,0.35
2022-09-20,600741,15.23,15.17,15.41,15.12,89670,158669938.0,1.92,0.46,0.07,0.28
2022-09-21,600741,15.15,15.1,15.25,14.81,117550,204906737.0,2.9,-0.46,-0.07,0.37
2022-09-22,600741,15.0,14.78,15.06,14.77,88270,152733493.0,1.92,-2.12,-0.32,0.28
2022-09-23,600741,14.81,14.63,14.9,14.5,128359,219421011.0,2.71,-1.01,-0.15,0.41
2022-09-26,600741,14.49,14.51,14.77,14.48,110496,188501668.0,1.98,-0.82,-0.12,0.35
2022-09-27,600741,14.54,14.76,14.87,14.5,128726,220110069.0,2.55,1.72,0.25,0.41
2022-09-28,600741,14.69,14.44,14.71,14.38,115142,194870374.0,2.24,-2.17,-0.32,0.37
2022-09-29,600741,14.52,14.27,14.64,14.23,131410,221327979.0,2.84,-1.18,-0.17,0.42
2022-09-30,600741,14.24,14.09,14.33,14.05,131940,219574242.0,1.96,-1.26,-0.18,0.42
2022-10-10,600741,14.18,13.63,14.19,13.58,126573,205999585.0,4.33,-3.26,-0.46,0.4
2022-10-11,600741,13.64,13.93,13.95,13.48,126308,203889076.0,3.45,2.2,0.3,0.4
2022-10-12,600741,13.78,14.29,14.35,13.59,132304,216698111.0,5.46,2.58,0.36,0.42
2022-10-13,600741,14.2,13.96,14.34,13.87,139860,231215022.0,3.29,-2.31,-0.33,0.44
2022-10-14,600741,14.07,14.35,14.48,14.04,159979,267557516.0,3.15,2.79,0.39,0.51
2022-10-17,600741,14.25,14.13,14.31,14.02,128737,213216360.0,2.02,-1.53,-0.22,0.41
2022-10-18,600741,14.27,13.94,14.35,13.87,180204,296247342.0,3.4,-1.34,-0.19,0.57
2022-10-19,600741,13.84,13.63,14.05,13.6,133724,217336327.0,3.23,-2.22,-0.31,0.42
2022-10-20,600741,13.55,13.75,13.83,13.26,219828,350770511.0,4.18,0.88,0.12,0.7
2022-10-21,600741,13.69,13.77,13.95,13.58,140657,227530644.0,2.69,0.15,0.02,0.45
2022-10-24,600741,13.79,13.08,13.97,13.07,176182,278900232.0,6.54,-5.01,-0.69,0.56
2022-10-25,600741,13.07,13.27,13.46,12.79,127365,198508473.0,5.12,1.45,0.19,0.4
2022-10-26,600741,13.38,13.73,13.82,13.33,156329,251292977.0,3.69,3.47,0.46,0.5
2022-10-27,600741,13.82,13.99,14.21,13.75,154388,254293333.0,3.35,1.89,0.26,0.49
2022-10-28,600741,14.52,13.87,14.66,13.75,359915,600896316.0,6.5,-0.86,-0.12,1.14
2022-10-31,600741,13.9,14.34,14.69,13.75,291749,489946479.0,6.78,3.39,0.47,0.93
2022-11-01,600741,14.47,14.92,14.94,14.26,259908,443214210.0,4.74,4.04,0.58,0.82
2022-11-02,600741,14.85,15.15,15.46,14.62,257382,452379262.0,5.63,1.54,0.23,0.82
2022-11-03,600741,15.05,15.17,15.32,14.97,137297,241575461.0,2.31,0.13,0.02,0.44
2022-11-04,600741,15.24,15.62,15.69,15.23,206623,371886137.0,3.03,2.97,0.45,0.66
2022-11-07,600741,15.9,15.73,15.9,15.4,157731,284938158.0,3.2,0.7,0.11,0.5
2022-11-08,600741,15.67,15.51,15.72,15.37,124030,222163544.0,2.23,-1.4,-0.22,0.39
2022-11-09,600741,15.52,15.26,15.64,15.23,119636,212911446.0,2.64,-1.61,-0.25,0.38
2022-11-10,600741,15.25,15.42,15.49,15.18,116342,206748231.0,2.03,1.05,0.16,0.37
2022-11-11,600741,15.76,15.87,15.89,15.63,184584,335898505.0,1.69,2.92,0.45,0.59
2022-11-14,600741,16.0,15.62,16.06,15.58,125620,228218124.0,3.02,-1.58,-0.25,0.4
2022-11-15,600741,15.58,15.87,15.91,15.51,108338,197106324.0,2.56,1.6,0.25,0.34
2022-11-16,600741,15.82,15.74,15.97,15.72,84338,153834495.0,1.58,-0.82,-0.13,0.27
2022-11-17,600741,15.61,15.55,15.71,15.44,83954,150655430.0,1.72,-1.21,-0.19,0.27
2022-11-18,600741,15.5,15.42,15.64,15.42,82433,147721261.0,1.41,-0.84,-0.13,0.26
2022-11-21,600741,15.36,15.53,15.59,15.11,77127,137526351.0,3.11,0.71,0.11,0.24
2022-11-22,600741,15.52,15.42,15.62,15.35,66012,118047916.0,1.74,-0.71,-0.11,0.21
2022-11-23,600741,15.47,15.32,15.52,15.23,70189,124756972.0,1.88,-0.65,-0.1,0.22
2022-11-24,600741,15.34,15.38,15.49,15.23,54208,96399777.0,1.7,0.39,0.06,0.17
2022-11-25,600741,15.37,15.42,15.46,15.27,54247,96666834.0,1.24,0.26,0.04,0.17
2022-11-28,600741,15.26,15.23,15.3,14.93,99452,174515347.0,2.4,-1.23,-0.19,0.32
2022-11-29,600741,15.26,15.62,15.7,15.18,102980,184594989.0,3.41,2.56,0.39,0.33
2022-11-30,600741,15.64,16.03,16.12,15.57,180530,331939210.0,3.52,2.62,0.41,0.57
2022-12-01,600741,16.22,16.18,16.35,15.98,181688,337457408.0,2.31,0.94,0.15,0.58
2022-12-02,600741,16.03,15.95,16.08,15.9,82272,151340947.0,1.11,-1.42,-0.23,0.26
2022-12-05,600741,16.0,16.02,16.11,15.95,90422,166838104.0,1.0,0.44,0.07,0.29
2022-12-06,600741,15.97,16.16,16.21,15.93,135845,251692909.0,1.75,0.87,0.14,0.43
2022-12-07,600741,16.11,16.43,16.5,16.03,144547,270691543.0,2.91,1.67,0.27,0.46
2022-12-08,600741,16.29,15.92,16.43,15.88,125369,232228738.0,3.35,-3.1,-0.51,0.4
2022-12-09,600741,16.01,15.98,16.06,15.75,114995,210929754.0,1.95,0.38,0.06,0.36
2022-12-12,600741,15.88,15.62,15.95,15.62,90767,164611967.0,2.07,-2.25,-0.36,0.29
2022-12-13,600741,15.63,15.54,15.85,15.54,97151,175594186.0,1.98,-0.51,-0.08,0.31
2022-12-14,600741,15.53,15.39,15.62,15.36,71883,128461205.0,1.67,-0.97,-0.15,0.23
2022-12-15,600741,15.34,15.72,15.74,15.3,89618,160919856.0,2.86,2.14,0.33,0.28
2022-12-16,600741,15.67,15.52,15.7,15.42,62532,112366389.0,1.78,-1.27,-0.2,0.2
2022-12-19,600741,15.59,15.22,15.8,15.15,79896,143091749.0,4.19,-1.93,-0.3,0.25
2022-12-20,600741,15.22,15.18,15.34,15.04,61742,108823321.0,1.97,-0.26,-0.04,0.2
2022-12-21,600741,15.15,15.02,15.32,14.99,59419,104141676.0,2.17,-1.05,-0.16,0.19
2022-12-22,600741,15.09,15.08,15.39,15.04,72452,127546073.0,2.33,0.4,0.06,0.23
2022-12-23,600741,15.02,14.9,15.07,14.77,56771,98383223.0,1.99,-1.19,-0.18,0.18
2022-12-26,600741,14.83,15.11,15.13,14.82,38640,67443244.0,2.08,1.41,0.21,0.12
2022-12-27,600741,15.12,14.97,15.17,14.77,72444,125933830.0,2.65,-0.93,-0.14,0.23
2022-12-28,600741,14.88,14.81,14.9,14.53,113191,193888007.0,2.47,-1.07,-0.16,0.36
2022-12-29,600741,14.74,14.72,14.96,14.7,65148,112282393.0,1.76,-0.61,-0.09,0.21
2022-12-30,600741,14.9,14.9,15.02,14.7,70432,121833412.0,2.17,1.22,0.18,0.22
2023-01-03,600741,14.87,14.7,14.95,14.62,131651,225551125.0,2.21,-1.34,-0.2,0.42
2023-01-04,600741,14.68,14.25,14.72,14.07,233083,390526792.0,4.42,-3.06,-0.45,0.74
2023-01-05,600741,14.33,14.66,14.73,14.33,207311,352037822.0,2.81,2.88,0.41,0.66
2023-01-06,600741,14.66,14.83,15.06,14.58,142322,246479675.0,3.27,1.16,0.17,0.45
2023-01-09,600741,14.9,15.1,15.26,14.83,129266,226844367.0,2.9,1.82,0.27,0.41
2023-01-10,600741,15.13,15.05,15.24,14.8,140610,245254275.0,2.91,-0.33,-0.05,0.45
2023-01-11,600741,15.11,14.86,15.12,14.79,85080,147799399.0,2.19,-1.26,-0.19,0.27
2023-01-12,600741,14.87,14.97,15.17,14.81,77356,134783216.0,2.42,0.74,0.11,0.25
2023-01-13,600741,14.99,15.1,15.11,14.87,105567,183907068.0,1.6,0.87,0.13,0.33
2023-01-16,600741,15.12,15.17,15.33,15.02,103278,181828023.0,2.05,0.46,0.07,0.33
2023-01-17,600741,15.18,15.1,15.23,15.01,76155,133420924.0,1.45,-0.46,-0.07,0.24
2023-01-18,600741,15.08,15.16,15.22,15.04,76400,134294629.0,1.19,0.4,0.06,0.24
2023-01-19,600741,15.16,15.24,15.27,15.01,81129,142728353.0,1.72,0.53,0.08,0.26
2023-01-20,600741,15.23,15.45,15.45,15.17,102936,182824978.0,1.84,1.38,0.21,0.33
2023-01-30,600741,15.82,15.85,16.05,15.76,206861,379095535.0,1.88,2.59,0.4,0.66
2023-01-31,600741,15.85,15.79,15.96,15.75,108329,198103342.0,1.32,-0.38,-0.06,0.34
2023-02-01,600741,15.87,16.17,16.22,15.82,169021,313202287.0,2.53,2.41,0.38,0.54
2023-02-02,600741,16.15,15.95,16.16,15.92,147165,271358320.0,1.48,-1.36,-0.22,0.47
2023-02-03,600741,15.95,15.72,15.96,15.57,92435,167689696.0,2.45,-1.44,-0.23,0.29
2023-02-06,600741,15.57,15.75,15.87,15.55,112603,204536188.0,2.04,0.19,0.03,0.36
2023-02-07,600741,15.76,16.03,16.14,15.73,129277,238198739.0,2.6,1.78,0.28,0.41
2023-02-08,600741,16.15,15.77,16.16,15.71,105807,193223747.0,2.81,-1.62,-0.26,0.34
2023-02-09,600741,15.75,16.08,16.15,15.7,110777,204328987.0,2.85,1.97,0.31,0.35
2023-02-10,600741,16.06,15.95,16.09,15.89,70289,129422111.0,1.24,-0.81,-0.13,0.22
2023-02-13,600741,16.01,16.03,16.23,15.82,101998,188447320.0,2.57,0.5,0.08,0.32
2023-02-14,600741,16.07,16.12,16.16,15.97,72847,134820352.0,1.19,0.56,0.09,0.23
2023-02-15,600741,16.12,15.92,16.22,15.88,123605,227999563.0,2.11,-1.24,-0.2,0.39
2023-02-16,600741,15.92,15.68,16.12,15.53,150768,276375210.0,3.71,-1.51,-0.24,0.48
2023-02-17,600741,15.59,15.68,15.91,15.59,101194,184129476.0,2.04,0.0,0.0,0.32
2023-02-20,600741,15.73,16.09,16.13,15.57,153191,282104027.0,3.57,2.61,0.41,0.49
2023-02-21,600741,16.37,16.46,16.56,16.21,256350,482686669.0,2.18,2.3,0.37,0.81
2023-02-22,600741,16.83,16.88,17.05,16.57,305591,588591969.0,2.92,2.55,0.42,0.97
2023-02-23,600741,16.85,17.0,17.27,16.7,217540,422995267.0,3.38,0.71,0.12,0.69
2023-02-24,600741,16.72,16.6,16.89,16.49,150553,286806434.0,2.35,-2.35,-0.4,0.48
2023-02-27,600741,16.48,16.51,16.59,16.32,91180,172419874.0,1.63,-0.54,-0.09,0.29
2023-02-28,600741,16.52,16.47,16.62,16.39,80249,151838863.0,1.39,-0.24,-0.04,0.25
2023-03-01,600741,16.47,16.63,16.74,16.43,91344,173901870.0,1.88,0.97,0.16,0.29
2023-03-02,600741,16.57,16.32,16.65,16.28,116761,219705007.0,2.22,-1.86,-0.31,0.37
2023-03-03,600741,16.36,16.45,16.55,16.32,90223,170481945.0,1.41,0.8,0.13,0.29
2023-03-06,600741,16.47,16.32,16.54,16.22,86060,161337403.0,1.95,-0.79,-0.13,0.27
2023-03-07,600741,16.35,16.14,16.47,16.14,107511,201342301.0,2.02,-1.1,-0.18,0.34
2023-03-08,600741,16.09,16.14,16.17,15.85,92302,170368038.0,1.98,0.0,0.0,0.29
2023-03-09,600741,16.21,15.89,16.26,15.85,68980,127360137.0,2.54,-1.55,-0.25,0.22
2023-03-10,600741,15.82,14.9,15.83,14.87,247954,435667212.0,6.04,-6.23,-0.99,0.79
2023-03-13,600741,14.92,14.67,14.95,14.41,205864,351128593.0,3.62,-1.54,-0.23,0.65
2023-03-14,600741,14.71,14.65,14.82,14.33,131315,223428538.0,3.34,-0.14,-0.02,0.42
2023-03-15,600741,14.72,14.68,14.91,14.64,76014,130600484.0,1.84,0.2,0.03,0.24
2023-03-16,600741,14.56,14.63,14.79,14.53,62377,106814751.0,1.77,-0.34,-0.05,0.2
2023-03-17,600741,14.65,14.57,14.78,14.53,117477,200308013.0,1.71,-0.41,-0.06,0.37
2023-03-20,600741,14.57,14.47,14.7,14.42,112831,191511942.0,1.92,-0.69,-0.1,0.36
2023-03-21,600741,14.47,14.53,14.57,14.33,95188,160791326.0,1.66,0.41,0.06,0.3
2023-03-22,600741,14.63,14.51,14.75,14.43,105345,178899541.0,2.2,-0.14,-0.02,0.33
2023-03-23,600741,14.47,14.35,14.51,14.25,112667,189152635.0,1.79,-1.1,-0.16,0.36
2023-03-24,600741,14.35,14.36,14.42,14.25,84320,141410971.0,1.18,0.07,0.01,0.27
2023-03-27,600741,14.41,14.28,14.41,14.16,88676,148152558.0,1.74,-0.56,-0.08,0.28
2023-03-28,600741,14.28,14.18,14.47,14.06,99237,164890814.0,2.87,-0.7,-0.1,0.31
2023-03-29,600741,14.19,14.2,14.46,14.19,81613,136633415.0,1.9,0.14,0.02,0.26
2023-03-30,600741,14.27,14.28,14.31,14.1,73728,122750615.0,1.48,0.56,0.08,0.23
2023-03-31,600741,14.28,14.31,14.39,14.24,88808,148683723.0,1.05,0.21,0.03,0.28
2023-04-03,600741,14.37,14.43,14.54,14.32,128314,216717597.0,1.54,0.84,0.12,0.41
2023-04-04,600741,14.37,14.34,14.44,14.2,117746,197273337.0,1.66,-0.62,-0.09,0.37
2023-04-06,600741,14.34,14.23,14.34,14.16,69551,115642353.0,1.26,-0.77,-0.11,0.22
2023-04-07,600741,14.22,14.39,14.43,14.17,95645,159888104.0,1.83,1.12,0.16,0.3
2023-04-10,600741,14.38,14.32,14.4,14.24,83965,140513397.0,1.11,-0.49,-0.07,0.27
2023-04-11,600741,14.29,14.2,14.41,14.14,94577,157432913.0,1.89,-0.84,-0.12,0.3
2023-04-12,600741,14.19,14.03,14.25,14.0,115960,191639106.0,1.76,-1.2,-0.17,0.37
2023-04-13,600741,14.02,13.98,14.14,13.94,88701,146072898.0,1.43,-0.36,-0.05,0.28
2023-04-14,600741,13.99,14.18,14.31,13.96,121766,202174161.0,2.5,1.43,0.2,0.39
2023-04-17,600741,14.2,14.41,14.43,14.2,93161,156051638.0,1.62,1.62,0.23,0.3
2023-04-18,600741,14.43,14.4,14.54,14.36,86893,146580560.0,1.25,-0.07,-0.01,0.28
2023-04-19,600741,14.38,14.36,14.45,14.25,70932,119074791.0,1.39,-0.28,-0.04,0.22
2023-04-20,600741,14.38,14.18,14.4,14.0,94520,156698253.0,2.79,-1.25,-0.18,0.3
2023-04-21,600741,14.18,14.09,14.42,14.07,87574,145706539.0,2.47,-0.63,-0.09,0.28
2023-04-24,600741,14.08,13.99,14.29,13.53,181264,296649195.0,5.39,-0.71,-0.1,0.57
2023-04-25,600741,14.04,13.63,14.05,13.47,121127,194588629.0,4.15,-2.57,-0.36,0.38
2023-04-26,600741,13.7,13.99,14.17,13.64,149937,245739326.0,3.89,2.64,0.36,0.48
2023-04-27,600741,14.05,14.25,14.44,13.97,149718,249877305.0,3.36,1.86,0.26,0.47
2023-04-28,600741,14.43,13.95,14.51,13.89,239949,396653273.0,4.35,-2.11,-0.3,0.76
2023-05-04,600741,14.04,14.32,14.38,13.89,168177,280196051.0,3.51,2.65,0.37,0.53
2023-05-05,600741,14.31,14.17,14.36,13.98,124656,206297113.0,2.65,-1.05,-0.15,0.4
2023-05-08,600741,14.24,14.77,14.86,14.2,265207,451421097.0,4.66,4.23,0.6,0.84
2023-05-09,600741,14.77,14.58,14.97,14.56,159460,273920128.0,2.78,-1.29,-0.19,0.51
2023-05-10,600741,14.6,15.16,15.34,14.48,276973,482466048.0,5.9,3.98,0.58,0.88
2023-05-11,600741,15.17,15.24,15.37,14.97,198268,350878008.0,2.64,0.53,0.08,0.63
2023-05-12,600741,15.44,15.25,15.44,15.17,98926,174944472.0,1.77,0.07,0.01,0.31
2023-05-15,600741,15.25,15.25,15.3,15.04,76069,133983221.0,1.7,0.0,0.0,0.24
2023-05-16,600741,15.27,15.13,15.29,15.05,83126,146013955.0,1.57,-0.79,-0.12,0.26
2023-05-17,600741,15.14,15.06,15.28,15.01,83420,146261205.0,1.78,-0.46,-0.07,0.26
2023-05-18,600741,15.26,15.25,15.32,15.09,111553,197035751.0,1.53,1.26,0.19,0.35
2023-05-19,600741,15.19,15.19,15.33,15.09,62797,110816117.0,1.57,-0.39,-0.06,0.2
2023-05-22,600741,15.12,15.28,15.42,15.12,78665,139550421.0,1.97,0.59,0.09,0.25
2023-05-23,600741,15.29,15.3,15.6,15.27,89364,159694135.0,2.16,0.13,0.02,0.28
2023-05-24,600741,15.28,15.18,15.38,15.12,70081,123721403.0,1.7,-0.78,-0.12,0.22
2023-05-25,600741,15.18,15.17,15.27,14.98,101209,177741699.0,1.91,-0.07,-0.01,0.32
2023-05-26,600741,15.18,15.38,15.47,14.99,72601,128284064.0,3.16,1.38,0.21,0.23
2023-05-29,600741,15.38,15.1,15.41,14.84,133236,232752441.0,3.71,-1.82,-0.28,0.42
2023-05-30,600741,15.07,15.06,15.24,14.86,86983,151815729.0,2.52,-0.26,-0.04,0.28
2023-05-31,600741,15.04,15.03,15.07,14.89,74034,128886702.0,1.2,-0.2,-0.03,0.23
2023-06-01,600741,14.92,14.78,15.14,14.75,99671,172614184.0,2.59,-1.66,-0.25,0.32
2023-06-02,600741,14.87,15.15,15.22,14.77,95242,166539173.0,3.04,2.5,0.37,0.3
2023-06-05,600741,15.24,15.27,15.35,15.09,60779,107486610.0,1.72,0.79,0.12,0.19
2023-06-06,600741,15.34,15.09,15.34,15.01,91462,160889979.0,2.16,-1.18,-0.18,0.29
2023-06-07,600741,15.09,14.94,15.15,14.93,50250,87605445.0,1.46,-0.99,-0.15,0.16
2023-06-08,600741,14.93,15.11,15.18,14.92,67455,118175548.0,1.74,1.14,0.17,0.21
2023-06-09,600741,15.15,15.28,15.36,15.15,75821,134197793.0,1.39,1.13,0.17,0.24
2023-06-12,600741,15.28,15.92,15.97,15.2,211287,385378741.0,5.04,4.19,0.64,0.67
2023-06-13,600741,15.93,15.94,16.07,15.85,88727,163236047.0,1.38,0.13,0.02,0.28
2023-06-14,600741,16.07,15.79,16.07,15.73,86342,157920395.0,2.13,-0.94,-0.15,0.27
2023-06-15,600741,15.88,15.83,15.99,15.73,49131,89726673.0,1.65,0.25,0.04,0.16
2023-06-16,600741,15.89,15.72,15.97,15.65,67540,122815251.0,2.02,-0.69,-0.11,0.21
2023-06-19,600741,15.72,15.91,16.01,15.69,92874,170518773.0,2.04,1.21,0.19,0.29
2023-06-20,600741,15.87,15.82,15.95,15.75,45547,83227068.0,1.26,-0.57,-0.09,0.14
2023-06-21,600741,15.81,15.88,16.0,15.72,51620,94511870.0,1.77,0.38,0.06,0.16
2023-06-26,600741,15.81,15.65,16.02,15.53,73568,133414811.0,3.09,-1.45,-0.23,0.23
2023-06-27,600741,15.66,15.68,15.8,15.46,50129,90659568.0,2.17,0.19,0.03,0.16
2023-06-28,600741,15.76,15.93,15.98,15.69,59919,109616357.0,1.85,1.59,0.25,0.19
2023-06-29,600741,15.93,16.03,16.22,15.92,72627,134669117.0,1.88,0.63,0.1,0.23
2023-06-30,600741,15.97,16.03,16.17,15.92,57956,107053221.0,1.56,0.0,0.0,0.18
2023-07-03,600741,16.02,16.24,16.44,16.02,102368,191332140.0,2.62,1.31,0.21,0.32
2023-07-04,600741,16.22,16.54,16.73,16.17,190705,362149541.0,3.45,1.85,0.3,0.6
2023-07-05,600741,16.51,16.18,16.69,16.08,112685,210500900.0,3.69,-2.18,-0.36,0.36
2023-07-06,600741,16.17,16.15,16.21,15.95,75921,140526988.0,1.61,-0.19,-0.03,0.24
2023-07-07,600741,16.14,16.08,16.38,16.03,70864,131605081.0,2.17,-0.43,-0.07,0.22
2023-07-10,600741,16.15,16.19,16.39,15.95,88298,163933249.0,2.74,0.68,0.11,0.28
2023-07-11,600741,16.2,16.66,16.8,16.14,130257,247767435.0,4.08,2.9,0.47,0.41
2023-07-12,600741,16.69,16.64,16.87,16.61,90612,173622612.0,1.56,-0.12,-0.02,0.29
2023-07-13,600741,16.64,16.59,16.68,16.34,90902,172245406.0,2.04,-0.3,-0.05,0.29
2023-07-14,600741,16.63,16.43,16.65,16.26,82542,148373600.0,2.35,-0.96,-0.16,0.26
2023-07-17,600741,16.46,16.39,16.5,16.22,53297,95246159.0,1.7,-0.24,-0.04,0.17
2023-07-18,600741,16.35,16.75,16.87,16.3,98818,179703644.0,3.48,2.2,0.36,0.31
2023-07-19,600741,16.75,16.7,16.81,16.6,48601,88617392.0,1.25,-0.3,-0.05,0.15
2023-07-20,600741,16.79,16.63,17.05,16.61,71474,131073012.0,2.63,-0.42,-0.07,0.23
2023-07-21,600741,16.51,16.48,16.61,16.37,51424,92697975.0,1.44,-0.9,-0.15,0.16
2023-07-24,600741,16.45,16.55,16.63,16.32,60125,108654921.0,1.88,0.42,0.07,0.19
2023-07-25,600741,16.71,16.98,17.03,16.62,112870,208007048.0,2.48,2.6,0.43,0.36
2023-07-26,600741,17.01,16.9,17.03,16.83,53830,99490703.0,1.18,-0.47,-0.08,0.17
2023-07-27,600741,17.15,17.58,18.13,17.15,270671,522617009.0,5.8,4.02,0.68,0.86
2023-07-28,600741,17.5,17.84,18.02,17.34,166706,321681707.0,3.87,1.48,0.26,0.53
2023-07-31,600741,17.9,18.18,18.33,17.89,199783,393818129.0,2.47,1.91,0.34,0.63
2023-08-01,600741,18.18,17.72,18.25,17.58,163892,317131876.0,3.69,-2.53,-0.46,0.52
2023-08-02,600741,17.67,17.74,17.97,17.6,94550,182347388.0,2.09,0.11,0.02,0.3
2023-08-03,600741,17.63,17.96,18.01,17.56,106923,207393859.0,2.54,1.24,0.22,0.34
2023-08-04,600741,18.03,17.88,18.35,17.86,108593,213639562.0,2.73,-0.45,-0.08,0.34
2023-08-07,600741,17.83,17.95,18.24,17.76,99040,193719192.0,2.68,0.39,0.07,0.31
2023-08-08,600741,17.95,17.99,18.25,17.83,84036,164141375.0,2.34,0.22,0.04,0.27
2023-08-09,600741,17.87,17.92,18.07,17.75,78428,152292079.0,1.78,-0.39,-0.07,0.25
2023-08-10,600741,17.93,17.82,18.09,17.66,67231,130375537.0,2.4,-0.56,-0.1,0.21
2023-08-11,600741,18.01,17.37,18.01,17.33,90207,171688043.0,3.82,-2.53,-0.45,0.29
2023-08-14,600741,17.37,16.96,17.4,16.6,148345,273205753.0,4.61,-2.36,-0.41,0.47
2023-08-15,600741,16.98,16.92,17.02,16.71,90185,166031351.0,1.83,-0.24,-0.04,0.29
2023-08-16,600741,16.81,16.75,16.92,16.57,73934,135034891.0,2.07,-1.0,-0.17,0.23
2023-08-17,600741,16.72,17.4,17.54,16.43,207753,390557159.0,6.63,3.88,0.65,0.66
2023-08-18,600741,17.39,16.9,17.44,16.87,88465,164510925.0,3.28,-2.87,-0.5,0.28
2023-08-21,600741,16.82,16.89,17.32,16.76,90386,168060544.0,3.31,-0.06,-0.01,0.29
2023-08-22,600741,16.96,16.97,17.11,16.63,68556,126413418.0,2.84,0.47,0.08,0.22
2023-08-23,600741,16.9,16.65,17.01,16.63,81730,150057856.0,2.24,-1.89,-0.32,0.26
2023-08-24,600741,16.73,17.04,17.16,16.68,71158,131631763.0,2.88,2.34,0.39,0.23
2023-08-25,600741,16.85,16.91,17.02,16.75,74128,136639581.0,1.58,-0.76,-0.13,0.24
2023-08-28,600741,17.55,17.15,17.71,16.97,119507,224695671.0,4.38,1.42,0.24,0.38
2023-08-29,600741,17.0,17.83,17.93,17.0,147342,283002040.0,5.42,3.97,0.68,0.47
2023-08-30,600741,17.9,17.53,18.29,17.5,153909,297130252.0,4.43,-1.68,-0.3,0.49
2023-08-31,600741,17.58,17.24,17.65,17.18,112146,212368727.0,2.68,-1.65,-0.29,0.36
2023-09-01,600741,17.2,17.64,17.71,17.2,119784,228310581.0,2.96,2.32,0.4,0.38
2023-09-04,600741,17.64,17.66,17.79,17.43,97647,187423665.0,2.04,0.11,0.02,0.31
2023-09-05,600741,17.64,17.54,17.71,17.51,67903,129987494.0,1.13,-0.68,-0.12,0.22
2023-09-06,600741,17.5,17.59,17.69,17.41,80574,153817470.0,1.6,0.29,0.05,0.26
2023-09-07,600741,17.49,17.28,17.55,17.25,66520,125675763.0,1.71,-1.76,-0.31,0.21
2023-09-08,600741,17.19,17.38,17.49,17.18,74713,141401356.0,1.79,0.58,0.1,0.24
2023-09-11,600741,17.43,17.75,17.84,17.39,110839,212861953.0,2.59,2.13,0.37,0.35
2023-09-12,600741,17.83,17.78,17.95,17.7,69484,134488366.0,1.41,0.17,0.03,0.22
2023-09-13,600741,17.73,17.38,17.83,17.24,103316,195667288.0,3.32,-2.25,-0.4,0.33
2023-09-14,600741,17.21,17.15,17.31,16.98,95856,179022235.0,1.9,-1.32,-0.23,0.3
2023-09-15,600741,17.17,16.93,17.26,16.82,80392,148899447.0,2.57,-1.28,-0.22,0.25
2023-09-18,600741,16.91,17.31,17.49,16.82,136436,256457501.0,3.96,2.24,0.38,0.43
2023-09-19,600741,17.28,17.2,17.28,16.82,137431,254799072.0,2.66,-0.64,-0.11,0.44
2023-09-20,600741,17.18,17.07,17.28,17.04,69359,129547944.0,1.4,-0.76,-0.13,0.22
2023-09-21,600741,17.14,16.87,17.15,16.86,82260,152113233.0,1.7,-1.17,-0.2,0.26
2023-09-22,600741,16.99,17.11,17.12,16.82,61031,113346653.0,1.78,1.42,0.24,0.19
2023-09-25,600741,17.2,17.49,17.63,17.17,150622,286858458.0,2.69,2.22,0.38,0.48
2023-09-26,600741,17.55,17.27,17.56,17.25,52843,99799939.0,1.77,-1.26,-0.22,0.17
2023-09-27,600741,17.17,17.13,17.39,17.1,59080,110800827.0,1.68,-0.81,-0.14,0.19
2023-09-28,600741,17.13,17.22,17.35,17.07,56582,106026839.0,1.63,0.53,0.09,0.18
2023-10-09,600741,17.22,17.32,17.46,17.16,74705,140776843.0,1.74,0.58,0.1,0.24
2023-10-10,600741,17.25,17.2,17.35,16.95,77945,145714161.0,2.31,-0.69,-0.12,0.25
2023-10-11,600741,17.19,16.85,17.25,16.78,92309,170620761.0,2.73,-2.03,-0.35,0.29
2023-10-12,600741,16.89,17.35,17.5,16.85,128289,241609369.0,3.86,2.97,0.5,0.41
2023-10-13,600741,17.32,17.34,17.56,17.15,96336,182806548.0,2.36,-0.06,-0.01,0.31
2023-10-16,600741,17.4,17.28,17.47,17.14,75384,142165904.0,1.9,-0.35,-0.06,0.24
2023-10-17,600741,17.31,17.19,17.38,17.08,57313,107339638.0,1.74,-0.52,-0.09,0.18
2023-10-18,600741,17.15,17.33,17.56,17.08,72324,136730338.0,2.79,0.81,0.14,0.23
2023-10-19,600741,17.3,16.67,17.39,16.66,109130,200591689.0,4.21,-3.81,-0.66,0.35
2023-10-20,600741,16.61,16.49,16.9,16.43,82009,148847570.0,2.82,-1.08,-0.18,0.26
2023-10-23,600741,16.48,16.31,16.65,16.18,71362,128271176.0,2.85,-1.09,-0.18,0.23
2023-10-24,600741,16.31,16.58,16.71,16.26,107901,194928894.0,2.76,1.66,0.27,0.34
2023-10-25,600741,16.65,16.82,16.95,16.6,95663,175737857.0,2.11,1.45,0.24,0.3
2023-10-26,600741,16.16,15.99,16.35,15.48,291107,505478498.0,5.17,-4.93,-0.83,0.92
2023-10-27,600741,16.05,16.25,16.42,15.96,181361,323011657.0,2.88,1.63,0.26,0.58
2023-10-30,600741,16.25,16.0,16.29,15.84,119200,208636665.0,2.77,-1.54,-0.25,0.38
2023-10-31,600741,15.96,15.99,16.27,15.81,123885,217523888.0,2.88,-0.06,-0.01,0.39
2023-11-01,600741,15.88,16.03,16.12,15.86,109209,191602690.0,1.63,0.25,0.04,0.35
2023-11-02,600741,16.06,15.97,16.19,15.95,77694,136684924.0,1.5,-0.37,-0.06,0.25
2023-11-03,600741,16.03,16.16,16.3,15.93,89173,158021149.0,2.32,1.19,0.19,0.28
2023-11-06,600741,16.23,16.32,16.36,16.11,130953,233029092.0,1.55,0.99,0.16,0.42
2023-11-07,600741,16.28,16.1,16.47,16.03,107280,190350119.0,2.7,-1.35,-0.22,0.34
2023-11-08,600741,16.12,16.02,16.13,15.83,100708,176257999.0,1.86,-0.5,-0.08,0.32
2023-11-09,600741,16.0,15.9,16.0,15.71,97122,169234885.0,1.81,-0.75,-0.12,0.31
2023-11-10,600741,15.85,15.63,15.9,15.56,86460,148712465.0,2.14,-1.7,-0.27,0.27
2023-11-13,600741,15.69,15.56,15.72,15.52,85075,145781824.0,1.28,-0.45,-0.07,0.27
2023-11-14,600741,15.65,15.77,15.87,15.56,95886,166135577.0,1.99,1.35,0.21,0.3
2023-11-15,600741,15.83,15.93,15.96,15.69,73671,128255465.0,1.71,1.01,0.16,0.23
2023-11-16,600741,16.06,15.86,16.32,15.83,171902,301938439.0,3.08,-0.44,-0.07,0.55
2023-11-17,600741,15.71,16.08,16.08,15.67,121877,213124370.0,2.59,1.39,0.22,0.39
2023-11-20,600741,16.08,16.03,16.13,15.95,93159,163629213.0,1.12,-0.31,-0.05,0.3
2023-11-21,600741,16.03,15.88,16.08,15.88,74349,130334229.0,1.25,-0.94,-0.15,0.24
2023-11-22,600741,15.87,15.66,15.87,15.66,64659,111911096.0,1.32,-1.39,-0.22,0.21
2023-11-23,600741,15.64,16.02,16.04,15.64,112958,197175466.0,2.55,2.3,0.36,0.36
2023-11-24,600741,16.08,15.89,16.08,15.84,58509,102201262.0,1.5,-0.81,-0.13,0.19
2023-11-27,600741,15.93,16.05,16.15,15.65,122232,213190493.0,3.15,1.01,0.16,0.39
2023-11-28,600741,16.01,16.17,16.19,15.93,102368,180572028.0,1.62,0.75,0.12,0.32
2023-11-29,600741,16.25,16.15,16.32,16.09,103648,184169100.0,1.42,-0.12,-0.02,0.33
2023-11-30,600741,16.07,15.85,16.09,15.76,88851,155001619.0,2.04,-1.86,-0.3,0.28
2023-12-01,600741,15.82,15.72,15.9,15.55,98911,170367091.0,2.21,-0.82,-0.13,0.31
2023-12-04,600741,15.72,15.5,15.83,15.49,86210,147962048.0,2.16,-1.4,-0.22,0.27
2023-12-05,600741,15.5,15.05,15.52,15.05,111139,186502497.0,3.03,-2.9,-0.45,0.35
2023-12-06,600741,15.05,14.96,15.14,14.9,91893,152067928.0,1.59,-0.6,-0.09,0.29
2023-12-07,600741,14.96,14.83,15.01,14.72,87810,143939044.0,1.94,-0.87,-0.13,0.28
2023-12-08,600741,14.86,15.03,15.03,14.76,107672,176999426.0,1.82,1.35,0.2,0.34
2023-12-11,600741,14.91,15.08,15.15,14.47,128005,209711203.0,4.52,0.33,0.05,0.41
2023-12-12,600741,15.08,15.3,15.33,14.98,81288,136250085.0,2.32,1.46,0.22,0.26
2023-12-13,600741,15.27,15.1,15.35,15.1,59730,100199428.0,1.63,-1.31,-0.2,0.19
2023-12-14,600741,15.13,15.14,15.28,15.09,44786,74964538.0,1.26,0.26,0.04,0.14
2023-12-15,600741,15.13,14.88,15.2,14.85,60060,99254132.0,2.31,-1.72,-0.26,0.19
2023-12-18,600741,14.85,14.81,15.0,14.71,53303,87377203.0,1.95,-0.47,-0.07,0.17
2023-12-19,600741,14.8,14.73,14.85,14.6,57684,93578500.0,1.69,-0.54,-0.08,0.18
2023-12-20,600741,14.7,14.37,14.82,14.36,99977,160986041.0,3.12,-2.44,-0.36,0.32
2023-12-21,600741,14.3,14.53,14.56,14.2,107894,171957028.0,2.51,1.11,0.16,0.34
2023-12-22,600741,14.53,14.39,14.6,14.31,105253,168213377.0,2.0,-0.96,-0.14,0.33
2023-12-25,600741,14.39,14.49,14.55,14.36,54591,87440494.0,1.32,0.69,0.1,0.17
2023-12-26,600741,14.48,14.3,14.54,14.2,62266,98747491.0,2.35,-1.31,-0.19,0.2
2023-12-27,600741,14.37,14.34,14.42,14.16,84812,134187638.0,1.82,0.28,0.04,0.27
2023-12-28,600741,14.29,14.62,14.64,14.29,129399,207745531.0,2.44,1.95,0.28,0.41
2023-12-29,600741,14.58,14.73,14.78,14.54,109027,176958996.0,1.64,0.75,0.11,0.35
2024-01-02,600741,14.8,14.57,15.0,14.57,106462,173578620.0,2.92,-1.09,-0.16,0.34
2024-01-03,600741,14.53,14.5,14.7,14.4,93720,150811560.0,2.06,-0.48,-0.07,0.3
2024-01-04,600741,14.52,14.37,14.57,14.32,90222,143788607.0,1.72,-0.9,-0.13,0.29
2024-01-05,600741,14.37,14.53,14.79,14.26,140626,227147691.0,3.69,1.11,0.16,0.45
2024-01-08,600741,14.53,14.47,14.66,14.4,116053,186403672.0,1.79,-0.41,-0.06,0.37
2024-01-09,600741,14.48,14.65,14.65,14.41,108594,174767092.0,1.66,1.24,0.18,0.34
2024-01-10,600741,14.59,14.63,14.75,14.51,95186,154072544.0,1.64,-0.14,-0.02,0.3
2024-01-11,600741,14.63,14.93,14.97,14.62,102345,167528369.0,2.39,2.05,0.3,0.32
2024-01-12,600741,14.85,15.09,15.2,14.83,88522,147414053.0,2.48,1.07,0.16,0.28
2024-01-15,600741,15.02,15.1,15.24,14.91,84342,140662108.0,2.19,0.07,0.01,0.27
2024-01-16,600741,15.13,15.46,15.46,15.06,139225,234457470.0,2.65,2.38,0.36,0.44
2024-01-17,600741,15.45,15.18,15.5,15.18,124561,210730502.0,2.07,-1.81,-0.28,0.4
2024-01-18,600741,15.3,15.36,15.41,14.77,150822,250861752.0,4.22,1.19,0.18,0.48
2024-01-19,600741,15.25,15.06,15.31,14.95,106711,177778769.0,2.34,-1.95,-0.3,0.34
2024-01-22,600741,15.03,14.52,15.15,14.36,143180,233345727.0,5.25,-3.59,-0.54,0.45
2024-01-23,600741,14.5,14.62,14.75,14.38,102171,164849910.0,2.55,0.69,0.1,0.32
2024-01-24,600741,14.74,14.87,14.91,14.46,89649,145777703.0,3.08,1.71,0.25,0.28
2024-01-25,600741,14.88,15.13,15.2,14.75,112196,185976692.0,3.03,1.75,0.26,0.36
2024-01-26,600741,15.05,15.04,15.17,14.91,105929,175804767.0,1.72,-0.59,-0.09,0.34
2024-01-29,600741,15.1,15.25,15.44,15.1,130986,220680419.0,2.26,1.4,0.21,0.42
2024-01-30,600741,15.19,15.03,15.38,15.01,108295,181220887.0,2.43,-1.44,-0.22,0.34
2024-01-31,600741,14.97,14.69,15.13,14.6,109065,178502744.0,3.53,-2.26,-0.34,0.35
2024-02-01,600741,14.64,14.61,14.79,14.57,123922,201041434.0,1.5,-0.54,-0.08,0.39
2024-02-02,600741,14.73,14.5,14.97,14.04,141788,228546327.0,6.37,-0.75,-0.11,0.45
2024-02-05,600741,14.53,14.38,14.68,14.0,165706,263931537.0,4.69,-0.83,-0.12,0.53
2024-02-06,600741,14.37,14.58,14.74,14.16,230264,369798937.0,4.03,1.39,0.2,0.73
2024-02-07,600741,14.63,15.01,15.01,14.48,190460,311620790.0,3.64,2.95,0.43,0.6
2024-02-08,600741,15.01,15.21,15.31,14.87,205686,343416016.0,2.93,1.33,0.2,0.65
2024-02-19,600741,15.27,15.43,15.59,15.26,169151,287223379.0,2.17,1.45,0.22,0.54
2024-02-20,600741,15.38,15.41,15.5,15.13,114585,193459528.0,2.4,-0.13,-0.02,0.36
2024-02-21,600741,15.33,15.5,15.79,15.25,140994,242290582.0,3.5,0.58,0.09,0.45
2024-02-22,600741,15.51,15.64,15.73,15.46,87842,151053891.0,1.74,0.9,0.14,0.28
2024-02-23,600741,15.68,15.63,15.73,15.43,80693,138243286.0,1.92,-0.06,-0.01,0.26
2024-02-26,600741,15.64,15.65,15.87,15.53,129499,224318574.0,2.18,0.13,0.02,0.41
2024-02-27,600741,15.62,15.91,15.95,15.57,104136,181149618.0,2.43,1.66,0.26,0.33
2024-02-28,600741,15.91,15.66,15.96,15.55,117405,203387108.0,2.58,-1.57,-0.25,0.37
2024-02-29,600741,15.59,15.92,16.01,15.58,116840,203862079.0,2.75,1.66,0.26,0.37
2024-03-01,600741,15.92,15.95,16.08,15.84,83635,146364814.0,1.51,0.19,0.03,0.27
2024-03-04,600741,15.93,15.79,16.09,15.77,109833,191676463.0,2.01,-1.0,-0.16,0.35
2024-03-05,600741,15.82,15.73,15.85,15.54,133960,230908526.0,1.96,-0.38,-0.06,0.42
2024-03-06,600741,15.81,15.62,15.94,15.59,100763,174672853.0,2.23,-0.7,-0.11,0.32
2024-03-07,600741,15.63,15.64,15.81,15.63,81279,140357577.0,1.15,0.13,0.02,0.26
2024-03-08,600741,15.67,15.57,15.75,15.5,95367,163476287.0,1.6,-0.45,-0.07,0.3
2024-03-11,600741,15.63,15.82,15.83,15.59,99130,171160338.0,1.54,1.61,0.25,0.31
2024-03-12,600741,15.85,15.7,15.9,15.55,113560,195743623.0,2.21,-0.76,-0.12,0.36
2024-03-13,600741,15.74,15.76,16.0,15.65,89673,155480845.0,2.23,0.38,0.06,0.28
2024-03-14,600741,15.76,15.6,15.87,15.52,75675,130253784.0,2.22,-1.02,-0.16,0.24
2024-03-15,600741,15.54,15.57,15.62,15.42,95693,163334236.0,1.28,-0.19,-0.03,0.3
2024-03-18,600741,15.61,15.71,15.73,15.52,116479,200193098.0,1.35,0.9,0.14,0.37
2024-03-19,600741,15.68,15.52,15.69,15.5,75145,128655621.0,1.21,-1.21,-0.19,0.24
2024-03-20,600741,15.49,15.38,15.56,15.3,97668,165437471.0,1.68,-0.9,-0.14,0.31
2024-03-21,600741,15.45,15.31,15.48,15.21,88150,148555834.0,1.76,-0.46,-0.07,0.28
2024-03-22,600741,15.27,15.11,15.35,15.03,90356,150722619.0,2.09,-1.31,-0.2,0.29
2024-03-25,600741,15.04,15.12,15.33,15.04,101375,170103423.0,1.92,0.07,0.01,0.32
2024-03-26,600741,15.17,15.17,15.24,15.02,101770,169732758.0,1.46,0.33,0.05,0.32
2024-03-27,600741,15.22,15.05,15.38,15.05,121809,203960071.0,2.18,-0.79,-0.12,0.39
2024-03-28,600741,15.0,14.91,15.13,14.8,133828,221335807.0,2.19,-0.93,-0.14,0.42
2024-03-29,600741,15.6,15.16,15.62,14.97,283500,476184693.0,4.36,1.68,0.25,0.9
2024-04-01,600741,15.2,16.09,16.26,15.2,368842,643501246.0,6.99,6.13,0.93,1.17
2024-04-02,600741,16.14,16.21,16.48,16.08,278790,496179464.0,2.49,0.75,0.12,0.88
2024-04-03,600741,16.12,15.84,16.14,15.75,178428,311185489.0,2.41,-2.28,-0.37,0.57
2024-04-08,600741,15.83,15.97,16.24,15.81,161863,284910548.0,2.71,0.82,0.13,0.51
2024-04-09,600741,16.01,15.85,16.11,15.72,159445,277110511.0,2.44,-0.75,-0.12,0.51
2024-04-10,600741,15.83,15.83,16.01,15.71,129441,225568293.0,1.89,-0.13,-0.02,0.41
2024-04-11,600741,15.77,15.9,16.08,15.56,132387,230668166.0,3.28,0.44,0.07,0.42
2024-04-12,600741,15.91,15.78,16.02,15.73,107328,187165414.0,1.82,-0.75,-0.12,0.34
2024-04-15,600741,15.85,16.15,16.28,15.74,212109,373955697.0,3.42,2.34,0.37,0.67
2024-04-16,600741,16.15,16.05,16.36,15.98,235307,417181179.0,2.35,-0.62,-0.1,0.75
2024-04-17,600741,16.05,16.48,16.5,15.91,210307,373416805.0,3.68,2.68,0.43,0.67
2024-04-18,600741,16.4,16.57,16.7,16.34,158044,285935710.0,2.18,0.55,0.09,0.5
2024-04-19,600741,16.52,16.5,16.7,16.39,123530,223346932.0,1.87,-0.42,-0.07,0.39
2024-04-22,600741,16.5,16.45,16.69,16.34,137833,248537690.0,2.12,-0.3,-0.05,0.44
2024-04-23,600741,16.51,16.13,16.6,16.09,141891,252067311.0,3.1,-1.95,-0.32,0.45
2024-04-24,600741,16.03,16.25,16.45,16.03,103292,182891086.0,2.6,0.74,0.12,0.33
2024-04-25,600741,16.28,16.05,16.37,15.95,124936,219962321.0,2.58,-1.23,-0.2,0.4
2024-04-26,600741,15.99,16.2,16.21,15.99,140154,247466240.0,1.37,0.93,0.15,0.44
2024-04-29,600741,15.48,15.25,15.69,15.03,484282,816120637.0,4.07,-5.86,-0.95,1.54
2024-04-30,600741,15.27,14.93,15.34,14.9,326562,541261612.0,2.89,-2.1,-0.32,1.04
2024-05-06,600741,15.24,15.11,15.44,14.99,373469,624877849.0,3.01,1.21,0.18,1.18
2024-05-07,600741,15.12,15.0,15.14,14.93,222929,368787651.0,1.39,-0.73,-0.11,0.71
2024-05-08,600741,14.96,14.83,14.97,14.72,217558,356102919.0,1.67,-1.13,-0.17,0.69
2024-05-09,600741,14.76,14.98,14.99,14.75,176303,290225814.0,1.62,1.01,0.15,0.56
2024-05-10,600741,14.99,15.02,15.08,14.87,168124,278129154.0,1.4,0.27,0.04,0.53
2024-05-13,600741,14.93,15.0,15.06,14.73,198320,325953475.0,2.2,-0.13,-0.02,0.63
2024-05-14,600741,14.99,15.15,15.28,14.97,247719,413669529.0,2.07,1.0,0.15,0.79
2024-05-15,600741,15.12,14.93,15.13,14.88,153348,253370594.0,1.65,-1.45,-0.22,0.49
2024-05-16,600741,14.93,14.91,15.03,14.85,115916,191045707.0,1.21,-0.13,-0.02,0.37
2024-05-17,600741,14.87,15.0,15.03,14.82,134864,221962775.0,1.41,0.6,0.09,0.43
2024-05-20,600741,14.95,14.88,15.1,14.86,164501,271325901.0,1.6,-0.8,-0.12,0.52
2024-05-21,600741,14.86,14.84,14.9,14.73,129912,212374044.0,1.14,-0.27,-0.04,0.41
2024-05-22,600741,14.82,14.91,14.96,14.78,131057,215513616.0,1.21,0.47,0.07,0.42
2024-05-23,600741,14.9,14.69,14.9,14.65,126515,206037679.0,1.68,-1.48,-0.22,0.4
2024-05-24,600741,14.6,14.55,14.75,14.54,83342,134849740.0,1.43,-0.95,-0.14,0.26
2024-05-27,600741,14.61,14.56,14.63,14.45,91713,147238238.0,1.24,0.07,0.01,0.29
2024-05-28,600741,14.53,14.38,14.59,14.36,94467,151080440.0,1.58,-1.24,-0.18,0.3
2024-05-29,600741,14.37,14.52,14.52,14.37,92044,147379765.0,1.04,0.97,0.14,0.29
2024-05-30,600741,14.49,14.59,14.77,14.48,125492,203326540.0,2.0,0.48,0.07,0.4
2024-05-31,600741,14.61,14.52,14.73,14.51,96241,155384441.0,1.51,-0.48,-0.07,0.31
2024-06-03,600741,14.5,14.6,14.72,14.42,128220,206942924.0,2.07,0.55,0.08,0.41
2024-06-04,600741,14.55,14.79,14.79,14.52,154256,250773296.0,1.85,1.3,0.19,0.49
2024-06-05,600741,14.81,14.72,14.9,14.68,92432,150987934.0,1.49,-0.47,-0.07,0.29
2024-06-06,600741,14.7,14.64,14.77,14.55,103517,168055815.0,1.49,-0.54,-0.08,0.33
2024-06-07,600741,14.69,14.61,14.77,14.54,115859,187560634.0,1.57,-0.2,-0.03,0.37
2024-06-11,600741,14.55,14.39,14.58,14.25,146812,233254464.0,2.26,-1.51,-0.22,0.47
2024-06-12,600741,14.36,14.54,14.57,14.33,103914,166225714.0,1.67,1.04,0.15,0.33
2024-06-13,600741,14.42,14.06,14.45,14.06,168390,265024333.0,2.68,-3.3,-0.48,0.53
2024-06-14,600741,14.1,14.46,14.49,14.05,157391,249897400.0,3.13,2.84,0.4,0.5
2024-06-17,600741,14.45,14.56,14.72,14.38,109659,177159205.0,2.35,0.69,0.1,0.35
2024-06-18,600741,14.57,14.73,14.77,14.55,98159,159530244.0,1.51,1.17,0.17,0.31
2024-06-19,600741,14.74,14.62,14.74,14.62,73874,119799692.0,0.81,-0.75,-0.11,0.23
2024-06-20,600741,14.56,14.46,14.62,14.33,87675,140313850.0,1.98,-1.09,-0.16,0.28
2024-06-21,600741,14.35,14.63,14.63,14.35,72269,116250487.0,1.94,1.18,0.17,0.23
2024-06-24,600741,14.51,14.47,14.63,14.46,81036,130377528.0,1.16,-1.09,-0.16,0.26
2024-06-25,600741,14.47,14.73,14.77,14.47,150342,243752136.0,2.07,1.8,0.26,0.48
2024-06-26,600741,14.67,14.86,14.89,14.61,106405,173995701.0,1.9,0.88,0.13,0.34
2024-06-27,600741,14.85,14.79,14.86,14.69,83294,135966985.0,1.14,-0.47,-0.07,0.26
2024-06-28,600741,14.8,14.83,14.97,14.67,131431,215247042.0,2.03,0.27,0.04,0.42
2024-07-01,600741,14.75,14.53,14.8,14.4,146332,235052922.0,2.7,-2.02,-0.3,0.46
2024-07-02,600741,14.52,14.36,14.6,14.32,100472,160432189.0,1.93,-1.17,-0.17,0.32
2024-07-03,600741,14.34,14.12,14.42,14.07,151104,237272165.0,2.44,-1.67,-0.24,0.48
2024-07-04,600741,14.13,14.07,14.23,14.0,94306,147462670.0,1.63,-0.35,-0.05,0.3
2024-07-05,600741,14.05,14.1,14.13,13.84,100236,155508327.0,2.06,0.21,0.03,0.32
2024-07-08,600741,14.13,13.94,14.14,13.81,98656,152793028.0,2.34,-1.13,-0.16,0.31
2024-07-09,600741,13.87,14.18,14.21,13.86,106282,166010229.0,2.51,1.72,0.24,0.34
2024-07-10,600741,14.09,14.32,14.39,14.09,91550,145130583.0,2.12,0.99,0.14,0.29
2024-07-11,600741,14.37,14.33,14.54,14.28,159576,253717233.0,1.82,0.07,0.01,0.51
2024-07-12,600741,14.4,14.54,14.68,14.23,165191,252115199.0,3.14,1.47,0.21,0.52
2024-07-15,600741,14.57,14.6,14.75,14.52,119130,183605117.0,1.58,0.41,0.06,0.38
2024-07-16,600741,14.57,14.81,14.83,14.5,131034,203769228.0,2.26,1.44,0.21,0.42
2024-07-17,600741,14.83,14.89,14.95,14.71,119115,186576017.0,1.62,0.54,0.08,0.38
2024-07-18,600741,14.89,14.95,15.07,14.8,129876,204502491.0,1.81,0.4,0.06,0.41
2024-07-19,600741,15.11,14.83,15.11,14.75,124130,194728869.0,2.41,-0.8,-0.12,0.39
2024-07-22,600741,14.8,14.88,14.94,14.65,124193,193688501.0,1.96,0.34,0.05,0.39
2024-07-23,600741,14.88,14.73,14.99,14.69,143966,225381702.0,2.02,-1.01,-0.15,0.46
2024-07-24,600741,14.63,14.52,14.7,14.46,89367,137297755.0,1.63,-1.43,-0.21,0.28
2024-07-25,600741,14.5,14.68,14.74,14.43,75397,116469789.0,2.13,1.1,0.16,0.24
2024-07-26,600741,14.69,14.57,14.85,14.5,85205,131408883.0,2.38,-0.75,-0.11,0.27
2024-07-29,600741,14.7,14.51,14.7,14.49,73854,113428355.0,1.44,-0.41,-0.06,0.23
2024-07-30,600741,14.51,14.31,14.51,14.18,110674,166831916.0,2.27,-1.38,-0.2,0.35
2024-07-31,600741,14.28,14.79,14.81,14.26,129328,199847856.0,3.84,3.35,0.48,0.41
2024-08-01,600741,14.78,14.48,14.84,14.42,142809,219153887.0,2.84,-2.1,-0.31,0.45
2024-08-02,600741,14.39,14.5,14.55,14.36,72931,111439518.0,1.31,0.14,0.02,0.23
2024-08-05,600741,14.41,14.36,14.65,14.36,96053,146963934.0,2.0,-0.97,-0.14,0.3
2024-08-06,600741,14.48,14.21,14.5,14.08,116879,175635120.0,2.92,-1.04,-0.15,0.37
2024-08-07,600741,14.21,14.15,14.3,14.12,68504,102797373.0,1.27,-0.42,-0.06,0.22
2024-08-08,600741,14.1,14.18,14.24,14.03,81854,122316078.0,1.48,0.21,0.03,0.26
2024-08-09,600741,14.18,14.15,14.26,14.12,60382,90520376.0,0.99,-0.21,-0.03,0.19
2024-08-12,600741,14.02,13.92,14.1,13.86,102148,150805656.0,1.7,-1.63,-0.23,0.32
2024-08-13,600741,14.02,13.77,14.02,13.59,112644,164192095.0,3.09,-1.08,-0.15,0.36
2024-08-14,600741,13.72,13.52,13.8,13.5,92994,133926374.0,2.18,-1.82,-0.25,0.29
2024-08-15,600741,13.55,13.65,13.68,13.45,101764,146274433.0,1.7,0.96,0.13,0.32
2024-08-16,600741,13.63,13.31,13.68,13.24,130738,185761294.0,3.22,-2.49,-0.34,0.41
2024-08-19,600741,13.27,13.27,13.53,13.26,107400,152449315.0,2.03,-0.3,-0.04,0.34
2024-08-20,600741,13.32,12.86,13.34,12.78,178479,244744499.0,4.22,-3.09,-0.41,0.57
2024-08-21,600741,12.82,12.6,12.85,12.59,113675,153228285.0,2.02,-2.02,-0.26,0.36
2024-08-22,600741,12.6,12.5,12.7,12.37,129842,172905576.0,2.62,-0.79,-0.1,0.41
2024-08-23,600741,12.49,12.79,12.81,12.46,104880,141748623.0,2.8,2.32,0.29,0.33
2024-08-26,600741,12.79,12.81,12.84,12.63,79778,107948227.0,1.64,0.16,0.02,0.25
2024-08-27,600741,12.77,12.96,13.0,12.72,82005,112299073.0,2.19,1.17,0.15,0.26
2024-08-28,600741,12.96,12.8,13.0,12.71,75725,103058784.0,2.24,-1.23,-0.16,0.24
2024-08-29,600741,13.4,13.81,13.97,13.36,314297,457064551.0,4.77,7.89,1.01,1.0
2024-08-30,600741,13.78,13.95,14.05,13.72,166072,244762610.0,2.39,1.01,0.14,0.53
2024-09-02,600741,13.93,14.05,14.2,13.86,153715,229044794.0,2.44,0.72,0.1,0.49
2024-09-03,600741,14.04,14.44,14.48,14.02,150889,228686978.0,3.27,2.78,0.39,0.48
2024-09-04,600741,14.44,14.5,14.64,14.37,139541,214227319.0,1.87,0.42,0.06,0.44
2024-09-05,600741,14.43,14.66,14.71,14.43,139046,214625570.0,1.93,1.1,0.16,0.44
2024-09-06,600741,14.62,14.67,14.83,14.61,109297,170010458.0,1.5,0.07,0.01,0.35
2024-09-09,600741,14.67,14.66,14.82,14.55,169663,262875018.0,1.84,-0.07,-0.01,0.54
2024-09-10,600741,14.63,14.83,14.85,14.48,212518,329388548.0,2.52,1.16,0.17,0.67
2024-09-11,600741,14.78,14.9,15.12,14.75,148242,233776292.0,2.49,0.47,0.07,0.47
2024-09-12,600741,14.91,14.76,14.95,14.71,126389,197476098.0,1.61,-0.94,-0.14,0.4
2024-09-13,600741,14.79,14.79,14.85,14.64,104886,163218636.0,1.42,0.2,0.03,0.33
2024-09-18,600741,14.69,15.17,15.18,14.65,139429,220570925.0,3.58,2.57,0.38,0.44
2024-09-19,600741,15.21,15.25,15.36,15.14,136457,218846004.0,1.45,0.53,0.08,0.43
2024-09-20,600741,15.28,15.17,15.37,15.06,138244,220830187.0,2.03,-0.52,-0.08,0.44
2024-09-23,600741,15.19,15.06,15.35,14.99,119783,190653397.0,2.37,-0.73,-0.11,0.38
2024-09-24,600741,15.17,15.01,15.19,14.89,204399,322626356.0,1.99,-0.33,-0.05,0.65
2024-09-25,600741,15.13,15.04,15.55,15.0,181114,290776151.0,3.66,0.2,0.03,0.57
2024-09-26,600741,14.99,15.5,15.5,14.95,162310,260044619.0,3.66,3.06,0.46,0.51
2024-09-27,600741,15.84,15.99,16.05,15.75,111788,186741016.0,1.94,3.16,0.49,0.35
2024-09-30,600741,16.42,17.13,17.28,16.28,436417,766944608.0,6.25,7.13,1.14,1.38
2024-10-08,600741,18.9,17.59,18.9,17.05,522588,974832491.0,10.8,2.69,0.46,1.66
2024-10-09,600741,17.4,16.52,17.4,16.41,332179,585122424.0,5.63,-6.08,-1.07,1.05
2024-10-10,600741,16.52,16.49,16.94,16.17,255309,442212143.0,4.66,-0.18,-0.03,0.81
2024-10-11,600741,16.49,16.06,16.59,15.9,200158,339665065.0,4.18,-2.61,-0.43,0.63
2024-10-14,600741,16.1,16.35,16.38,15.95,210349,358143416.0,2.68,1.81,0.29,0.67
2024-10-15,600741,16.21,15.88,16.4,15.87,171799,291006140.0,3.24,-2.87,-0.47,0.54
2024-10-16,600741,15.73,15.87,15.95,15.58,143171,237786886.0,2.33,-0.06,-0.01,0.45
2024-10-17,600741,15.88,15.28,16.08,15.27,194824,318328895.0,5.1,-3.72,-0.59,0.62
2024-10-18,600741,15.27,15.47,15.69,15.17,240552,389952872.0,3.4,1.24,0.19,0.76
2024-10-21,600741,15.47,15.1,15.54,14.99,279604,444889102.0,3.56,-2.39,-0.37,0.89
2024-10-22,600741,15.1,15.29,15.4,15.0,190697,305884122.0,2.65,1.26,0.19,0.6
2024-10-23,600741,15.28,15.39,15.54,15.23,201093,325312746.0,2.03,0.65,0.1,0.64
2024-10-24,600741,15.4,15.29,15.45,15.17,144324,232040124.0,1.82,-0.65,-0.1,0.46
2024-10-25,600741,15.29,15.24,15.4,15.13,185143,297235694.0,1.77,-0.33,-0.05,0.59
2024-10-28,600741,15.22,15.31,15.35,15.08,204910,329095659.0,1.77,0.46,0.07,0.65
2024-10-29,600741,15.31,15.08,15.37,15.02,198116,316252628.0,2.29,-1.5,-0.23,0.63
2024-10-30,600741,14.98,14.7,15.04,14.66,244485,381080413.0,2.52,-2.52,-0.38,0.78
2024-10-31,600741,14.68,14.3,14.72,14.21,325221,492310486.0,3.47,-2.72,-0.4,1.03
2024-11-01,600741,14.21,14.4,14.48,14.16,258649,391483092.0,2.24,0.7,0.1,0.82
2024-11-04,600741,14.39,14.52,14.63,14.37,265127,404807328.0,1.81,0.83,0.12,0.84
2024-11-05,600741,14.52,14.94,15.01,14.37,380415,591078824.0,4.41,2.89,0.42,1.21
2024-11-06,600741,14.93,14.77,15.01,14.71,285738,447816612.0,2.01,-1.14,-0.17,0.91
2024-11-07,600741,14.9,15.4,15.4,14.88,388040,619941895.0,3.52,4.27,0.63,1.23
2024-11-08,600741,15.54,15.78,15.84,15.41,428330,704373188.0,2.79,2.47,0.38,1.36
2024-11-11,600741,15.7,15.9,15.9,15.49,329901,543587452.0,2.6,0.76,0.12,1.05
2024-11-12,600741,15.91,16.32,16.68,15.91,565924,963838895.0,4.84,2.64,0.42,1.8
2024-11-13,600741,16.2,17.22,17.34,16.2,776518,1381658348.0,6.99,5.51,0.9,2.46
2024-11-14,600741,16.92,16.04,16.97,15.97,556931,950841666.0,5.81,-6.85,-1.18,1.77
2024-11-15,600741,15.95,16.12,16.29,15.85,346908,585948850.0,2.74,0.5,0.08,1.1
2024-11-18,600741,16.43,16.51,17.14,16.43,491144,863420122.0,4.4,2.42,0.39,1.56
2024-11-19,600741,16.23,16.13,16.44,15.85,400358,678489065.0,3.57,-2.3,-0.38,1.27
2024-11-20,600741,16.02,16.1,16.26,15.89,246390,415222169.0,2.29,-0.19,-0.03,0.78
2024-11-21,600741,16.03,15.89,16.4,15.84,283813,479709053.0,3.48,-1.3,-0.21,0.9
2024-11-22,600741,15.98,15.51,15.99,15.49,199355,329755097.0,3.15,-2.39,-0.38,0.63
2024-11-25,600741,15.61,16.37,16.56,15.61,572644,975795116.0,6.13,5.54,0.86,1.82
2024-11-26,600741,16.21,16.03,16.37,15.94,207034,350193268.0,2.63,-2.08,-0.34,0.66
2024-11-27,600741,16.0,16.16,16.19,15.81,190235,320001665.0,2.37,0.81,0.13,0.6
2024-11-28,600741,16.1,16.09,16.21,15.89,189473,319234627.0,1.98,-0.43,-0.07,0.6
2024-11-29,600741,15.98,16.12,16.35,15.98,241615,409976262.0,2.3,0.19,0.03,0.77
2024-12-02,600741,16.1,16.34,16.5,15.82,361686,613994417.0,4.22,1.36,0.22,1.15
2024-12-03,600741,16.43,16.49,16.74,16.27,273593,474160676.0,2.88,0.92,0.15,0.87
2024-12-04,600741,16.4,16.33,16.67,16.16,196381,336572046.0,3.09,-0.97,-0.16,0.62
2024-12-05,600741,16.23,15.99,16.39,15.91,223598,376491425.0,2.94,-2.08,-0.34,0.71
2024-12-06,600741,15.99,16.1,16.15,15.89,149014,251169639.0,1.63,0.69,0.11,0.47
2024-12-09,600741,16.15,16.44,16.6,16.08,339812,586372795.0,3.23,2.11,0.34,1.08
2024-12-10,600741,16.75,16.41,16.9,16.37,276756,483958575.0,3.22,-0.18,-0.03,0.88
2024-12-11,600741,16.4,16.53,16.7,16.35,145783,252898664.0,2.13,0.73,0.12,0.46
2024-12-12,600741,16.53,16.55,16.61,16.42,151993,263317724.0,1.15,0.12,0.02,0.48
2024-12-13,600741,16.45,16.43,16.68,16.31,190364,328719719.0,2.24,-0.73,-0.12,0.6
2024-12-16,600741,16.41,16.41,16.57,16.24,179831,309774603.0,2.01,-0.12,-0.02,0.57
2024-12-17,600741,16.41,16.9,17.12,16.41,376162,664295567.0,4.33,2.99,0.49,1.19
2024-12-18,600741,16.99,17.09,17.17,16.79,222031,395955608.0,2.25,1.12,0.19,0.7
2024-12-19,600741,16.94,17.02,17.25,16.72,215456,383045272.0,3.1,-0.41,-0.07,0.68
2024-12-20,600741,17.02,16.72,17.04,16.61,179161,314735105.0,2.53,-1.76,-0.3,0.57
2024-12-23,600741,16.75,16.73,16.98,16.68,175075,308263193.0,1.79,0.06,0.01,0.56
2024-12-24,600741,16.73,16.79,16.85,16.58,110605,193828360.0,1.61,0.36,0.06,0.35
2024-12-25,600741,16.79,16.88,16.97,16.68,132561,234064604.0,1.73,0.54,0.09,0.42
2024-12-26,600741,16.86,17.07,17.15,16.77,163398,291303998.0,2.25,1.13,0.19,0.52
2024-12-27,600741,17.16,17.01,17.18,16.48,248940,437674813.0,4.1,-0.35,-0.06,0.79
2024-12-30,600741,16.9,17.12,17.21,16.79,267834,477522970.0,2.47,0.65,0.11,0.85
2024-12-31,600741,17.1,16.81,17.15,16.8,192013,340884539.0,2.04,-1.81,-0.31,0.61
2025-01-02,600741,16.78,16.38,16.99,16.23,197944,345117315.0,4.52,-2.56,-0.43,0.63
2025-01-03,600741,16.38,16.13,16.52,16.04,147256,251002858.0,2.93,-1.53,-0.25,0.47
2025-01-06,600741,16.1,16.1,16.31,15.96,111254,188301941.0,2.17,-0.19,-0.03,0.35
2025-01-07,600741,16.01,16.11,16.24,15.94,91990,155720244.0,1.86,0.06,0.01,0.29
2025-01-08,600741,16.01,15.84,16.08,15.52,125629,208494182.0,3.48,-1.68,-0.27,0.4
2025-01-09,600741,15.79,15.51,15.79,15.18,149472,244074861.0,3.85,-2.08,-0.33,0.47
2025-01-10,600741,15.61,15.31,15.66,15.31,89612,145920946.0,2.26,-1.29,-0.2,0.28
2025-01-13,600741,15.22,15.02,15.47,14.96,154214,245381838.0,3.33,-1.89,-0.29,0.49
2025-01-14,600741,15.0,15.47,15.59,14.96,142530,229477687.0,4.19,3.0,0.45,0.45
2025-01-15,600741,15.36,15.42,15.7,15.35,102904,167832437.0,2.26,-0.32,-0.05,0.33
2025-01-16,600741,15.6,15.46,15.63,15.36,73539,119743867.0,1.75,0.26,0.04,0.23
2025-01-17,600741,15.39,15.81,16.04,15.39,143455,238844483.0,4.2,2.26,0.35,0.46
2025-01-20,600741,15.93,15.7,16.02,15.67,80759,134028317.0,2.21,-0.7,-0.11,0.26
2025-01-21,600741,15.69,15.53,15.79,15.36,94124,153250463.0,2.74,-1.08,-0.17,0.3
2025-01-22,600741,15.64,15.43,15.64,15.27,91845,148668130.0,2.38,-0.64,-0.1,0.29
2025-01-23,600741,15.53,15.53,15.77,15.45,115933,190177840.0,2.07,0.65,0.1,0.37
2025-01-24,600741,15.4,15.8,15.88,15.4,93080,153744391.0,3.09,1.74,0.27,0.3
2025-01-27,600741,15.98,16.0,16.09,15.85,95620,160438318.0,1.52,1.27,0.2,0.3
2025-02-05,600741,16.0,15.63,16.04,15.6,104095,172362991.0,2.75,-2.31,-0.37,0.33
2025-02-06,600741,15.59,16.05,16.09,15.56,119399,198412125.0,3.39,2.69,0.42,0.38
2025-02-07,600741,16.13,17.14,17.38,16.02,396571,703304371.0,8.47,6.79,1.09,1.26
2025-02-10,600741,17.19,17.33,17.36,16.85,289634,521168083.0,2.98,1.11,0.19,0.92
2025-02-11,600741,17.38,16.85,17.38,16.7,206410,365290867.0,3.92,-2.77,-0.48,0.65
2025-02-12,600741,16.84,16.85,16.86,16.62,128974,226396571.0,1.42,0.0,0.0,0.41
2025-02-13,600741,16.87,16.6,16.98,16.6,127707,224521044.0,2.26,-1.48,-0.25,0.41
2025-02-14,600741,16.59,16.73,16.84,16.56,89395,156487555.0,1.69,0.78,0.13,0.28
2025-02-17,600741,16.81,16.56,16.86,16.4,138584,240163044.0,2.75,-1.02,-0.17,0.44
2025-02-18,600741,16.54,16.41,16.71,16.33,135159,233951541.0,2.29,-0.91,-0.15,0.43
2025-02-19,600741,16.43,16.7,16.74,16.39,118109,205587631.0,2.13,1.77,0.29,0.37
2025-02-20,600741,16.64,16.53,16.64,16.41,83361,144313059.0,1.38,-1.02,-0.17,0.26
2025-02-21,600741,16.53,16.68,16.75,16.44,147606,256854443.0,1.88,0.91,0.15,0.47
2025-02-24,600741,16.71,16.72,16.96,16.63,136485,239946197.0,1.98,0.24,0.04,0.43
2025-02-25,600741,16.63,16.91,17.18,16.45,156799,277867929.0,4.37,1.14,0.19,0.5
2025-02-26,600741,16.9,17.1,17.28,16.89,159311,285626020.0,2.31,1.12,0.19,0.51
2025-02-27,600741,17.1,17.67,17.82,17.01,300640,551082912.0,4.74,3.33,0.57,0.95
2025-02-28,600741,17.75,17.4,17.85,17.3,211817,388454190.0,3.11,-1.53,-0.27,0.67
2025-03-03,600741,17.5,16.84,17.51,16.79,169031,301644393.0,4.14,-3.22,-0.56,0.54
2025-03-04,600741,16.74,17.03,17.27,16.66,129573,230898658.0,3.62,1.13,0.19,0.41
2025-03-05,600741,17.03,16.96,17.15,16.82,89835,159504104.0,1.94,-0.41,-0.07,0.28
2025-03-06,600741,17.01,17.1,17.32,16.91,155891,279139561.0,2.42,0.83,0.14,0.49
2025-03-07,600741,17.05,17.02,17.23,16.8,116843,208459266.0,2.51,-0.47,-0.08,0.37
2025-03-10,600741,17.09,16.92,17.16,16.7,92546,163739065.0,2.7,-0.59,-0.1,0.29
2025-03-11,600741,16.79,16.79,16.87,16.57,132684,231930969.0,1.77,-0.77,-0.13,0.42
2025-03-12,600741,16.79,16.52,16.84,16.51,175534,306248272.0,1.97,-1.61,-0.27,0.56
2025-03-13,600741,16.57,16.43,16.7,16.4,124897,216524658.0,1.82,-0.54,-0.09,0.4
2025-03-14,600741,16.42,16.73,16.81,16.36,139284,243721160.0,2.74,1.83,0.3,0.44
2025-03-17,600741,16.79,17.02,17.23,16.7,150971,268416275.0,3.17,1.73,0.29,0.48
2025-03-18,600741,17.0,17.07,17.11,16.88,96890,172728736.0,1.35,0.29,0.05,0.31
2025-03-19,600741,17.12,17.19,17.3,16.95,126048,226363147.0,2.05,0.7,0.12,0.4
2025-03-20,600741,17.19,17.1,17.21,16.99,109661,196319497.0,1.28,-0.52,-0.09,0.35
2025-03-21,600741,17.12,17.04,17.38,16.95,190236,341490631.0,2.51,-0.35,-0.06,0.6
2025-03-24,600741,17.04,17.17,17.24,16.96,121902,218308189.0,1.64,0.76,0.13,0.39
2025-03-25,600741,17.13,17.09,17.2,17.0,71617,128086278.0,1.16,-0.47,-0.08,0.23
2025-03-26,600741,17.04,16.96,17.14,16.92,67684,120515421.0,1.29,-0.76,-0.13,0.21
2025-03-27,600741,16.94,16.96,17.16,16.76,119760,212561394.0,2.36,0.0,0.0,0.38
2025-03-28,600741,16.94,17.2,17.25,16.88,112787,201956093.0,2.18,1.42,0.24,0.36
2025-03-31,600741,17.19,17.26,17.4,17.08,145047,261983739.0,1.86,0.35,0.06,0.46
2025-04-01,600741,17.31,17.37,17.49,17.16,134864,244638025.0,1.91,0.64,0.11,0.43
2025-04-02,600741,17.38,17.17,17.46,17.04,118714,213173187.0,2.42,-1.15,-0.2,0.38
2025-04-03,600741,17.02,16.92,17.17,16.75,132510,234567042.0,2.45,-1.46,-0.25,0.42
2025-04-07,600741,16.17,15.94,16.58,15.62,325961,551487427.0,5.67,-5.79,-0.98,1.03
2025-04-08,600741,16.12,16.14,16.27,15.83,200934,338666723.0,2.76,1.25,0.2,0.64
2025-04-09,600741,16.02,15.77,16.08,15.63,185682,308077407.0,2.79,-2.29,-0.37,0.59
2025-04-10,600741,15.99,15.94,16.28,15.86,138564,233268335.0,2.66,1.08,0.17,0.44
2025-04-11,600741,15.85,16.04,16.16,15.82,84631,142385967.0,2.13,0.63,0.1,0.27
2025-04-14,600741,16.21,15.87,16.28,15.72,191688,319926200.0,3.49,-1.06,-0.17,0.61
2025-04-15,600741,15.9,16.04,16.16,15.78,167641,280822820.0,2.39,1.07,0.17,0.53
2025-04-16,600741,15.96,15.92,15.98,15.75,113208,188339912.0,1.43,-0.75,-0.12,0.36
2025-04-17,600741,15.81,15.77,15.85,15.71,81702,135395392.0,0.88,-0.94,-0.15,0.26
2025-04-18,600741,15.73,15.84,15.9,15.7,72703,120737142.0,1.27,0.44,0.07,0.23
2025-04-21,600741,15.8,15.6,15.83,15.43,165297,270830958.0,2.53,-1.52,-0.24,0.52
2025-04-22,600741,15.51,15.52,15.7,15.48,132500,216842407.0,1.41,-0.51,-0.08,0.42
2025-04-23,600741,15.56,15.59,15.67,15.36,195164,318532076.0,2.0,0.45,0.07,0.62
2025-04-24,600741,15.55,15.68,15.92,15.51,210811,349794955.0,2.63,0.58,0.09,0.67
2025-04-25,600741,15.77,15.87,15.92,15.65,97091,161373780.0,1.72,1.21,0.19,0.31
2025-04-28,600741,15.95,15.8,16.05,15.73,113941,189987406.0,2.02,-0.44,-0.07,0.36
2025-04-29,600741,15.88,16.2,16.26,15.72,170119,287284405.0,3.42,2.53,0.4,0.54
2025-04-30,600741,16.22,17.0,17.04,16.16,236223,414911567.0,5.43,4.94,0.8,0.75
2025-05-06,600741,17.05,16.96,17.08,16.7,188874,334318097.0,2.24,-0.24,-0.04,0.6
2025-05-07,600741,17.08,17.06,17.25,16.91,148034,264763726.0,2.0,0.59,0.1,0.47
2025-05-08,600741,17.03,17.32,17.34,16.99,137624,247928974.0,2.05,1.52,0.26,0.44
2025-05-09,600741,17.27,17.33,17.53,17.18,124227,225479984.0,2.02,0.06,0.01,0.39
2025-05-12,600741,17.41,17.53,17.7,17.4,162648,299379542.0,1.73,1.15,0.2,0.52
2025-05-13,600741,17.59,17.76,17.85,17.46,168634,313114229.0,2.22,1.31,0.23,0.53
2025-05-14,600741,17.76,17.75,17.8,17.58,115925,214390604.0,1.24,-0.06,-0.01,0.37
2025-05-15,600741,17.72,17.8,17.95,17.68,88403,164670363.0,1.52,0.28,0.05,0.28
2025-05-16,600741,17.75,17.7,17.9,17.56,119050,220610779.0,1.91,-0.56,-0.1,0.38
2025-05-19,600741,17.7,17.8,17.9,17.66,99868,185588273.0,1.36,0.56,0.1,0.32
2025-05-20,600741,17.81,17.85,17.93,17.68,92599,172404993.0,1.4,0.28,0.05,0.29
2025-05-21,600741,17.85,18.1,18.19,17.81,89676,169214495.0,2.13,1.4,0.25,0.28
2025-05-22,600741,18.1,18.25,18.33,18.01,82494,156778844.0,1.77,0.83,0.15,0.26
2025-05-23,600741,18.25,18.01,18.37,18.0,89345,169327825.0,2.03,-1.32,-0.24,0.28
2025-05-26,600741,18.01,17.59,18.07,17.45,155078,286527501.0,3.44,-2.33,-0.42,0.49
2025-05-27,600741,17.54,17.21,17.67,17.16,114531,207832023.0,2.9,-2.16,-0.38,0.36
2025-05-28,600741,17.28,17.06,17.35,17.04,78223,140574296.0,1.8,-0.87,-0.15,0.25
2025-05-29,600741,17.12,17.12,17.34,17.07,97808,175957471.0,1.58,0.35,0.06,0.31
2025-05-30,600741,17.11,17.3,17.34,17.05,103375,186030522.0,1.69,1.05,0.18,0.33
2025-06-03,600741,17.12,17.13,17.16,16.72,117005,208446242.0,2.54,-0.98,-0.17,0.37
2025-06-04,600741,17.12,17.03,17.15,16.9,76138,135641397.0,1.46,-0.58,-0.1,0.24
2025-06-05,600741,17.04,17.13,17.16,16.96,75809,135542421.0,1.17,0.59,0.1,0.24
2025-06-06,600741,17.09,16.99,17.2,16.94,67845,121090646.0,1.52,-0.82,-0.14,0.22
2025-06-09,600741,17.03,16.99,17.18,16.88,86453,153897552.0,1.77,0.0,0.0,0.27
2025-06-10,600741,16.99,16.81,17.12,16.77,87182,154609892.0,2.06,-1.06,-0.18,0.28
2025-06-11,600741,16.88,17.12,17.4,16.87,136781,246467697.0,3.15,1.84,0.31,0.43
2025-06-12,600741,17.05,17.32,17.38,17.0,102206,184083819.0,2.22,1.17,0.2,0.32
2025-06-13,600741,17.21,17.11,17.38,17.05,157913,284475791.0,1.91,-1.21,-0.21,0.5
2025-06-16,600741,17.15,17.23,17.34,17.15,93219,168391623.0,1.11,0.7,0.12,0.3
2025-06-17,600741,17.18,17.13,17.34,17.07,68939,123837505.0,1.57,-0.58,-0.1,0.22
2025-06-18,600741,17.08,16.95,17.18,16.95,70970,126536831.0,1.34,-1.05,-0.18,0.23
2025-06-19,600741,16.95,16.93,17.04,16.84,80939,143439591.0,1.18,-0.12,-0.02,0.26
2025-06-20,600741,16.92,16.92,17.06,16.87,61437,109072328.0,1.12,-0.06,-0.01,0.19
2025-06-23,600741,16.86,16.88,17.04,16.74,83657,147928451.0,1.77,-0.24,-0.04,0.27
2025-06-24,600741,16.93,17.36,17.37,16.93,114438,206918272.0,2.61,2.84,0.48,0.36
2025-06-25,600741,17.35,17.29,17.39,17.19,92518,167381599.0,1.15,-0.4,-0.07,0.29
2025-06-26,600741,17.31,17.08,17.38,17.05,99116,178311259.0,1.91,-1.21,-0.21,0.31
2025-06-27,600741,17.24,17.07,17.35,17.05,114061,205217795.0,1.76,-0.06,-0.01,0.36
2025-06-30,600741,17.05,16.85,17.15,16.76,152538,269479315.0,2.28,-1.29,-0.22,0.48
2025-07-01,600741,16.86,16.96,17.02,16.83,100398,178122940.0,1.13,0.65,0.11,0.32
2025-07-02,600741,16.97,16.97,17.09,16.94,114267,203364102.0,0.88,0.06,0.01,0.36
2025-07-03,600741,17.01,17.01,17.13,16.97,107753,192302240.0,0.94,0.24,0.04,0.34
2025-07-04,600741,17.03,17.19,17.27,16.95,135833,244182783.0,1.88,1.06,0.18,0.43
2025-07-07,600741,17.21,17.39,17.45,17.15,107231,194427148.0,1.75,1.16,0.2,0.34
2025-07-08,600741,17.41,17.65,17.7,17.37,127599,234611585.0,1.9,1.5,0.26,0.4
2025-07-09,600741,17.7,17.49,17.71,17.45,84104,154424944.0,1.47,-0.91,-0.16,0.27
2025-07-10,600741,17.48,17.55,17.59,17.36,71469,130573491.0,1.32,0.34,0.06,0.23
2025-07-11,600741,17.57,17.48,17.63,17.45,80157,147080391.0,1.03,-0.4,-0.07,0.25
2025-07-14,600741,17.54,17.74,17.81,17.33,128809,237706649.0,2.75,1.49,0.26,0.41
2025-07-15,600741,17.7,17.65,17.9,17.58,70197,129930544.0,1.8,-0.51,-0.09,0.22
2025-07-16,600741,17.67,17.72,17.8,17.61,63326,117200634.0,1.08,0.4,0.07,0.2
2025-07-17,600741,17.72,17.77,17.8,17.63,67674,125399540.0,0.96,0.28,0.05,0.21
2025-07-18,600741,17.76,17.53,17.85,17.45,126695,232888563.0,2.25,-1.35,-0.24,0.4
2025-07-21,600741,17.59,18.04,18.07,17.58,166472,310724545.0,2.8,2.91,0.51,0.53
2025-07-22,600741,18.05,18.33,18.35,17.96,119319,226387711.0,2.16,1.61,0.29,0.38
2025-07-23,600741,18.36,18.0,18.41,18.0,113834,215800358.0,2.24,-1.8,-0.33,0.36
2025-07-24,600741,18.03,18.01,18.16,17.94,111328,209453855.0,1.22,0.06,0.01,0.35
2025-07-25,600741,18.1,18.04,18.28,17.99,101151,182931589.0,1.61,0.17,0.03,0.32
2025-07-28,600741,18.1,18.06,18.3,17.97,101390,183485690.0,1.83,0.11,0.02,0.32
2025-07-29,600741,18.0,18.19,18.2,17.81,95563,172151107.0,2.16,0.72,0.13,0.3
2025-07-30,600741,18.2,18.15,18.3,18.06,74613,135624727.0,1.32,-0.22,-0.04,0.24
2025-07-31,600741,18.07,17.58,18.07,17.53,128073,226778548.0,2.98,-3.14,-0.57,0.41
2025-08-01,600741,17.72,17.6,17.78,17.46,85682,150903741.0,1.82,0.11,0.02,0.27
2025-08-04,600741,17.53,17.51,17.62,17.4,87191,152510309.0,1.25,-0.51,-0.09,0.28
2025-08-05,600741,17.58,17.93,17.98,17.52,108589,193600401.0,2.63,2.4,0.42,0.34
2025-08-06,600741,17.93,18.02,18.05,17.78,82171,147412359.0,1.51,0.5,0.09,0.26
2025-08-07,600741,18.03,17.9,18.14,17.83,61286,110149884.0,1.72,-0.67,-0.12,0.19
2025-08-08,600741,17.94,17.97,18.11,17.88,49364,88800952.0,1.28,0.39,0.07,0.16
2025-08-11,600741,18.07,18.17,18.28,18.0,92317,167852231.0,1.56,1.11,0.2,0.29
2025-08-12,600741,18.18,18.1,18.38,18.08,78604,143195799.0,1.65,-0.39,-0.07,0.25
2025-08-13,600741,18.19,18.24,18.36,18.11,97899,178524650.0,1.38,0.77,0.14,0.31
2025-08-14,600741,18.34,18.04,18.38,17.99,81126,147033815.0,2.14,-1.1,-0.2,0.26
2025-08-15,600741,18.01,18.3,18.4,18.0,121764,222550735.0,2.22,1.44,0.26,0.39
2025-08-18,600741,18.35,18.31,18.48,18.28,105996,194637570.0,1.09,0.05,0.01,0.34
2025-08-19,600741,18.31,18.04,18.34,17.93,129813,234431772.0,2.24,-1.47,-0.27,0.41
2025-08-20,600741,18.04,18.9,19.0,17.95,266268,496021092.0,5.82,4.77,0.86,0.84
2025-08-21,600741,18.89,18.67,18.9,18.52,124335,232258601.0,2.01,-1.22,-0.23,0.39
2025-08-22,600741,18.72,18.79,18.88,18.45,164507,307156046.0,2.3,0.64,0.12,0.52
2025-08-25,600741,18.8,18.9,18.92,18.61,188871,354345330.0,1.65,0.59,0.11,0.6
2025-08-26,600741,18.87,18.7,18.9,18.57,145133,271481778.0,1.75,-1.06,-0.2,0.46
2025-08-27,600741,18.71,18.24,18.8,18.23,211396,390976221.0,3.05,-2.46,-0.46,0.67
2025-08-28,600741,19.88,18.8,20.06,18.4,1035572,2008442864.0,9.1,3.07,0.56,3.28
2025-08-29,600741,18.85,19.15,19.45,18.82,695686,1337629212.0,3.35,1.86,0.35,2.21
2025-09-01,600741,19.5,19.56,20.17,19.27,627343,1235813965.0,4.7,2.14,0.41,1.99
2025-09-02,600741,19.57,19.89,20.25,19.38,409105,813174391.0,4.45,1.69,0.33,1.3
2025-09-03,600741,20.12,20.8,21.28,20.12,523079,1081861526.0,5.83,4.58,0.91,1.66
2025-09-04,600741,21.0,20.08,21.02,19.76,463360,940484906.0,6.06,-3.46,-0.72,1.47
2025-09-05,600741,20.0,20.75,20.85,19.96,391978,804885603.0,4.43,3.34,0.67,1.24
2025-09-08,600741,21.54,20.76,21.54,20.61,541607,1132966329.0,4.48,0.05,0.01,1.72
2025-09-09,600741,20.65,21.15,21.54,20.63,432297,914424318.0,4.38,1.88,0.39,1.37
2025-09-10,600741,21.2,20.76,21.38,20.55,327855,683578774.0,3.92,-1.84,-0.39,1.04
2025-09-11,600741,20.6,20.77,20.79,20.33,338445,695965829.0,2.22,0.05,0.01,1.07
2025-09-12,600741,20.77,20.31,20.82,20.27,245690,502762485.0,2.65,-2.21,-0.46,0.78
2025-09-15,600741,20.31,20.14,20.51,20.06,262207,531385163.0,2.22,-0.84,-0.17,0.83
2025-09-16,600741,20.15,19.95,20.32,19.82,248253,495302011.0,2.48,-0.94,-0.19,0.79
2025-09-17,600741,19.95,20.26,20.3,19.75,243056,489226886.0,2.76,1.55,0.31,0.77
2025-09-18,600741,20.26,19.95,20.55,19.76,280319,565730130.0,3.9,-1.53,-0.31,0.89
2025-09-19,600741,19.98,20.06,20.22,19.83,200931,403213457.0,1.95,0.55,0.11,0.64
2025-09-22,600741,20.07,20.44,20.48,19.98,276089,561156381.0,2.49,1.89,0.38,0.88
2025-09-23,600741,20.38,20.28,20.55,19.95,185793,375750854.0,2.94,-0.78,-0.16,0.59
2025-09-24,600741,20.35,20.1,20.35,19.77,246142,492861184.0,2.86,-0.89,-0.18,0.78
2025-09-25,600741,20.08,20.02,20.32,19.82,239106,478104717.0,2.49,-0.4,-0.08,0.76
2025-09-26,600741,20.1,20.38,21.05,19.92,378479,777777601.0,5.64,1.8,0.36,1.2
2025-09-29,600741,20.58,20.45,20.77,20.24,268970,548485422.0,2.6,0.34,0.07,0.85
2025-09-30,600741,20.45,20.5,20.63,20.34,192893,394898881.0,1.42,0.24,0.05,0.61
2025-10-09,600741,21.0,21.28,21.34,20.59,397143,837714121.0,3.66,3.8,0.78,1.26
2025-10-10,600741,21.38,20.79,21.54,20.74,269100,566709604.0,3.76,-2.3,-0.49,0.85
2025-10-13,600741,20.02,20.07,20.35,20.0,284676,573735366.0,1.68,-3.46,-0.72,0.9
2025-10-14,600741,20.18,19.65,20.35,19.53,276296,548406821.0,4.09,-2.09,-0.42,0.88
2025-10-15,600741,19.7,20.04,20.07,19.59,172521,342261863.0,2.44,1.98,0.39,0.55
2025-10-16,600741,20.01,19.82,20.02,19.71,129723,257447988.0,1.55,-1.1,-0.22,0.41
2025-10-17,600741,19.8,19.51,20.33,19.44,249600,493862533.0,4.49,-1.56,-0.31,0.79
2025-10-20,600741,19.69,19.4,19.73,19.35,138070,268705727.0,1.95,-0.56,-0.11,0.44
2025-10-21,600741,19.43,19.61,19.75,19.4,123253,242058052.0,1.8,1.08,0.21,0.39
2025-10-22,600741,19.6,19.61,19.86,19.55,99086,194847493.0,1.58,0.0,0.0,0.31
2025-10-23,600741,19.56,19.65,19.69,19.35,110041,214828719.0,1.73,0.2,0.04,0.35
2025-10-24,600741,19.65,19.9,19.94,19.65,74060,146953471.0,1.48,1.27,0.25,0.23
